data_hora;posto;modelo;serie;resultado;vazamento;limite;unidade;motivo;turno;reteste
2026-07-28 22:20:33;Bloco;1.5;USI100022;OK;1,07;5;cc/min;;2;N
2026-07-28 22:21:09;Bloco;1.5 Turbo;USI100019;OK;3,11;5;cc/min;;2;N
2026-07-28 22:23:24;Leak Zero;1.5 Turbo;MON105563;OK;1,72;3;cc/min;;2;N
2026-07-28 22:24:28;Water Leak;1.5;MON107925;OK;4,12;6;cc/min;;2;N
2026-07-28 22:24:30;Water Leak;1.5 Turbo;MON107939;OK;2,07;6;cc/min;;2;N
2026-07-28 22:25:15;Bloco;1.5 Turbo;USI100024;OK;0,93;5;cc/min;;2;N
2026-07-28 22:25:29;Cabeçote;1.5 Turbo;USI102781;OK;2,60;4;cc/min;;2;N
2026-07-28 22:27:53;Leak Zero;1.5;MON105554;OK;1,37;3;cc/min;;2;N
2026-07-28 22:30:15;Bloco;1.5;USI100025;OK;2,23;5;cc/min;;2;N
2026-07-28 22:30:34;Bloco;1.0;USI100017;OK;3,42;5;cc/min;;2;N
2026-07-28 22:31:39;Cabeçote;1.5 Turbo;USI102785;OK;2,66;4;cc/min;;2;N
2026-07-28 22:31:52;Leak Zero;1.5 Turbo;MON105540;OK;2,00;3;cc/min;;2;N
2026-07-28 22:32:10;Bloco;1.0;USI100028;OK;2,21;5;cc/min;;2;N
2026-07-28 22:32:44;Leak Zero;1.5 Turbo;MON105543;OK;1,60;3;cc/min;;2;N
2026-07-28 22:32:55;Leak Zero;1.0;MON105546;OK;1,07;3;cc/min;;2;N
2026-07-28 22:34:36;Water Leak;1.5;MON107938;OK;1,84;6;cc/min;;2;N
2026-07-28 22:35:11;Leak Zero;1.5 Turbo;MON105553;OK;0,90;3;cc/min;;2;N
2026-07-28 22:35:23;Leak Zero;1.0;MON105562;OK;0,54;3;cc/min;;2;N
2026-07-28 22:35:51;Leak Zero;1.5;MON105558;OK;1,92;3;cc/min;;2;N
2026-07-28 22:36:09;Bloco;1.5 Turbo;USI100007;OK;3,27;5;cc/min;;2;N
2026-07-28 22:38:48;Bloco;1.0;USI100030;OK;2,91;5;cc/min;;2;N
2026-07-28 22:39:07;Leak Zero;1.5;MON105551;OK;1,76;3;cc/min;;2;N
2026-07-28 22:39:18;Water Leak;1.5;MON107936;OK;2,43;6;cc/min;;2;N
2026-07-28 22:39:30;Cabeçote;1.5 Turbo;USI102777;OK;2,37;4;cc/min;;2;N
2026-07-28 22:40:25;Cabeçote;1.5 Turbo;USI102776;OK;0,67;4;cc/min;;3;N
2026-07-28 22:40:55;Bloco;1.0;USI100001;OK;1,71;5;cc/min;;3;N
2026-07-28 22:41:36;Leak Zero;1.5;MON105550;OK;1,73;3;cc/min;;3;N
2026-07-28 22:42:45;Cabeçote;1.0;USI102786;OK;2,29;4;cc/min;;3;N
2026-07-28 22:43:01;Bloco;1.5 Turbo;USI100012;OK;3,47;5;cc/min;;3;N
2026-07-28 22:43:37;Cabeçote;1.5;USI102774;OK;2,02;4;cc/min;;3;N
2026-07-28 22:43:45;Bloco;1.5 Turbo;USI100020;OK;2,02;5;cc/min;;3;N
2026-07-28 22:44:02;Bloco;1.0;USI100008;OK;1,33;5;cc/min;;3;N
2026-07-28 22:45:41;Water Leak;1.0;MON107923;OK;1,84;6;cc/min;;3;N
2026-07-28 22:46:17;Water Leak;1.0;MON107937;OK;3,86;6;cc/min;;3;N
2026-07-28 22:47:00;Bloco;1.0;USI100004;OK;1,83;5;cc/min;;3;N
2026-07-28 22:47:24;Cabeçote;1.5;USI102778;OK;1,08;4;cc/min;;3;N
2026-07-28 22:49:00;Bloco;1.5 Turbo;USI100027;OK;1,59;5;cc/min;;3;N
2026-07-28 22:49:10;Bloco;1.5;USI100023;OK;2,90;5;cc/min;;3;N
2026-07-28 22:49:35;Water Leak;1.5;MON107940;OK;3,54;6;cc/min;;3;N
2026-07-28 22:50:20;Bloco;1.5;USI100018;OK;3,71;5;cc/min;;3;N
2026-07-28 22:51:05;Bloco;1.5;USI100016;OK;3,56;5;cc/min;;3;N
2026-07-28 22:51:20;Bloco;1.5;USI100009;OK;2,36;5;cc/min;;3;N
2026-07-28 22:52:02;Leak Zero;1.0;MON105557;OK;1,04;3;cc/min;;3;N
2026-07-28 22:52:13;Cabeçote;1.5;USI102779;OK;0,63;4;cc/min;;3;N
2026-07-28 22:53:06;Bloco;1.5 Turbo;USI100011;OK;2,43;5;cc/min;;3;N
2026-07-28 22:54:37;Cabeçote;1.5;USI102787;OK;2,82;4;cc/min;;3;N
2026-07-28 22:54:44;Water Leak;1.5 Turbo;MON107932;OK;1,80;6;cc/min;;3;N
2026-07-28 22:56:07;Water Leak;1.5 Turbo;MON107922;OK;2,81;6;cc/min;;3;N
2026-07-28 22:56:53;Cabeçote;1.5;USI102788;OK;1,63;4;cc/min;;3;N
2026-07-28 22:57:02;Bloco;1.5;USI100006;OK;3,69;5;cc/min;;3;N
2026-07-28 22:57:18;Bloco;1.5 Turbo;USI100002;OK;2,08;5;cc/min;;3;N
2026-07-28 22:58:28;Water Leak;1.0;MON107928;OK;1,09;6;cc/min;;3;N
2026-07-28 22:58:52;Bloco;1.5 Turbo;USI100005;OK;2,02;5;cc/min;;3;N
2026-07-28 22:59:09;Water Leak;1.0;MON107927;OK;1,81;6;cc/min;;3;N
2026-07-28 22:59:27;Leak Zero;1.5;MON105542;OK;2,18;3;cc/min;;3;N
2026-07-28 23:02:34;Bloco;1.0;USI100015;NOK;6,97;5;cc/min;Bujão de expansão;3;N
2026-07-28 23:02:37;Leak Zero;1.5;MON105547;OK;1,94;3;cc/min;;3;N
2026-07-28 23:03:06;Bloco;1.5;USI100026;OK;2,55;5;cc/min;;3;N
2026-07-28 23:03:08;Bloco;1.5 Turbo;USI100014;OK;1,91;5;cc/min;;3;N
2026-07-28 23:03:21;Cabeçote;1.5 Turbo;USI102790;OK;3,00;4;cc/min;;3;N
2026-07-28 23:03:48;Leak Zero;1.5 Turbo;MON105541;OK;0,75;3;cc/min;;3;N
2026-07-28 23:04:11;Leak Zero;1.5 Turbo;MON105544;OK;0,53;3;cc/min;;3;N
2026-07-28 23:04:19;Leak Zero;1.0;MON105549;OK;1,14;3;cc/min;;3;N
2026-07-28 23:04:41;Bloco;1.5;USI100021;OK;1,75;5;cc/min;;3;N
2026-07-28 23:04:56;Water Leak;1.5;MON107933;OK;4,19;6;cc/min;;3;N
2026-07-28 23:05:16;Water Leak;1.0;MON107934;OK;1,77;6;cc/min;;3;N
2026-07-28 23:06:29;Cabeçote;1.0;USI102783;OK;1,92;4;cc/min;;3;N
2026-07-28 23:07:05;Cabeçote;1.5 Turbo;USI102772;OK;0,95;4;cc/min;;3;N
2026-07-28 23:08:01;Water Leak;1.5 Turbo;MON107929;OK;3,03;6;cc/min;;3;N
2026-07-28 23:08:06;Water Leak;1.5;MON107931;OK;1,87;6;cc/min;;3;N
2026-07-28 23:08:15;Cabeçote;1.5 Turbo;USI102782;OK;2,71;4;cc/min;;3;N
2026-07-28 23:08:35;Water Leak;1.5 Turbo;MON107930;OK;2,66;6;cc/min;;3;N
2026-07-28 23:08:48;Cabeçote;1.5 Turbo;USI102780;OK;1,77;4;cc/min;;3;N
2026-07-28 23:08:50;Bloco;1.5;USI100029;OK;2,38;5;cc/min;;3;N
2026-07-28 23:11:10;Water Leak;1.0;MON107941;OK;3,58;6;cc/min;;3;N
2026-07-28 23:11:15;Cabeçote;1.5 Turbo;USI102775;OK;2,08;4;cc/min;;3;N
2026-07-28 23:11:52;Cabeçote;1.0;USI102789;OK;2,65;4;cc/min;;3;N
2026-07-28 23:12:24;Water Leak;1.0;MON107926;OK;4,39;6;cc/min;;3;N
2026-07-28 23:12:59;Water Leak;1.5 Turbo;MON107924;OK;4,18;6;cc/min;;3;N
2026-07-28 23:13:18;Bloco;1.0;USI100013;OK;1,26;5;cc/min;;3;N
2026-07-28 23:13:54;Leak Zero;1.5 Turbo;MON105560;OK;0,46;3;cc/min;;3;N
2026-07-28 23:14:07;Cabeçote;1.0;USI102771;OK;1,73;4;cc/min;;3;N
2026-07-28 23:14:09;Cabeçote;1.0;USI102784;OK;2,92;4;cc/min;;3;N
2026-07-28 23:14:11;Leak Zero;1.0;MON105545;OK;1,44;3;cc/min;;3;N
2026-07-28 23:14:17;Leak Zero;1.5;MON105556;OK;1,96;3;cc/min;;3;N
2026-07-28 23:14:26;Bloco;1.0;USI100010;OK;2,25;5;cc/min;;3;N
2026-07-28 23:14:42;Cabeçote;1.5 Turbo;USI102773;OK;2,02;4;cc/min;;3;N
2026-07-28 23:14:54;Leak Zero;1.5;MON105559;OK;1,63;3;cc/min;;3;N
2026-07-28 23:15:39;Leak Zero;1.5 Turbo;MON105555;OK;1,11;3;cc/min;;3;N
2026-07-28 23:17:37;Water Leak;1.5 Turbo;MON107935;OK;2,53;6;cc/min;;3;N
2026-07-28 23:17:39;Leak Zero;1.5;MON105552;OK;1,49;3;cc/min;;3;N
2026-07-28 23:17:51;Leak Zero;1.5;MON105548;OK;1,38;3;cc/min;;3;N
2026-07-28 23:18:15;Leak Zero;1.5;MON105561;OK;0,99;3;cc/min;;3;N
2026-07-28 23:19:51;Bloco;1.5 Turbo;USI100003;OK;2,03;5;cc/min;;3;N
2026-07-28 23:20:15;Leak Zero;1.0;MON105580;OK;0,58;3;cc/min;;3;N
2026-07-28 23:21:05;Water Leak;1.5 Turbo;MON107959;OK;3,68;6;cc/min;;3;N
2026-07-28 23:21:37;Cabeçote;1.0;USI102791;OK;2,17;4;cc/min;;3;N
2026-07-28 23:23:24;Cabeçote;1.5 Turbo;USI102812;OK;2,29;4;cc/min;;3;N
2026-07-28 23:24:28;Cabeçote;1.5;USI102809;OK;2,75;4;cc/min;;3;N
2026-07-28 23:24:34;Bloco;1.0;USI100015;OK;2,50;5;cc/min;;3;S
2026-07-28 23:25:28;Water Leak;1.0;MON107949;OK;4,17;6;cc/min;;3;N
2026-07-28 23:26:09;Bloco;1.0;USI100042;OK;2,48;5;cc/min;;3;N
2026-07-28 23:26:09;Leak Zero;1.0;MON105565;OK;1,49;3;cc/min;;3;N
2026-07-28 23:26:44;Water Leak;1.5;MON107957;OK;1,22;6;cc/min;;3;N
2026-07-28 23:27:46;Bloco;1.0;USI100050;OK;2,22;5;cc/min;;3;N
2026-07-28 23:27:46;Leak Zero;1.0;MON105573;OK;1,33;3;cc/min;;3;N
2026-07-28 23:28:46;Water Leak;1.5;MON107951;OK;3,96;6;cc/min;;3;N
2026-07-28 23:29:20;Bloco;1.5;USI100046;OK;1,71;5;cc/min;;3;N
2026-07-28 23:29:20;Leak Zero;1.5;MON105569;OK;1,02;3;cc/min;;3;N
2026-07-28 23:29:49;Water Leak;1.5;MON107945;OK;0,90;6;cc/min;;3;N
2026-07-28 23:31:11;Bloco;1.0;USI100034;OK;3,39;5;cc/min;;3;N
2026-07-28 23:32:42;Bloco;1.5;USI100047;OK;2,06;5;cc/min;;3;N
2026-07-28 23:32:42;Leak Zero;1.5;MON105570;OK;1,23;3;cc/min;;3;N
2026-07-28 23:34:04;Bloco;1.0;USI100039;OK;3,14;5;cc/min;;3;N
2026-07-28 23:34:07;Water Leak;1.5;MON107948;OK;3,72;6;cc/min;;3;N
2026-07-28 23:34:45;Cabeçote;1.0;USI102818;OK;2,23;4;cc/min;;3;N
2026-07-28 23:34:58;Water Leak;1.0;MON107946;OK;3,46;6;cc/min;;3;N
2026-07-28 23:35:07;Cabeçote;1.5;USI102816;OK;2,16;4;cc/min;;3;N
2026-07-28 23:35:23;Cabeçote;1.0;USI102811;OK;0,73;4;cc/min;;3;N
2026-07-28 23:35:55;Bloco;1.5;USI100041;OK;3,15;5;cc/min;;3;N
2026-07-28 23:35:55;Leak Zero;1.5;MON105564;OK;1,89;3;cc/min;;3;N
2026-07-28 23:35:59;Bloco;1.5 Turbo;USI100048;OK;1,47;5;cc/min;;3;N
2026-07-28 23:35:59;Leak Zero;1.5 Turbo;MON105571;OK;0,88;3;cc/min;;3;N
2026-07-28 23:36:15;Cabeçote;1.5;USI102804;OK;2,82;4;cc/min;;3;N
2026-07-28 23:36:16;Cabeçote;1.5;USI102815;OK;2,88;4;cc/min;;3;N
2026-07-28 23:37:40;Bloco;1.5 Turbo;USI100052;OK;3,48;5;cc/min;;3;N
2026-07-28 23:37:40;Leak Zero;1.5 Turbo;MON105575;OK;2,09;3;cc/min;;3;N
2026-07-28 23:39:39;Water Leak;1.5;MON107944;OK;2,08;6;cc/min;;3;N
2026-07-28 23:39:41;Cabeçote;1.0;USI102803;OK;0,91;4;cc/min;;3;N
2026-07-28 23:39:45;Leak Zero;1.5;MON105579;OK;1,21;3;cc/min;;3;N
2026-07-28 23:40:17;Bloco;1.5 Turbo;USI100051;OK;3,30;5;cc/min;;3;N
2026-07-28 23:40:17;Leak Zero;1.5 Turbo;MON105574;OK;1,98;3;cc/min;;3;N
2026-07-28 23:41:03;Water Leak;1.5;MON107943;OK;4,27;6;cc/min;;3;N
2026-07-28 23:41:33;Bloco;1.5 Turbo;USI100044;OK;3,00;5;cc/min;;3;N
2026-07-28 23:41:33;Leak Zero;1.5 Turbo;MON105567;OK;1,80;3;cc/min;;3;N
2026-07-28 23:43:37;Bloco;1.0;USI100038;OK;2,67;5;cc/min;;3;N
2026-07-28 23:43:37;Leak Zero;1.5;MON105585;OK;1,52;3;cc/min;;3;N
2026-07-28 23:43:42;Water Leak;1.0;MON107955;OK;2,82;6;cc/min;;3;N
2026-07-28 23:45:41;Cabeçote;1.0;USI102807;OK;1,23;4;cc/min;;3;N
2026-07-28 23:45:48;Water Leak;1.5 Turbo;MON107961;OK;1,59;6;cc/min;;3;N
2026-07-28 23:46:41;Bloco;1.5;USI100033;OK;2,03;5;cc/min;;3;N
2026-07-28 23:46:58;Cabeçote;1.5;USI102796;OK;2,30;4;cc/min;;3;N
2026-07-28 23:47:56;Cabeçote;1.5;USI102805;OK;2,76;4;cc/min;;3;N
2026-07-28 23:49:31;Cabeçote;1.0;USI102814;OK;2,09;4;cc/min;;3;N
2026-07-28 23:50:45;Cabeçote;1.5 Turbo;USI102797;OK;2,91;4;cc/min;;3;N
2026-07-28 23:51:21;Leak Zero;1.0;MON105577;OK;1,52;3;cc/min;;3;N
2026-07-28 23:52:10;Water Leak;1.5 Turbo;MON107962;OK;2,25;6;cc/min;;3;N
2026-07-28 23:53:58;Bloco;1.0;USI100049;OK;0,97;5;cc/min;;3;N
2026-07-28 23:53:58;Leak Zero;1.0;MON105572;OK;0,58;3;cc/min;;3;N
2026-07-28 23:54:13;Water Leak;1.5 Turbo;MON107942;OK;2,77;6;cc/min;;3;N
2026-07-28 23:54:51;Water Leak;1.0;MON107953;OK;2,06;6;cc/min;;3;N
2026-07-28 23:55:30;Water Leak;1.5 Turbo;MON107963;OK;2,97;6;cc/min;;3;N
2026-07-28 23:55:32;Cabeçote;1.5;USI102793;OK;2,36;4;cc/min;;3;N
2026-07-28 23:55:32;Water Leak;1.0;MON107956;OK;3,82;6;cc/min;;3;N
2026-07-28 23:55:43;Cabeçote;1.0;USI102813;OK;2,29;4;cc/min;;3;N
2026-07-28 23:55:43;Water Leak;1.5;MON107947;OK;4,14;6;cc/min;;3;N
2026-07-28 23:55:46;Bloco;1.5 Turbo;USI100031;OK;2,14;5;cc/min;;3;N
2026-07-28 23:56:07;Cabeçote;1.5 Turbo;USI102806;OK;1,87;4;cc/min;;3;N
2026-07-28 23:56:12;Cabeçote;1.0;USI102794;OK;2,76;4;cc/min;;3;N
2026-07-28 23:56:15;Water Leak;1.5 Turbo;MON107964;OK;3,10;6;cc/min;;3;N
2026-07-28 23:56:19;Bloco;1.5 Turbo;USI100035;OK;0,97;5;cc/min;;3;N
2026-07-28 23:56:20;Water Leak;1.5 Turbo;MON107954;OK;2,53;6;cc/min;;3;N
2026-07-28 23:56:34;Bloco;1.0;USI100045;OK;3,62;5;cc/min;;3;N
2026-07-28 23:56:34;Leak Zero;1.0;MON105568;OK;2,17;3;cc/min;;3;N
2026-07-28 23:58:55;Bloco;1.0;USI100043;OK;2,99;5;cc/min;;3;N
2026-07-28 23:58:55;Leak Zero;1.0;MON105566;OK;1,79;3;cc/min;;3;N
2026-07-28 23:59:29;Bloco;1.5 Turbo;USI100036;OK;3,36;5;cc/min;;3;N
2026-07-29 00:00:27;Water Leak;1.5;MON107965;OK;4,00;6;cc/min;;3;N
2026-07-29 00:01:31;Bloco;1.5 Turbo;USI100032;OK;2,55;5;cc/min;;3;N
2026-07-29 00:01:36;Cabeçote;1.5 Turbo;USI102800;OK;1,36;4;cc/min;;3;N
2026-07-29 00:02:48;Leak Zero;1.0;MON105581;OK;1,53;3;cc/min;;3;N
2026-07-29 00:02:54;Cabeçote;1.5;USI102798;OK;2,37;4;cc/min;;3;N
2026-07-29 00:03:02;Cabeçote;1.5 Turbo;USI102801;OK;2,90;4;cc/min;;3;N
2026-07-29 00:05:50;Cabeçote;1.5 Turbo;USI102792;OK;1,10;4;cc/min;;3;N
2026-07-29 00:05:51;Bloco;1.0;USI100053;OK;3,65;5;cc/min;;3;N
2026-07-29 00:05:51;Leak Zero;1.0;MON105576;OK;2,19;3;cc/min;;3;N
2026-07-29 00:07:05;Leak Zero;1.5 Turbo;MON105583;OK;0,71;3;cc/min;;3;N
2026-07-29 00:08:06;Cabeçote;1.5;USI102802;OK;1,20;4;cc/min;;3;N
2026-07-29 00:08:37;Water Leak;1.5;MON107952;OK;2,12;6;cc/min;;3;N
2026-07-29 00:09:52;Water Leak;1.5;MON107950;OK;2,31;6;cc/min;;3;N
2026-07-29 00:10:56;Water Leak;1.5;MON107960;OK;4,14;6;cc/min;;3;N
2026-07-29 00:12:24;Cabeçote;1.0;USI102810;NOK;11,37;4;cc/min;Guia de válvula;3;N
2026-07-29 00:12:36;Cabeçote;1.5;USI102795;OK;1,11;4;cc/min;;3;N
2026-07-29 00:12:59;Cabeçote;1.5 Turbo;USI102808;OK;2,79;4;cc/min;;3;N
2026-07-29 00:14:07;Leak Zero;1.0;MON105582;OK;1,29;3;cc/min;;3;N
2026-07-29 00:14:42;Leak Zero;1.5 Turbo;MON105584;OK;1,52;3;cc/min;;3;N
2026-07-29 00:14:59;Cabeçote;1.5;USI102817;OK;1,16;4;cc/min;;3;N
2026-07-29 00:15:05;Water Leak;1.5 Turbo;MON107958;OK;3,78;6;cc/min;;3;N
2026-07-29 00:16:18;Leak Zero;1.5 Turbo;MON105578;OK;1,52;3;cc/min;;3;N
2026-07-29 00:16:53;Bloco;1.5;USI100040;OK;3,17;5;cc/min;;3;N
2026-07-29 00:19:09;Bloco;1.5 Turbo;USI100037;OK;2,70;5;cc/min;;3;N
2026-07-29 00:19:28;Cabeçote;1.5;USI102799;OK;1,46;4;cc/min;;3;N
2026-07-29 00:20:15;Cabeçote;1.0;USI102829;OK;0,78;4;cc/min;;3;N
2026-07-29 00:22:16;Water Leak;1.5 Turbo;MON107973;OK;2,73;6;cc/min;;3;N
2026-07-29 00:22:57;Leak Zero;1.5 Turbo;MON105605;OK;0,95;3;cc/min;;3;N
2026-07-29 00:24:17;Bloco;1.0;USI100072;OK;2,35;5;cc/min;;3;N
2026-07-29 00:24:17;Leak Zero;1.0;MON105595;OK;1,41;3;cc/min;;3;N
2026-07-29 00:24:33;Bloco;1.5 Turbo;USI100058;OK;1,45;5;cc/min;;3;N
2026-07-29 00:24:52;Bloco;1.5 Turbo;USI100054;OK;1,72;5;cc/min;;3;N
2026-07-29 00:25:14;Bloco;1.5 Turbo;USI100077;OK;1,34;5;cc/min;;3;N
2026-07-29 00:25:14;Leak Zero;1.5 Turbo;MON105600;OK;0,80;3;cc/min;;3;N
2026-07-29 00:25:29;Cabeçote;1.5 Turbo;USI102841;OK;2,60;4;cc/min;;3;N
2026-07-29 00:27:46;Cabeçote;1.0;USI102822;OK;1,78;4;cc/min;;3;N
2026-07-29 00:28:03;Bloco;1.5 Turbo;USI100057;OK;2,53;5;cc/min;;3;N
2026-07-29 00:30:20;Bloco;1.5 Turbo;USI100079;OK;2,45;5;cc/min;;3;N
2026-07-29 00:30:20;Leak Zero;1.5 Turbo;MON105602;OK;1,47;3;cc/min;;3;N
2026-07-29 00:30:23;Bloco;1.5 Turbo;USI100059;OK;1,02;5;cc/min;;3;N
2026-07-29 00:32:42;Cabeçote;1.5;USI102819;OK;1,64;4;cc/min;;3;N
2026-07-29 00:34:11;Bloco;1.5 Turbo;USI100071;OK;2,03;5;cc/min;;3;N
2026-07-29 00:34:11;Leak Zero;1.5 Turbo;MON105594;OK;1,22;3;cc/min;;3;N
2026-07-29 00:34:24;Cabeçote;1.0;USI102810;OK;2,00;4;cc/min;;3;S
2026-07-29 00:35:08;Bloco;1.5;USI100074;OK;2,55;5;cc/min;;3;N
2026-07-29 00:35:08;Leak Zero;1.5;MON105597;OK;1,53;3;cc/min;;3;N
2026-07-29 00:35:59;Cabeçote;1.5 Turbo;USI102820;OK;1,18;4;cc/min;;3;N
2026-07-29 00:36:50;Water Leak;1.0;MON107972;OK;2,51;6;cc/min;;3;N
2026-07-29 00:37:40;Cabeçote;1.5 Turbo;USI102824;OK;2,78;4;cc/min;;3;N
2026-07-29 00:38:04;Water Leak;1.5;MON107976;OK;3,39;6;cc/min;;3;N
2026-07-29 00:39:30;Cabeçote;1.5 Turbo;USI102837;OK;2,37;4;cc/min;;3;N
2026-07-29 00:39:45;Cabeçote;1.5;USI102828;OK;1,61;4;cc/min;;3;N
2026-07-29 00:40:17;Cabeçote;1.5 Turbo;USI102823;OK;2,64;4;cc/min;;3;N
2026-07-29 00:40:25;Cabeçote;1.5 Turbo;USI102836;OK;0,67;4;cc/min;;3;N
2026-07-29 00:40:36;Water Leak;1.0;MON107979;OK;2,07;6;cc/min;;3;N
2026-07-29 00:40:49;Leak Zero;1.5;MON105607;OK;1,33;3;cc/min;;3;N
2026-07-29 00:43:21;Bloco;1.5 Turbo;USI100062;OK;3,17;5;cc/min;;3;N
2026-07-29 00:43:37;Cabeçote;1.5;USI102834;OK;2,02;4;cc/min;;3;N
2026-07-29 00:44:05;Bloco;1.5;USI100075;OK;2,76;5;cc/min;;3;N
2026-07-29 00:44:05;Leak Zero;1.5;MON105598;OK;1,66;3;cc/min;;3;N
2026-07-29 00:47:01;Bloco;1.0;USI100056;OK;1,49;5;cc/min;;3;N
2026-07-29 00:47:24;Cabeçote;1.5;USI102838;OK;1,08;4;cc/min;;3;N
2026-07-29 00:48:14;Bloco;1.5;USI100066;OK;2,52;5;cc/min;;3;N
2026-07-29 00:48:14;Leak Zero;1.5;MON105589;OK;1,51;3;cc/min;;3;N
2026-07-29 00:48:32;Water Leak;1.5 Turbo;MON107978;OK;3,78;6;cc/min;;3;N
2026-07-29 00:49:38;Water Leak;1.5 Turbo;MON107974;OK;3,46;6;cc/min;;3;N
2026-07-29 00:50:41;Water Leak;1.5 Turbo;MON107975;OK;4,46;6;cc/min;;3;N
2026-07-29 00:51:00;Leak Zero;1.5 Turbo;MON105609;OK;0,99;3;cc/min;;3;N
2026-07-29 00:51:21;Cabeçote;1.0;USI102826;OK;2,03;4;cc/min;;3;N
2026-07-29 00:52:13;Cabeçote;1.5;USI102839;OK;0,63;4;cc/min;;3;N
2026-07-29 00:53:06;Leak Zero;1.5;MON105606;OK;0,51;3;cc/min;;3;N
2026-07-29 00:53:35;Water Leak;1.0;MON107977;OK;3,47;6;cc/min;;3;N
2026-07-29 00:53:58;Cabeçote;1.0;USI102821;OK;0,77;4;cc/min;;3;N
2026-07-29 00:54:13;Water Leak;1.0;MON107969;OK;3,02;6;cc/min;;3;N
2026-07-29 00:55:27;Bloco;1.5 Turbo;USI100076;OK;0,90;5;cc/min;;3;N
2026-07-29 00:55:27;Leak Zero;1.5 Turbo;MON105599;OK;0,54;3;cc/min;;3;N
2026-07-29 00:55:46;Water Leak;1.5 Turbo;MON107981;OK;2,57;6;cc/min;;3;N
2026-07-29 00:57:07;Bloco;1.5 Turbo;USI100067;OK;1,08;5;cc/min;;3;N
2026-07-29 00:57:07;Leak Zero;1.5 Turbo;MON105590;OK;0,65;3;cc/min;;3;N
2026-07-29 00:58:32;Leak Zero;1.5;MON105604;OK;1,77;3;cc/min;;3;N
2026-07-29 01:00:37;Water Leak;1.0;MON107980;OK;1,87;6;cc/min;;3;N
2026-07-29 01:01:15;Bloco;1.0;USI100068;OK;3,50;5;cc/min;;3;N
2026-07-29 01:01:15;Leak Zero;1.0;MON105591;OK;2,10;3;cc/min;;3;N
2026-07-29 01:01:31;Water Leak;1.5 Turbo;MON107982;OK;3,06;6;cc/min;;3;N
2026-07-29 01:02:48;Cabeçote;1.0;USI102830;OK;2,05;4;cc/min;;3;N
2026-07-29 01:03:01;Bloco;1.0;USI100064;OK;2,56;5;cc/min;;3;N
2026-07-29 01:03:01;Leak Zero;1.0;MON105587;OK;1,54;3;cc/min;;3;N
2026-07-29 01:03:25;Water Leak;1.5;MON107968;OK;3,64;6;cc/min;;3;N
2026-07-29 01:03:41;Bloco;1.5;USI100065;OK;1,93;5;cc/min;;3;N
2026-07-29 01:03:41;Leak Zero;1.5;MON105588;OK;1,16;3;cc/min;;3;N
2026-07-29 01:04:11;Water Leak;1.5 Turbo;MON107971;OK;4,05;6;cc/min;;3;N
2026-07-29 01:04:50;Bloco;1.5 Turbo;USI100060;OK;3,23;5;cc/min;;3;N
2026-07-29 01:05:51;Cabeçote;1.0;USI102825;OK;2,92;4;cc/min;;3;N
2026-07-29 01:06:23;Water Leak;1.5 Turbo;MON107970;OK;3,06;6;cc/min;;3;N
2026-07-29 01:07:05;Bloco;1.5 Turbo;USI100070;OK;3,29;5;cc/min;;3;N
2026-07-29 01:07:05;Cabeçote;1.5 Turbo;USI102832;OK;0,95;4;cc/min;;3;N
2026-07-29 01:07:05;Leak Zero;1.5 Turbo;MON105593;OK;1,97;3;cc/min;;3;N
2026-07-29 01:08:12;Bloco;1.5;USI100063;OK;2,48;5;cc/min;;3;N
2026-07-29 01:08:12;Leak Zero;1.5;MON105586;OK;1,49;3;cc/min;;3;N
2026-07-29 01:08:15;Cabeçote;1.5 Turbo;USI102842;OK;2,71;4;cc/min;;3;N
2026-07-29 01:08:48;Cabeçote;1.5 Turbo;USI102840;OK;1,77;4;cc/min;;3;N
2026-07-29 01:09:52;Leak Zero;1.5 Turbo;MON105608;OK;1,37;3;cc/min;;3;N
2026-07-29 01:11:15;Cabeçote;1.5 Turbo;USI102835;OK;2,08;4;cc/min;;3;N
2026-07-29 01:11:27;Water Leak;1.0;MON107966;OK;4,17;6;cc/min;;3;N
2026-07-29 01:13:08;Bloco;1.5;USI100073;OK;2,52;5;cc/min;;3;N
2026-07-29 01:13:08;Leak Zero;1.5;MON105596;OK;1,51;3;cc/min;;3;N
2026-07-29 01:13:15;Bloco;1.0;USI100055;OK;1,23;5;cc/min;;3;N
2026-07-29 01:13:47;Bloco;1.5 Turbo;USI100069;OK;0,80;5;cc/min;;3;N
2026-07-29 01:13:47;Leak Zero;1.5 Turbo;MON105592;OK;0,48;3;cc/min;;3;N
2026-07-29 01:14:07;Cabeçote;1.0;USI102831;OK;1,73;4;cc/min;;3;N
2026-07-29 01:14:42;Cabeçote;1.5 Turbo;USI102833;OK;2,02;4;cc/min;;3;N
2026-07-29 01:14:44;Bloco;1.5 Turbo;USI100078;NOK;12,05;5;cc/min;Galeria de água;3;N
2026-07-29 01:14:44;Leak Zero;1.5 Turbo;MON105601;NOK;7,23;3;cc/min;Junta do cabeçote;3;N
2026-07-29 01:15:23;Bloco;1.5;USI100061;OK;1,18;5;cc/min;;3;N
2026-07-29 01:16:18;Cabeçote;1.5 Turbo;USI102827;OK;2,02;4;cc/min;;3;N
2026-07-29 01:17:55;Leak Zero;1.5;MON105603;OK;1,84;3;cc/min;;3;N
2026-07-29 01:20:07;Water Leak;1.5 Turbo;MON107967;OK;0,99;6;cc/min;;3;N
2026-07-29 01:22:57;Cabeçote;1.5 Turbo;USI102854;OK;1,27;4;cc/min;;3;N
2026-07-29 01:23:24;Bloco;1.5 Turbo;USI100099;OK;2,86;5;cc/min;;3;N
2026-07-29 01:23:24;Water Leak;1.5 Turbo;MON107989;OK;3,44;6;cc/min;;3;N
2026-07-29 01:24:17;Cabeçote;1.0;USI102844;OK;1,88;4;cc/min;;3;N
2026-07-29 01:24:28;Bloco;1.5;USI100096;OK;3,44;5;cc/min;;3;N
2026-07-29 01:24:28;Leak Zero;1.5;MON105619;OK;2,06;3;cc/min;;3;N
2026-07-29 01:25:14;Cabeçote;1.5 Turbo;USI102849;OK;1,07;4;cc/min;;3;N
2026-07-29 01:30:20;Cabeçote;1.5 Turbo;USI102851;OK;1,96;4;cc/min;;3;N
2026-07-29 01:34:11;Cabeçote;1.5 Turbo;USI102843;OK;1,63;4;cc/min;;3;N
2026-07-29 01:34:45;Bloco;1.0;USI100105;OK;2,79;5;cc/min;;3;N
2026-07-29 01:34:45;Water Leak;1.0;MON107995;OK;3,35;6;cc/min;;3;N
2026-07-29 01:35:07;Bloco;1.5;USI100103;OK;2,69;5;cc/min;;3;N
2026-07-29 01:35:07;Water Leak;1.5;MON107993;OK;3,23;6;cc/min;;3;N
2026-07-29 01:35:08;Cabeçote;1.5;USI102846;OK;2,04;4;cc/min;;3;N
2026-07-29 01:35:19;Cabeçote;1.0;USI102863;OK;2,02;4;cc/min;;3;N
2026-07-29 01:35:23;Bloco;1.0;USI100098;OK;0,91;5;cc/min;;3;N
2026-07-29 01:35:23;Water Leak;1.0;MON107988;OK;1,09;6;cc/min;;3;N
2026-07-29 01:35:51;Water Leak;1.5;MON107984;OK;3,83;6;cc/min;;3;N
2026-07-29 01:35:55;Bloco;1.0;USI100109;OK;3,09;5;cc/min;;3;N
2026-07-29 01:35:55;Water Leak;1.0;MON107999;OK;3,71;6;cc/min;;3;N
2026-07-29 01:36:15;Bloco;1.5;USI100091;OK;3,52;5;cc/min;;3;N
2026-07-29 01:36:15;Leak Zero;1.5;MON105614;OK;2,11;3;cc/min;;3;N
2026-07-29 01:36:16;Bloco;1.5;USI100102;OK;3,60;5;cc/min;;3;N
2026-07-29 01:36:16;Water Leak;1.5;MON107992;OK;4,32;6;cc/min;;3;N
2026-07-29 01:39:39;Water Leak;1.5;MON108000;OK;3,02;6;cc/min;;3;N
2026-07-29 01:39:41;Bloco;1.0;USI100090;OK;1,14;5;cc/min;;3;N
2026-07-29 01:39:41;Leak Zero;1.0;MON105613;OK;0,68;3;cc/min;;3;N
2026-07-29 01:39:43;Cabeçote;1.5 Turbo;USI102867;OK;2,05;4;cc/min;;3;N
2026-07-29 01:40:49;Cabeçote;1.5;USI102856;OK;1,78;4;cc/min;;3;N
2026-07-29 01:42:04;Cabeçote;1.5;USI102865;OK;1,66;4;cc/min;;3;N
2026-07-29 01:43:11;Cabeçote;1.5 Turbo;USI102859;OK;1,94;4;cc/min;;3;N
2026-07-29 01:44:05;Cabeçote;1.5;USI102847;OK;2,21;4;cc/min;;3;N
2026-07-29 01:45:41;Bloco;1.0;USI100094;OK;1,53;5;cc/min;;3;N
2026-07-29 01:45:41;Bloco;1.0;USI100107;OK;1,01;5;cc/min;;3;N
2026-07-29 01:45:41;Leak Zero;1.0;MON105617;OK;0,92;3;cc/min;;3;N
2026-07-29 01:45:41;Water Leak;1.0;MON107997;OK;1,21;6;cc/min;;3;N
2026-07-29 01:46:58;Bloco;1.5;USI100083;OK;2,87;5;cc/min;;3;N
2026-07-29 01:47:19;Bloco;1.0;USI100106;OK;2,45;5;cc/min;;3;N
2026-07-29 01:47:19;Water Leak;1.0;MON107996;OK;2,94;6;cc/min;;3;N
2026-07-29 01:47:56;Bloco;1.5;USI100092;OK;3,46;5;cc/min;;3;N
2026-07-29 01:47:56;Leak Zero;1.5;MON105615;OK;2,07;3;cc/min;;3;N
2026-07-29 01:49:31;Bloco;1.0;USI100101;OK;2,62;5;cc/min;;3;N
2026-07-29 01:49:31;Water Leak;1.0;MON107991;OK;3,14;6;cc/min;;3;N
2026-07-29 01:50:45;Bloco;1.5 Turbo;USI100084;OK;3,63;5;cc/min;;3;N
2026-07-29 01:50:59;Cabeçote;1.5;USI102864;OK;2,25;4;cc/min;;3;N
2026-07-29 01:51:00;Cabeçote;1.5 Turbo;USI102858;OK;1,32;4;cc/min;;3;N
2026-07-29 01:52:02;Water Leak;1.0;MON107983;OK;2,07;6;cc/min;;3;N
2026-07-29 01:53:06;Cabeçote;1.5;USI102855;OK;0,68;4;cc/min;;3;N
2026-07-29 01:54:44;Leak Zero;1.5 Turbo;MON105626;OK;0,90;3;cc/min;;3;N
2026-07-29 01:54:55;Cabeçote;1.0;USI102862;OK;2,22;4;cc/min;;3;N
2026-07-29 01:55:27;Cabeçote;1.5 Turbo;USI102848;OK;0,72;4;cc/min;;3;N
2026-07-29 01:55:32;Bloco;1.5;USI100080;OK;2,95;5;cc/min;;3;N
2026-07-29 01:55:43;Bloco;1.0;USI100100;OK;2,86;5;cc/min;;3;N
2026-07-29 01:55:43;Water Leak;1.0;MON107990;OK;3,44;6;cc/min;;3;N
2026-07-29 01:56:07;Bloco;1.5 Turbo;USI100093;OK;2,34;5;cc/min;;3;N
2026-07-29 01:56:07;Leak Zero;1.5 Turbo;MON105616;OK;1,41;3;cc/min;;3;N
2026-07-29 01:56:12;Bloco;1.0;USI100081;OK;3,45;5;cc/min;;3;N
2026-07-29 01:58:28;Leak Zero;1.0;MON105622;OK;0,55;3;cc/min;;3;N
2026-07-29 01:58:32;Cabeçote;1.5;USI102853;OK;2,36;4;cc/min;;3;N
2026-07-29 01:59:09;Leak Zero;1.0;MON105621;OK;0,91;3;cc/min;;3;N
2026-07-29 01:59:35;Cabeçote;1.5 Turbo;USI102869;OK;2,96;4;cc/min;;3;N
2026-07-29 02:01:36;Bloco;1.5 Turbo;USI100087;OK;1,70;5;cc/min;;3;N
2026-07-29 02:01:36;Leak Zero;1.5 Turbo;MON105610;OK;1,02;3;cc/min;;3;N
2026-07-29 02:02:54;Bloco;1.5;USI100085;OK;2,96;5;cc/min;;3;N
2026-07-29 02:02:57;Cabeçote;1.5 Turbo;USI102860;OK;1,73;4;cc/min;;3;N
2026-07-29 02:03:02;Bloco;1.5 Turbo;USI100088;OK;3,62;5;cc/min;;3;N
2026-07-29 02:03:02;Leak Zero;1.5 Turbo;MON105611;OK;2,17;3;cc/min;;3;N
2026-07-29 02:03:56;Cabeçote;1.5 Turbo;USI102861;OK;1,42;4;cc/min;;3;N
2026-07-29 02:04:09;Water Leak;1.0;MON108001;OK;1,72;6;cc/min;;3;N
2026-07-29 02:04:54;Water Leak;1.5 Turbo;MON108002;OK;2,94;6;cc/min;;3;N
2026-07-29 02:04:56;Leak Zero;1.5;MON105627;OK;2,09;3;cc/min;;3;N
2026-07-29 02:05:16;Leak Zero;1.0;MON105628;OK;0,89;3;cc/min;;3;N
2026-07-29 02:08:01;Leak Zero;1.5 Turbo;MON105623;OK;1,52;3;cc/min;;3;N
2026-07-29 02:08:06;Bloco;1.5;USI100089;OK;1,50;5;cc/min;;3;N
2026-07-29 02:08:06;Leak Zero;1.5;MON105612;OK;0,90;3;cc/min;;3;N
2026-07-29 02:08:06;Leak Zero;1.5;MON105625;OK;0,93;3;cc/min;;3;N
2026-07-29 02:08:35;Leak Zero;1.5 Turbo;MON105624;OK;1,33;3;cc/min;;3;N
2026-07-29 02:09:04;Cabeçote;1.0;USI102868;OK;2,17;4;cc/min;;3;N
2026-07-29 02:09:27;Bloco;1.5;USI100108;OK;2,04;5;cc/min;;3;N
2026-07-29 02:09:27;Water Leak;1.5;MON107998;OK;2,45;6;cc/min;;3;N
2026-07-29 02:09:52;Cabeçote;1.5 Turbo;USI102857;OK;1,82;4;cc/min;;3;N
2026-07-29 02:10:32;Cabeçote;1.5;USI102866;OK;1,04;4;cc/min;;3;N
2026-07-29 02:12:24;Bloco;1.0;USI100097;NOK;14,21;5;cc/min;Face de fogo;3;N
2026-07-29 02:12:24;Leak Zero;1.0;MON105620;OK;2,19;3;cc/min;;3;N
2026-07-29 02:12:36;Bloco;1.5;USI100082;OK;1,39;5;cc/min;;3;N
2026-07-29 02:12:59;Bloco;1.5 Turbo;USI100095;OK;3,49;5;cc/min;;3;N
2026-07-29 02:12:59;Leak Zero;1.5 Turbo;MON105618;OK;2,09;3;cc/min;;3;N
2026-07-29 02:13:08;Cabeçote;1.5;USI102845;OK;2,01;4;cc/min;;3;N
2026-07-29 02:13:54;Water Leak;1.5 Turbo;MON107986;OK;0,92;6;cc/min;;3;N
2026-07-29 02:14:44;Cabeçote;1.5 Turbo;USI102850;NOK;9,64;4;cc/min;Câmara de combustão;3;N
2026-07-29 02:14:54;Water Leak;1.5;MON107985;OK;3,26;6;cc/min;;3;N
2026-07-29 02:14:59;Bloco;1.5;USI100104;OK;1,45;5;cc/min;;3;N
2026-07-29 02:14:59;Water Leak;1.5;MON107994;OK;1,73;6;cc/min;;3;N
2026-07-29 02:17:37;Leak Zero;1.5 Turbo;MON105629;OK;1,26;3;cc/min;;3;N
2026-07-29 02:17:55;Cabeçote;1.5;USI102852;OK;2,45;4;cc/min;;3;N
2026-07-29 02:18:15;Water Leak;1.5;MON107987;OK;1,98;6;cc/min;;3;N
2026-07-29 02:19:28;Bloco;1.5;USI100086;OK;1,82;5;cc/min;;3;N
2026-07-29 02:20:15;Bloco;1.0;USI100116;OK;0,97;5;cc/min;;3;N
2026-07-29 02:20:15;Water Leak;1.0;MON108006;OK;1,17;6;cc/min;;3;N
2026-07-29 02:24:30;Cabeçote;1.5 Turbo;USI102882;OK;1,38;4;cc/min;;3;N
2026-07-29 02:25:22;Leak Zero;1.0;MON105631;OK;1,46;3;cc/min;;3;N
2026-07-29 02:25:28;Leak Zero;1.0;MON105643;OK;2,09;3;cc/min;;3;N
2026-07-29 02:25:29;Bloco;1.5 Turbo;USI100128;OK;3,25;5;cc/min;;3;N
2026-07-29 02:25:29;Water Leak;1.5 Turbo;MON108018;OK;3,90;6;cc/min;;3;N
2026-07-29 02:28:46;Leak Zero;1.5;MON105645;OK;1,98;3;cc/min;;3;N
2026-07-29 02:29:49;Leak Zero;1.5;MON105639;OK;0,45;3;cc/min;;3;N
2026-07-29 02:31:39;Bloco;1.5 Turbo;USI100132;OK;3,32;5;cc/min;;3;N
2026-07-29 02:33:49;Leak Zero;1.5 Turbo;MON105635;OK;1,82;3;cc/min;;3;N
2026-07-29 02:34:07;Leak Zero;1.5;MON105642;OK;1,86;3;cc/min;;3;N
2026-07-29 02:34:24;Bloco;1.0;USI100097;OK;2,50;5;cc/min;;3;S
2026-07-29 02:34:36;Cabeçote;1.5;USI102881;OK;1,23;4;cc/min;;3;N
2026-07-29 02:34:58;Leak Zero;1.0;MON105640;OK;1,73;3;cc/min;;3;N
2026-07-29 02:37:40;Bloco;1.5 Turbo;USI100111;OK;3,48;5;cc/min;;3;N
2026-07-29 02:39:18;Cabeçote;1.5;USI102879;OK;1,62;4;cc/min;;3;N
2026-07-29 02:39:30;Bloco;1.5 Turbo;USI100124;OK;2,96;5;cc/min;;3;N
2026-07-29 02:39:30;Water Leak;1.5 Turbo;MON108014;OK;3,56;6;cc/min;;3;N
2026-07-29 02:39:39;Leak Zero;1.5;MON105638;OK;1,04;3;cc/min;;3;N
2026-07-29 02:39:45;Bloco;1.5;USI100115;OK;2,01;5;cc/min;;3;N
2026-07-29 02:39:45;Water Leak;1.5;MON108005;OK;2,42;6;cc/min;;3;N
2026-07-29 02:40:17;Bloco;1.5 Turbo;USI100110;OK;3,30;5;cc/min;;3;N
2026-07-29 02:40:25;Bloco;1.5 Turbo;USI100123;OK;0,83;5;cc/min;;3;N
2026-07-29 02:40:25;Water Leak;1.5 Turbo;MON108013;OK;1,00;6;cc/min;;3;N
2026-07-29 02:41:03;Leak Zero;1.5;MON105637;OK;2,13;3;cc/min;;3;N
2026-07-29 02:42:45;Bloco;1.0;USI100133;OK;2,86;5;cc/min;;3;N
2026-07-29 02:43:37;Bloco;1.5;USI100121;OK;2,53;5;cc/min;;3;N
2026-07-29 02:43:37;Water Leak;1.5;MON108011;OK;3,04;6;cc/min;;3;N
2026-07-29 02:46:04;Leak Zero;1.0;MON105632;OK;0,68;3;cc/min;;3;N
2026-07-29 02:46:17;Cabeçote;1.0;USI102880;OK;2,57;4;cc/min;;3;N
2026-07-29 02:47:24;Bloco;1.5;USI100125;OK;1,35;5;cc/min;;3;N
2026-07-29 02:47:24;Water Leak;1.5;MON108015;OK;1,62;6;cc/min;;3;N
2026-07-29 02:49:35;Cabeçote;1.5;USI102883;OK;2,36;4;cc/min;;3;N
2026-07-29 02:51:21;Bloco;1.0;USI100113;OK;2,53;5;cc/min;;3;N
2026-07-29 02:51:21;Water Leak;1.0;MON108003;OK;3,04;6;cc/min;;3;N
2026-07-29 02:52:13;Bloco;1.5;USI100126;OK;0,79;5;cc/min;;3;N
2026-07-29 02:52:13;Water Leak;1.5;MON108016;OK;0,95;6;cc/min;;3;N
2026-07-29 02:54:13;Leak Zero;1.5 Turbo;MON105636;OK;1,39;3;cc/min;;3;N
2026-07-29 02:54:13;Leak Zero;1.5;MON105630;OK;0,92;3;cc/min;;3;N
2026-07-29 02:54:44;Cabeçote;1.5 Turbo;USI102875;OK;1,20;4;cc/min;;3;N
2026-07-29 02:54:51;Leak Zero;1.0;MON105647;OK;1,03;3;cc/min;;3;N
2026-07-29 02:55:28;Leak Zero;1.5 Turbo;MON105634;OK;0,97;3;cc/min;;3;N
2026-07-29 02:55:43;Leak Zero;1.5;MON105641;OK;2,07;3;cc/min;;3;N
2026-07-29 02:55:47;Cabeçote;1.0;USI102888;OK;1,67;4;cc/min;;3;N
2026-07-29 02:55:51;Cabeçote;1.0;USI102887;OK;2,72;4;cc/min;;3;N
2026-07-29 02:56:20;Leak Zero;1.5 Turbo;MON105648;OK;1,27;3;cc/min;;3;N
2026-07-29 02:58:28;Cabeçote;1.0;USI102871;OK;0,73;4;cc/min;;3;N
2026-07-29 02:59:09;Cabeçote;1.0;USI102870;OK;1,21;4;cc/min;;3;N
2026-07-29 03:02:48;Bloco;1.0;USI100117;OK;2,56;5;cc/min;;3;N
2026-07-29 03:02:48;Water Leak;1.0;MON108007;OK;3,07;6;cc/min;;3;N
2026-07-29 03:04:56;Cabeçote;1.5;USI102876;OK;2,79;4;cc/min;;3;N
2026-07-29 03:05:16;Cabeçote;1.0;USI102877;OK;1,18;4;cc/min;;3;N
2026-07-29 03:05:51;Bloco;1.0;USI100112;OK;3,65;5;cc/min;;3;N
2026-07-29 03:06:29;Bloco;1.0;USI100130;OK;2,40;5;cc/min;;3;N
2026-07-29 03:06:29;Water Leak;1.0;MON108020;OK;2,88;6;cc/min;;3;N
2026-07-29 03:07:00;Leak Zero;1.5;MON105633;OK;1,05;3;cc/min;;3;N
2026-07-29 03:07:05;Bloco;1.5 Turbo;USI100119;OK;1,19;5;cc/min;;3;N
2026-07-29 03:07:05;Water Leak;1.5 Turbo;MON108009;OK;1,43;6;cc/min;;3;N
2026-07-29 03:08:01;Cabeçote;1.5 Turbo;USI102872;OK;2,02;4;cc/min;;3;N
2026-07-29 03:08:06;Cabeçote;1.5;USI102874;OK;1,24;4;cc/min;;3;N
2026-07-29 03:08:15;Bloco;1.5 Turbo;USI100129;OK;3,39;5;cc/min;;3;N
2026-07-29 03:08:15;Water Leak;1.5 Turbo;MON108019;OK;4,07;6;cc/min;;3;N
2026-07-29 03:08:35;Cabeçote;1.5 Turbo;USI102873;OK;1,77;4;cc/min;;3;N
2026-07-29 03:08:37;Leak Zero;1.5;MON105646;OK;1,06;3;cc/min;;3;N
2026-07-29 03:08:48;Bloco;1.5 Turbo;USI100127;OK;2,21;5;cc/min;;3;N
2026-07-29 03:08:48;Water Leak;1.5 Turbo;MON108017;OK;2,66;6;cc/min;;3;N
2026-07-29 03:09:52;Leak Zero;1.5;MON105644;OK;1,15;3;cc/min;;3;N
2026-07-29 03:11:10;Cabeçote;1.0;USI102884;OK;2,39;4;cc/min;;3;N
2026-07-29 03:11:15;Bloco;1.5 Turbo;USI100122;OK;2,60;5;cc/min;;3;N
2026-07-29 03:11:15;Water Leak;1.5 Turbo;MON108012;OK;3,12;6;cc/min;;3;N
2026-07-29 03:14:07;Bloco;1.0;USI100118;OK;2,16;5;cc/min;;3;N
2026-07-29 03:14:07;Water Leak;1.0;MON108008;OK;2,59;6;cc/min;;3;N
2026-07-29 03:14:09;Bloco;1.0;USI100131;OK;3,65;5;cc/min;;3;N
2026-07-29 03:14:42;Bloco;1.5 Turbo;USI100120;OK;2,53;5;cc/min;;3;N
2026-07-29 03:14:42;Cabeçote;1.5;USI102885;OK;0,97;4;cc/min;;3;N
2026-07-29 03:14:42;Water Leak;1.5 Turbo;MON108010;OK;3,04;6;cc/min;;3;N
2026-07-29 03:16:18;Bloco;1.5 Turbo;USI100114;OK;2,53;5;cc/min;;3;N
2026-07-29 03:16:18;Water Leak;1.5 Turbo;MON108004;OK;3,04;6;cc/min;;3;N
2026-07-29 03:17:37;Cabeçote;1.5 Turbo;USI102878;OK;1,69;4;cc/min;;3;N
2026-07-29 03:18:16;Cabeçote;1.5;USI102886;OK;0,79;4;cc/min;;3;N
2026-07-29 03:20:29;Bloco;1.5;USI100157;OK;1,92;5;cc/min;;3;N
2026-07-29 03:21:00;Leak Zero;1.0;MON105650;OK;1,68;3;cc/min;;3;N
2026-07-29 03:21:05;Cabeçote;1.5 Turbo;USI102902;OK;2,45;4;cc/min;;3;N
2026-07-29 03:22:16;Leak Zero;1.5 Turbo;MON105667;OK;1,37;3;cc/min;;3;N
2026-07-29 03:22:57;Bloco;1.5 Turbo;USI100141;OK;1,58;5;cc/min;;3;N
2026-07-29 03:22:57;Water Leak;1.5 Turbo;MON108031;OK;1,90;6;cc/min;;3;N
2026-07-29 03:23:13;Cabeçote;1.5 Turbo;USI102909;OK;2,33;4;cc/min;;3;N
2026-07-29 03:23:19;Bloco;1.5 Turbo;USI100159;OK;3,59;5;cc/min;;3;N
2026-07-29 03:24:17;Water Leak;1.0;MON108021;OK;2,82;6;cc/min;;3;N
2026-07-29 03:25:14;Bloco;1.5 Turbo;USI100136;OK;1,34;5;cc/min;;3;N
2026-07-29 03:25:14;Water Leak;1.5 Turbo;MON108026;OK;1,60;6;cc/min;;3;N
2026-07-29 03:25:28;Cabeçote;1.0;USI102892;OK;2,78;4;cc/min;;3;N
2026-07-29 03:26:44;Cabeçote;1.5;USI102900;OK;0,81;4;cc/min;;3;N
2026-07-29 03:28:46;Cabeçote;1.5;USI102894;OK;2,64;4;cc/min;;3;N
2026-07-29 03:30:20;Bloco;1.5 Turbo;USI100138;OK;2,45;5;cc/min;;3;N
2026-07-29 03:30:20;Water Leak;1.5 Turbo;MON108028;OK;2,94;6;cc/min;;3;N
2026-07-29 03:31:52;Cabeçote;1.5 Turbo;USI102910;OK;2,66;4;cc/min;;3;N
2026-07-29 03:32:12;Leak Zero;1.5;MON105649;OK;1,56;3;cc/min;;3;N
2026-07-29 03:34:07;Cabeçote;1.5;USI102891;OK;2,48;4;cc/min;;3;N
2026-07-29 03:34:58;Cabeçote;1.0;USI102889;OK;2,31;4;cc/min;;3;N
2026-07-29 03:35:08;Water Leak;1.5;MON108023;OK;3,07;6;cc/min;;3;N
2026-07-29 03:35:19;Bloco;1.0;USI100150;OK;2,53;5;cc/min;;3;N
2026-07-29 03:35:19;Water Leak;1.0;MON108040;OK;3,04;6;cc/min;;3;N
2026-07-29 03:36:50;Leak Zero;1.0;MON105666;OK;1,25;3;cc/min;;3;N
2026-07-29 03:38:07;Bloco;1.5;USI100158;OK;1,45;5;cc/min;;3;N
2026-07-29 03:39:43;Bloco;1.5 Turbo;USI100154;OK;2,56;5;cc/min;;3;N
2026-07-29 03:39:43;Water Leak;1.5 Turbo;MON108044;OK;3,07;6;cc/min;;3;N
2026-07-29 03:40:49;Bloco;1.5;USI100143;OK;2,22;5;cc/min;;3;N
2026-07-29 03:40:49;Water Leak;1.5;MON108033;OK;2,67;6;cc/min;;3;N
2026-07-29 03:42:04;Bloco;1.5;USI100152;OK;2,08;5;cc/min;;3;N
2026-07-29 03:42:04;Water Leak;1.5;MON108042;OK;2,49;6;cc/min;;3;N
2026-07-29 03:43:11;Bloco;1.5 Turbo;USI100146;OK;2,42;5;cc/min;;3;N
2026-07-29 03:43:11;Water Leak;1.5 Turbo;MON108036;OK;2,91;6;cc/min;;3;N
2026-07-29 03:43:42;Cabeçote;1.0;USI102898;OK;1,88;4;cc/min;;3;N
2026-07-29 03:44:05;Bloco;1.5;USI100134;OK;2,76;5;cc/min;;3;N
2026-07-29 03:44:05;Water Leak;1.5;MON108024;OK;3,32;6;cc/min;;3;N
2026-07-29 03:45:48;Cabeçote;1.5 Turbo;USI102904;OK;1,06;4;cc/min;;3;N
2026-07-29 03:45:53;Leak Zero;1.0;MON105659;OK;0,60;3;cc/min;;3;N
2026-07-29 03:49:25;Leak Zero;1.5 Turbo;MON105651;OK;2,06;3;cc/min;;3;N
2026-07-29 03:49:38;Leak Zero;1.5 Turbo;MON105668;OK;1,73;3;cc/min;;3;N
2026-07-29 03:50:59;Bloco;1.5;USI100151;OK;2,82;5;cc/min;;3;N
2026-07-29 03:50:59;Water Leak;1.5;MON108041;OK;3,38;6;cc/min;;3;N
2026-07-29 03:51:00;Bloco;1.5 Turbo;USI100145;OK;1,64;5;cc/min;;3;N
2026-07-29 03:51:00;Water Leak;1.5 Turbo;MON108035;OK;1,97;6;cc/min;;3;N
2026-07-29 03:52:10;Cabeçote;1.5 Turbo;USI102905;OK;1,50;4;cc/min;;3;N
2026-07-29 03:53:06;Bloco;1.5;USI100142;OK;0,86;5;cc/min;;3;N
2026-07-29 03:53:06;Water Leak;1.5;MON108032;OK;1,03;6;cc/min;;3;N
2026-07-29 03:53:11;Leak Zero;1.5;MON105654;OK;0,57;3;cc/min;;3;N
2026-07-29 03:54:13;Leak Zero;1.0;MON105663;OK;1,51;3;cc/min;;3;N
2026-07-29 03:54:51;Cabeçote;1.0;USI102896;OK;1,37;4;cc/min;;3;N
2026-07-29 03:54:55;Bloco;1.0;USI100149;OK;2,77;5;cc/min;;3;N
2026-07-29 03:54:55;Water Leak;1.0;MON108039;OK;3,33;6;cc/min;;3;N
2026-07-29 03:55:27;Bloco;1.5 Turbo;USI100135;OK;0,90;5;cc/min;;3;N
2026-07-29 03:55:27;Water Leak;1.5 Turbo;MON108025;OK;1,08;6;cc/min;;3;N
2026-07-29 03:55:30;Cabeçote;1.5 Turbo;USI102906;OK;1,98;4;cc/min;;3;N
2026-07-29 03:55:32;Cabeçote;1.0;USI102899;OK;2,55;4;cc/min;;3;N
2026-07-29 03:55:43;Cabeçote;1.5;USI102890;OK;2,76;4;cc/min;;3;N
2026-07-29 03:56:15;Cabeçote;1.5 Turbo;USI102907;OK;2,07;4;cc/min;;3;N
2026-07-29 03:56:20;Cabeçote;1.5 Turbo;USI102897;OK;1,69;4;cc/min;;3;N
2026-07-29 03:58:32;Bloco;1.5;USI100140;OK;2,95;5;cc/min;;3;N
2026-07-29 03:58:32;Water Leak;1.5;MON108030;OK;3,54;6;cc/min;;3;N
2026-07-29 03:59:35;Bloco;1.5 Turbo;USI100156;OK;3,70;5;cc/min;;3;N
2026-07-29 04:00:27;Cabeçote;1.5;USI102908;OK;2,67;4;cc/min;;3;N
2026-07-29 04:02:26;Leak Zero;1.5;MON105657;OK;1,17;3;cc/min;;3;N
2026-07-29 04:02:57;Bloco;1.5 Turbo;USI100147;OK;2,17;5;cc/min;;3;N
2026-07-29 04:02:57;Water Leak;1.5 Turbo;MON108037;OK;2,60;6;cc/min;;3;N
2026-07-29 04:03:25;Leak Zero;1.5;MON105662;OK;1,82;3;cc/min;;3;N
2026-07-29 04:03:48;Cabeçote;1.5 Turbo;USI102911;OK;1,01;4;cc/min;;3;N
2026-07-29 04:03:56;Bloco;1.5 Turbo;USI100148;OK;1,77;5;cc/min;;3;N
2026-07-29 04:03:56;Water Leak;1.5 Turbo;MON108038;OK;2,13;6;cc/min;;3;N
2026-07-29 04:04:11;Leak Zero;1.5 Turbo;MON105665;OK;2,02;3;cc/min;;3;N
2026-07-29 04:06:23;Leak Zero;1.5 Turbo;MON105664;OK;1,53;3;cc/min;;3;N
2026-07-29 04:08:37;Cabeçote;1.5;USI102895;OK;1,41;4;cc/min;;3;N
2026-07-29 04:09:04;Bloco;1.0;USI100155;OK;2,72;5;cc/min;;3;N
2026-07-29 04:09:52;Bloco;1.5 Turbo;USI100144;OK;2,28;5;cc/min;;3;N
2026-07-29 04:09:52;Cabeçote;1.5;USI102893;OK;1,54;4;cc/min;;3;N
2026-07-29 04:09:52;Water Leak;1.5 Turbo;MON108034;OK;2,73;6;cc/min;;3;N
2026-07-29 04:10:09;Leak Zero;1.0;MON105652;OK;1,86;3;cc/min;;3;N
2026-07-29 04:10:32;Bloco;1.5;USI100153;OK;1,30;5;cc/min;;3;N
2026-07-29 04:10:32;Water Leak;1.5;MON108043;OK;1,56;6;cc/min;;3;N
2026-07-29 04:10:56;Cabeçote;1.5;USI102903;OK;2,76;4;cc/min;;3;N
2026-07-29 04:11:27;Leak Zero;1.0;MON105660;OK;2,09;3;cc/min;;3;N
2026-07-29 04:11:38;Leak Zero;1.5;MON105656;OK;0,90;3;cc/min;;3;N
2026-07-29 04:12:56;Leak Zero;1.5 Turbo;MON105653;OK;0,87;3;cc/min;;3;N
2026-07-29 04:13:08;Water Leak;1.5;MON108022;OK;3,02;6;cc/min;;3;N
2026-07-29 04:14:44;Bloco;1.5 Turbo;USI100137;NOK;12,05;5;cc/min;Galeria de água;3;N
2026-07-29 04:14:44;Water Leak;1.5 Turbo;MON108027;NOK;14,45;6;cc/min;Bomba d'água;3;N
2026-07-29 04:15:05;Cabeçote;1.5 Turbo;USI102901;OK;2,52;4;cc/min;;3;N
2026-07-29 04:15:45;Leak Zero;1.5 Turbo;MON105658;OK;1,51;3;cc/min;;3;N
2026-07-29 04:17:55;Bloco;1.5;USI100139;OK;3,06;5;cc/min;;3;N
2026-07-29 04:17:55;Water Leak;1.5;MON108029;OK;3,67;6;cc/min;;3;N
2026-07-29 04:18:06;Leak Zero;1.5;MON105655;OK;2,04;3;cc/min;;3;N
2026-07-29 04:20:07;Leak Zero;1.5 Turbo;MON105661;OK;0,49;3;cc/min;;3;N
2026-07-29 04:21:50;Bloco;1.5;USI100184;OK;2,93;5;cc/min;;3;N
2026-07-29 04:22:16;Cabeçote;1.5 Turbo;USI102916;OK;1,82;4;cc/min;;3;N
2026-07-29 04:23:24;Leak Zero;1.5 Turbo;MON105683;OK;1,72;3;cc/min;;3;N
2026-07-29 04:24:28;Water Leak;1.5;MON108045;OK;4,12;6;cc/min;;3;N
2026-07-29 04:24:30;Bloco;1.5 Turbo;USI100169;OK;1,72;5;cc/min;;3;N
2026-07-29 04:24:30;Water Leak;1.5 Turbo;MON108059;OK;2,07;6;cc/min;;3;N
2026-07-29 04:24:36;Bloco;1.5;USI100177;OK;0,97;5;cc/min;;3;N
2026-07-29 04:24:36;Water Leak;1.5;MON108067;OK;1,16;6;cc/min;;3;N
2026-07-29 04:26:09;Cabeçote;1.0;USI102935;OK;1,98;4;cc/min;;3;N
2026-07-29 04:27:53;Leak Zero;1.5;MON105674;OK;1,37;3;cc/min;;3;N
2026-07-29 04:28:56;Bloco;1.5 Turbo;USI100180;OK;3,51;5;cc/min;;3;N
2026-07-29 04:31:11;Cabeçote;1.0;USI102927;OK;2,71;4;cc/min;;3;N
2026-07-29 04:32:12;Bloco;1.5;USI100186;OK;2,60;5;cc/min;;3;N
2026-07-29 04:34:04;Cabeçote;1.0;USI102932;OK;2,51;4;cc/min;;3;N
2026-07-29 04:34:36;Bloco;1.5;USI100168;OK;1,54;5;cc/min;;3;N
2026-07-29 04:34:36;Water Leak;1.5;MON108058;OK;1,84;6;cc/min;;3;N
2026-07-29 04:34:45;Leak Zero;1.0;MON105689;OK;1,67;3;cc/min;;3;N
2026-07-29 04:35:07;Leak Zero;1.5;MON105687;OK;1,62;3;cc/min;;3;N
2026-07-29 04:35:11;Leak Zero;1.5 Turbo;MON105673;OK;0,90;3;cc/min;;3;N
2026-07-29 04:35:23;Leak Zero;1.0;MON105682;OK;0,54;3;cc/min;;3;N
2026-07-29 04:35:51;Leak Zero;1.5;MON105678;OK;1,92;3;cc/min;;3;N
2026-07-29 04:35:55;Cabeçote;1.5;USI102934;OK;2,52;4;cc/min;;3;N
2026-07-29 04:36:16;Leak Zero;1.5;MON105686;OK;2,16;3;cc/min;;3;N
2026-07-29 04:36:50;Cabeçote;1.0;USI102915;OK;1,67;4;cc/min;;3;N
2026-07-29 04:38:04;Cabeçote;1.5;USI102919;OK;2,26;4;cc/min;;3;N
2026-07-29 04:39:07;Leak Zero;1.5;MON105671;OK;1,76;3;cc/min;;3;N
2026-07-29 04:39:18;Bloco;1.5;USI100166;OK;2,03;5;cc/min;;3;N
2026-07-29 04:39:18;Water Leak;1.5;MON108056;OK;2,43;6;cc/min;;3;N
2026-07-29 04:40:36;Cabeçote;1.0;USI102922;OK;1,38;4;cc/min;;3;N
2026-07-29 04:41:33;Cabeçote;1.5 Turbo;USI102937;OK;2,40;4;cc/min;;3;N
2026-07-29 04:41:36;Leak Zero;1.5;MON105670;OK;1,73;3;cc/min;;3;N
2026-07-29 04:43:37;Cabeçote;1.0;USI102931;OK;2,13;4;cc/min;;3;N
2026-07-29 04:45:25;Bloco;1.0;USI100176;OK;1,14;5;cc/min;;3;N
2026-07-29 04:45:25;Water Leak;1.0;MON108066;OK;1,37;6;cc/min;;3;N
2026-07-29 04:46:17;Bloco;1.0;USI100167;OK;3,21;5;cc/min;;3;N
2026-07-29 04:46:17;Water Leak;1.0;MON108057;OK;3,86;6;cc/min;;3;N
2026-07-29 04:46:41;Cabeçote;1.5;USI102926;OK;1,62;4;cc/min;;3;N
2026-07-29 04:48:20;Bloco;1.0;USI100179;OK;2,98;5;cc/min;;3;N
2026-07-29 04:48:32;Cabeçote;1.5 Turbo;USI102921;OK;2,52;4;cc/min;;3;N
2026-07-29 04:49:31;Leak Zero;1.0;MON105685;OK;1,57;3;cc/min;;3;N
2026-07-29 04:49:35;Bloco;1.5;USI100170;OK;2,95;5;cc/min;;3;N
2026-07-29 04:49:35;Water Leak;1.5;MON108060;OK;3,54;6;cc/min;;3;N
2026-07-29 04:49:38;Cabeçote;1.5 Turbo;USI102917;OK;2,31;4;cc/min;;3;N
2026-07-29 04:50:41;Cabeçote;1.5 Turbo;USI102918;OK;2,97;4;cc/min;;3;N
2026-07-29 04:52:02;Leak Zero;1.0;MON105677;OK;1,04;3;cc/min;;3;N
2026-07-29 04:53:35;Cabeçote;1.0;USI102920;OK;2,31;4;cc/min;;3;N
2026-07-29 04:54:13;Cabeçote;1.0;USI102912;OK;2,01;4;cc/min;;3;N
2026-07-29 04:54:44;Bloco;1.5 Turbo;USI100162;OK;1,50;5;cc/min;;3;N
2026-07-29 04:54:44;Water Leak;1.5 Turbo;MON108052;OK;1,80;6;cc/min;;3;N
2026-07-29 04:55:43;Leak Zero;1.0;MON105684;OK;1,72;3;cc/min;;3;N
2026-07-29 04:55:46;Cabeçote;1.5 Turbo;USI102924;OK;1,71;4;cc/min;;3;N
2026-07-29 04:55:47;Bloco;1.0;USI100175;OK;2,09;5;cc/min;;3;N
2026-07-29 04:55:47;Bloco;1.0;USI100181;OK;1,91;5;cc/min;;3;N
2026-07-29 04:55:47;Bloco;1.5 Turbo;USI100182;OK;3,15;5;cc/min;;3;N
2026-07-29 04:55:47;Water Leak;1.0;MON108065;OK;2,51;6;cc/min;;3;N
2026-07-29 04:55:51;Bloco;1.0;USI100174;OK;3,40;5;cc/min;;3;N
2026-07-29 04:55:51;Water Leak;1.0;MON108064;OK;4,08;6;cc/min;;3;N
2026-07-29 04:56:19;Bloco;1.0;USI100178;OK;1,26;5;cc/min;;3;N
2026-07-29 04:56:19;Cabeçote;1.5 Turbo;USI102928;OK;0,77;4;cc/min;;3;N
2026-07-29 04:56:19;Water Leak;1.0;MON108068;OK;1,51;6;cc/min;;3;N
2026-07-29 04:57:10;Bloco;1.5;USI100183;OK;2,89;5;cc/min;;3;N
2026-07-29 04:58:28;Water Leak;1.0;MON108048;OK;1,09;6;cc/min;;3;N
2026-07-29 04:58:55;Cabeçote;1.0;USI102936;OK;2,39;4;cc/min;;3;N
2026-07-29 04:59:09;Water Leak;1.0;MON108047;OK;1,81;6;cc/min;;3;N
2026-07-29 04:59:29;Cabeçote;1.5 Turbo;USI102929;OK;2,69;4;cc/min;;3;N
2026-07-29 05:00:37;Cabeçote;1.0;USI102923;OK;1,24;4;cc/min;;3;N
2026-07-29 05:01:31;Cabeçote;1.5 Turbo;USI102925;OK;2,04;4;cc/min;;3;N
2026-07-29 05:04:11;Cabeçote;1.5 Turbo;USI102914;OK;2,70;4;cc/min;;3;N
2026-07-29 05:04:19;Leak Zero;1.0;MON105669;OK;1,14;3;cc/min;;3;N
2026-07-29 05:04:27;Bloco;1.5;USI100185;OK;2,15;5;cc/min;;3;N
2026-07-29 05:04:56;Bloco;1.5;USI100163;OK;3,49;5;cc/min;;3;N
2026-07-29 05:04:56;Water Leak;1.5;MON108053;OK;4,19;6;cc/min;;3;N
2026-07-29 05:05:16;Bloco;1.0;USI100164;OK;1,48;5;cc/min;;3;N
2026-07-29 05:05:16;Water Leak;1.0;MON108054;OK;1,77;6;cc/min;;3;N
2026-07-29 05:06:23;Cabeçote;1.5 Turbo;USI102913;OK;2,04;4;cc/min;;3;N
2026-07-29 05:08:01;Water Leak;1.5 Turbo;MON108049;OK;3,03;6;cc/min;;3;N
2026-07-29 05:08:06;Bloco;1.5;USI100161;OK;1,55;5;cc/min;;3;N
2026-07-29 05:08:06;Water Leak;1.5;MON108051;OK;1,87;6;cc/min;;3;N
2026-07-29 05:08:35;Bloco;1.5 Turbo;USI100160;OK;2,22;5;cc/min;;3;N
2026-07-29 05:08:35;Water Leak;1.5 Turbo;MON108050;OK;2,66;6;cc/min;;3;N
2026-07-29 05:11:10;Bloco;1.0;USI100171;OK;2,99;5;cc/min;;3;N
2026-07-29 05:11:10;Water Leak;1.0;MON108061;OK;3,58;6;cc/min;;3;N
2026-07-29 05:12:24;Water Leak;1.0;MON108046;OK;4,39;6;cc/min;;3;N
2026-07-29 05:13:54;Leak Zero;1.5 Turbo;MON105680;OK;0,46;3;cc/min;;3;N
2026-07-29 05:14:17;Leak Zero;1.5;MON105676;OK;1,96;3;cc/min;;3;N
2026-07-29 05:14:42;Bloco;1.5;USI100172;OK;1,21;5;cc/min;;3;N
2026-07-29 05:14:42;Water Leak;1.5;MON108062;OK;1,45;6;cc/min;;3;N
2026-07-29 05:14:54;Leak Zero;1.5;MON105679;OK;1,63;3;cc/min;;3;N
2026-07-29 05:14:59;Leak Zero;1.5;MON105688;OK;0,87;3;cc/min;;3;N
2026-07-29 05:15:39;Leak Zero;1.5 Turbo;MON105675;OK;1,11;3;cc/min;;3;N
2026-07-29 05:16:53;Cabeçote;1.5;USI102933;OK;2,54;4;cc/min;;3;N
2026-07-29 05:17:37;Bloco;1.5 Turbo;USI100165;OK;2,11;5;cc/min;;3;N
2026-07-29 05:17:37;Water Leak;1.5 Turbo;MON108055;OK;2,53;6;cc/min;;3;N
2026-07-29 05:17:39;Leak Zero;1.5;MON105672;OK;1,49;3;cc/min;;3;N
2026-07-29 05:18:15;Leak Zero;1.5;MON105681;OK;0,99;3;cc/min;;3;N
2026-07-29 05:18:16;Bloco;1.5;USI100173;OK;0,98;5;cc/min;;3;N
2026-07-29 05:18:16;Water Leak;1.5;MON108063;OK;1,18;6;cc/min;;3;N
2026-07-29 05:19:09;Cabeçote;1.5 Turbo;USI102930;OK;2,16;4;cc/min;;3;N
2026-07-29 05:20:15;Leak Zero;1.0;MON105700;OK;0,58;3;cc/min;;3;N
2026-07-29 05:21:05;Bloco;1.5 Turbo;USI100189;OK;3,07;5;cc/min;;3;N
2026-07-29 05:21:05;Cabeçote;1.5 Turbo;USI102962;OK;2,45;4;cc/min;;3;N
2026-07-29 05:21:05;Water Leak;1.5 Turbo;MON108079;OK;3,68;6;cc/min;;3;N
2026-07-29 05:23:13;Bloco;1.5 Turbo;USI100196;OK;2,91;5;cc/min;;3;N
2026-07-29 05:23:13;Water Leak;1.5 Turbo;MON108086;OK;3,49;6;cc/min;;3;N
2026-07-29 05:25:22;Cabeçote;1.0;USI102940;OK;1,95;4;cc/min;;3;N
2026-07-29 05:25:28;Cabeçote;1.0;USI102952;OK;2,78;4;cc/min;;3;N
2026-07-29 05:25:28;Water Leak;1.0;MON108069;OK;4,17;6;cc/min;;3;N
2026-07-29 05:26:44;Bloco;1.5;USI100187;OK;1,02;5;cc/min;;3;N
2026-07-29 05:26:44;Cabeçote;1.5;USI102960;OK;0,81;4;cc/min;;3;N
2026-07-29 05:26:44;Water Leak;1.5;MON108077;OK;1,22;6;cc/min;;3;N
2026-07-29 05:27:46;Leak Zero;1.0;MON105693;OK;1,33;3;cc/min;;3;N
2026-07-29 05:28:46;Cabeçote;1.5;USI102954;OK;2,64;4;cc/min;;3;N
2026-07-29 05:28:46;Water Leak;1.5;MON108071;OK;3,96;6;cc/min;;3;N
2026-07-29 05:29:49;Cabeçote;1.5;USI102948;OK;0,60;4;cc/min;;3;N
2026-07-29 05:31:52;Bloco;1.5 Turbo;USI100197;OK;3,33;5;cc/min;;3;N
2026-07-29 05:31:52;Water Leak;1.5 Turbo;MON108087;OK;3,99;6;cc/min;;3;N
2026-07-29 05:32:42;Leak Zero;1.5;MON105690;OK;1,23;3;cc/min;;3;N
2026-07-29 05:32:44;Bloco;1.5 Turbo;USI100200;OK;2,67;5;cc/min;;3;N
2026-07-29 05:32:55;Bloco;1.0;USI100203;OK;1,78;5;cc/min;;3;N
2026-07-29 05:33:49;Cabeçote;1.5 Turbo;USI102944;OK;2,43;4;cc/min;;3;N
2026-07-29 05:34:07;Cabeçote;1.5;USI102951;OK;2,48;4;cc/min;;3;N
2026-07-29 05:34:45;Cabeçote;1.0;USI102938;NOK;9,30;4;cc/min;Sede de válvula;3;N
2026-07-29 05:34:58;Cabeçote;1.0;USI102949;OK;2,31;4;cc/min;;3;N
2026-07-29 05:35:59;Leak Zero;1.5 Turbo;MON105691;OK;0,88;3;cc/min;;3;N
2026-07-29 05:37:40;Leak Zero;1.5 Turbo;MON105695;OK;2,09;3;cc/min;;3;N
2026-07-29 05:39:30;Leak Zero;1.5 Turbo;MON105708;OK;1,78;3;cc/min;;3;N
2026-07-29 05:39:39;Cabeçote;1.5;USI102947;OK;1,38;4;cc/min;;3;N
2026-07-29 05:39:45;Leak Zero;1.5;MON105699;OK;1,21;3;cc/min;;3;N
2026-07-29 05:40:17;Leak Zero;1.5 Turbo;MON105694;OK;1,98;3;cc/min;;3;N
2026-07-29 05:40:25;Leak Zero;1.5 Turbo;MON105707;OK;0,50;3;cc/min;;3;N
2026-07-29 05:41:03;Cabeçote;1.5;USI102946;OK;2,85;4;cc/min;;3;N
2026-07-29 05:43:37;Leak Zero;1.5;MON105705;OK;1,52;3;cc/min;;3;N
2026-07-29 05:43:42;Cabeçote;1.0;USI102958;OK;1,88;4;cc/min;;3;N
2026-07-29 05:43:42;Water Leak;1.0;MON108075;OK;2,82;6;cc/min;;3;N
2026-07-29 05:45:48;Bloco;1.5 Turbo;USI100191;OK;1,32;5;cc/min;;3;N
2026-07-29 05:45:48;Water Leak;1.5 Turbo;MON108081;OK;1,59;6;cc/min;;3;N
2026-07-29 05:46:04;Cabeçote;1.0;USI102941;OK;0,90;4;cc/min;;3;N
2026-07-29 05:47:24;Leak Zero;1.5;MON105709;OK;0,81;3;cc/min;;3;N
2026-07-29 05:51:21;Leak Zero;1.0;MON105697;OK;1,52;3;cc/min;;3;N
2026-07-29 05:52:10;Bloco;1.5 Turbo;USI100192;OK;1,88;5;cc/min;;3;N
2026-07-29 05:52:10;Water Leak;1.5 Turbo;MON108082;OK;2,25;6;cc/min;;3;N
2026-07-29 05:52:13;Leak Zero;1.5;MON105710;OK;0,48;3;cc/min;;3;N
2026-07-29 05:53:58;Leak Zero;1.0;MON105692;OK;0,58;3;cc/min;;3;N
2026-07-29 05:54:13;Cabeçote;1.5 Turbo;USI102945;OK;1,85;4;cc/min;;3;N
2026-07-29 05:54:13;Cabeçote;1.5;USI102939;OK;1,23;4;cc/min;;3;N
2026-07-29 05:54:51;Cabeçote;1.0;USI102956;OK;1,37;4;cc/min;;3;N
2026-07-29 05:54:51;Water Leak;1.0;MON108073;OK;2,06;6;cc/min;;3;N
2026-07-29 05:55:28;Cabeçote;1.5 Turbo;USI102943;OK;1,30;4;cc/min;;3;N
2026-07-29 05:55:30;Bloco;1.5 Turbo;USI100193;OK;2,47;5;cc/min;;3;N
2026-07-29 05:55:30;Water Leak;1.5 Turbo;MON108083;OK;2,97;6;cc/min;;3;N
2026-07-29 05:55:32;Cabeçote;1.0;USI102959;OK;2,55;4;cc/min;;3;N
2026-07-29 05:55:32;Water Leak;1.0;MON108076;OK;3,82;6;cc/min;;3;N
2026-07-29 05:55:43;Cabeçote;1.5;USI102950;OK;2,76;4;cc/min;;3;N
2026-07-29 05:56:15;Bloco;1.5 Turbo;USI100194;OK;2,59;5;cc/min;;3;N
2026-07-29 05:56:15;Water Leak;1.5 Turbo;MON108084;OK;3,10;6;cc/min;;3;N
2026-07-29 05:56:20;Cabeçote;1.5 Turbo;USI102957;OK;1,69;4;cc/min;;3;N
2026-07-29 05:56:20;Water Leak;1.5 Turbo;MON108074;OK;2,53;6;cc/min;;3;N
2026-07-29 05:56:45;Cabeçote;1.0;USI102938;OK;2,00;4;cc/min;;3;S
2026-07-29 05:59:27;Bloco;1.5;USI100199;OK;3,64;5;cc/min;;3;N
2026-07-29 05:59:27;Water Leak;1.5;MON108089;OK;4,36;6;cc/min;;3;N
2026-07-29 06:00:27;Bloco;1.5;USI100195;OK;3,33;5;cc/min;;1;N
2026-07-29 06:00:27;Water Leak;1.5;MON108085;OK;4,00;6;cc/min;;1;N
2026-07-29 06:02:37;Bloco;1.5;USI100204;OK;3,24;5;cc/min;;1;N
2026-07-29 06:02:48;Leak Zero;1.0;MON105701;OK;1,53;3;cc/min;;1;N
2026-07-29 06:03:48;Bloco;1.5 Turbo;USI100198;OK;1,26;5;cc/min;;1;N
2026-07-29 06:03:48;Water Leak;1.5 Turbo;MON108088;OK;1,51;6;cc/min;;1;N
2026-07-29 06:04:11;Bloco;1.5 Turbo;USI100201;OK;0,89;5;cc/min;;1;N
2026-07-29 06:04:19;Bloco;1.0;USI100206;NOK;8,95;5;cc/min;Galeria de óleo;1;N
2026-07-29 06:05:51;Leak Zero;1.0;MON105696;OK;2,19;3;cc/min;;1;N
2026-07-29 06:07:00;Cabeçote;1.5;USI102942;OK;1,40;4;cc/min;;1;N
2026-07-29 06:07:05;Leak Zero;1.5 Turbo;MON105703;OK;0,71;3;cc/min;;1;N
2026-07-29 06:08:37;Cabeçote;1.5;USI102955;OK;1,41;4;cc/min;;1;N
2026-07-29 06:08:37;Water Leak;1.5;MON108072;OK;2,12;6;cc/min;;1;N
2026-07-29 06:09:52;Cabeçote;1.5;USI102953;OK;1,54;4;cc/min;;1;N
2026-07-29 06:09:52;Water Leak;1.5;MON108070;OK;2,31;6;cc/min;;1;N
2026-07-29 06:10:56;Bloco;1.5;USI100190;OK;3,45;5;cc/min;;1;N
2026-07-29 06:10:56;Water Leak;1.5;MON108080;OK;4,14;6;cc/min;;1;N
2026-07-29 06:11:15;Leak Zero;1.5 Turbo;MON105706;OK;1,56;3;cc/min;;1;N
2026-07-29 06:14:07;Leak Zero;1.0;MON105702;OK;1,29;3;cc/min;;1;N
2026-07-29 06:14:11;Bloco;1.0;USI100202;OK;2,40;5;cc/min;;1;N
2026-07-29 06:14:42;Leak Zero;1.5 Turbo;MON105704;OK;1,52;3;cc/min;;1;N
2026-07-29 06:15:05;Bloco;1.5 Turbo;USI100188;OK;3,15;5;cc/min;;1;N
2026-07-29 06:15:05;Cabeçote;1.5 Turbo;USI102961;OK;2,52;4;cc/min;;1;N
2026-07-29 06:15:05;Water Leak;1.5 Turbo;MON108078;OK;3,78;6;cc/min;;1;N
2026-07-29 06:16:18;Leak Zero;1.5 Turbo;MON105698;OK;1,52;3;cc/min;;1;N
2026-07-29 06:17:51;Bloco;1.5;USI100205;OK;2,29;5;cc/min;;1;N
2026-07-29 06:20:29;Leak Zero;1.5;MON105741;OK;1,15;3;cc/min;;1;N
2026-07-29 06:22:16;Water Leak;1.5 Turbo;MON108093;OK;2,73;6;cc/min;;1;N
2026-07-29 06:22:57;Leak Zero;1.5 Turbo;MON105725;OK;0,95;3;cc/min;;1;N
2026-07-29 06:23:19;Leak Zero;1.5 Turbo;MON105743;OK;2,15;3;cc/min;;1;N
2026-07-29 06:23:24;Bloco;1.5 Turbo;USI100218;OK;2,86;5;cc/min;;1;N
2026-07-29 06:23:24;Cabeçote;1.5 Turbo;USI102991;OK;2,29;4;cc/min;;1;N
2026-07-29 06:24:17;Bloco;1.0;USI100251;OK;2,35;5;cc/min;;1;N
2026-07-29 06:24:17;Leak Zero;1.0;MON105715;OK;1,41;3;cc/min;;1;N
2026-07-29 06:24:28;Bloco;1.5;USI100215;OK;3,44;5;cc/min;;1;N
2026-07-29 06:24:28;Cabeçote;1.5;USI102988;OK;2,75;4;cc/min;;1;N
2026-07-29 06:24:33;Bloco;1.5 Turbo;USI100237;OK;1,45;5;cc/min;;1;N
2026-07-29 06:24:52;Bloco;1.5 Turbo;USI100233;OK;1,72;5;cc/min;;1;N
2026-07-29 06:25:14;Bloco;1.5 Turbo;USI100256;OK;1,34;5;cc/min;;1;N
2026-07-29 06:25:14;Leak Zero;1.5 Turbo;MON105720;OK;0,80;3;cc/min;;1;N
2026-07-29 06:25:22;Cabeçote;1.0;USI102999;OK;1,95;4;cc/min;;1;N
2026-07-29 06:25:22;Leak Zero;1.0;MON105752;OK;1,46;3;cc/min;;1;N
2026-07-29 06:25:28;Cabeçote;1.0;USI103011;OK;2,78;4;cc/min;;1;N
2026-07-29 06:26:09;Water Leak;1.0;MON108112;OK;2,97;6;cc/min;;1;N
2026-07-29 06:26:19;Bloco;1.0;USI100206;OK;2,50;5;cc/min;;1;S
2026-07-29 06:27:46;Water Leak;1.0;MON108120;OK;2,67;6;cc/min;;1;N
2026-07-29 06:28:03;Bloco;1.5 Turbo;USI100236;OK;2,53;5;cc/min;;1;N
2026-07-29 06:29:20;Water Leak;1.5;MON108116;OK;2,05;6;cc/min;;1;N
2026-07-29 06:29:23;Bloco;1.5;USI100232;OK;1,79;5;cc/min;;1;N
2026-07-29 06:29:49;Cabeçote;1.5;USI103007;OK;0,60;4;cc/min;;1;N
2026-07-29 06:30:20;Leak Zero;1.5 Turbo;MON105722;OK;1,47;3;cc/min;;1;N
2026-07-29 06:30:23;Bloco;1.5 Turbo;USI100238;OK;1,02;5;cc/min;;1;N
2026-07-29 06:31:11;Water Leak;1.0;MON108104;OK;4,07;6;cc/min;;1;N
2026-07-29 06:32:42;Water Leak;1.5;MON108117;OK;2,47;6;cc/min;;1;N
2026-07-29 06:33:49;Cabeçote;1.5 Turbo;USI103003;OK;2,43;4;cc/min;;1;N
2026-07-29 06:34:04;Water Leak;1.0;MON108109;OK;3,77;6;cc/min;;1;N
2026-07-29 06:34:05;Leak Zero;1.5 Turbo;MON105749;OK;0,72;3;cc/min;;1;N
2026-07-29 06:34:07;Cabeçote;1.5;USI103010;OK;2,48;4;cc/min;;1;N
2026-07-29 06:34:11;Bloco;1.5 Turbo;USI100250;OK;2,03;5;cc/min;;1;N
2026-07-29 06:34:11;Leak Zero;1.5 Turbo;MON105714;OK;1,22;3;cc/min;;1;N
2026-07-29 06:34:45;Bloco;1.0;USI100224;OK;2,79;5;cc/min;;1;N
2026-07-29 06:34:45;Cabeçote;1.0;USI102997;NOK;9,30;4;cc/min;Sede de válvula;1;N
2026-07-29 06:34:58;Cabeçote;1.0;USI103008;OK;2,31;4;cc/min;;1;N
2026-07-29 06:35:07;Bloco;1.5;USI100222;OK;2,69;5;cc/min;;1;N
2026-07-29 06:35:07;Cabeçote;1.5;USI102995;OK;2,16;4;cc/min;;1;N
2026-07-29 06:35:08;Bloco;1.5;USI100253;OK;2,55;5;cc/min;;1;N
2026-07-29 06:35:08;Leak Zero;1.5;MON105717;OK;1,53;3;cc/min;;1;N
2026-07-29 06:35:19;Leak Zero;1.0;MON105734;OK;1,52;3;cc/min;;1;N
2026-07-29 06:35:23;Bloco;1.0;USI100217;OK;0,91;5;cc/min;;1;N
2026-07-29 06:35:23;Cabeçote;1.0;USI102990;OK;0,73;4;cc/min;;1;N
2026-07-29 06:35:55;Bloco;1.0;USI100228;OK;3,09;5;cc/min;;1;N
2026-07-29 06:35:55;Water Leak;1.5;MON108111;OK;3,78;6;cc/min;;1;N
2026-07-29 06:35:59;Water Leak;1.5 Turbo;MON108118;OK;1,77;6;cc/min;;1;N
2026-07-29 06:36:15;Bloco;1.5;USI100210;OK;3,52;5;cc/min;;1;N
2026-07-29 06:36:15;Cabeçote;1.5;USI102983;OK;2,82;4;cc/min;;1;N
2026-07-29 06:36:16;Bloco;1.5;USI100221;OK;3,60;5;cc/min;;1;N
2026-07-29 06:36:16;Cabeçote;1.5;USI102994;OK;2,88;4;cc/min;;1;N
2026-07-29 06:36:50;Water Leak;1.0;MON108092;OK;2,51;6;cc/min;;1;N
2026-07-29 06:37:40;Water Leak;1.5 Turbo;MON108122;OK;4,17;6;cc/min;;1;N
2026-07-29 06:38:04;Water Leak;1.5;MON108096;OK;3,39;6;cc/min;;1;N
2026-07-29 06:38:07;Leak Zero;1.5;MON105742;OK;0,87;3;cc/min;;1;N
2026-07-29 06:39:39;Bloco;1.5;USI100229;OK;2,52;5;cc/min;;1;N
2026-07-29 06:39:39;Cabeçote;1.5;USI103006;OK;1,38;4;cc/min;;1;N
2026-07-29 06:39:41;Bloco;1.0;USI100209;OK;1,14;5;cc/min;;1;N
2026-07-29 06:39:41;Cabeçote;1.0;USI102982;OK;0,91;4;cc/min;;1;N
2026-07-29 06:39:43;Leak Zero;1.5 Turbo;MON105738;OK;1,53;3;cc/min;;1;N
2026-07-29 06:40:17;Water Leak;1.5 Turbo;MON108121;OK;3,96;6;cc/min;;1;N
2026-07-29 06:40:36;Water Leak;1.0;MON108099;OK;2,07;6;cc/min;;1;N
2026-07-29 06:40:49;Leak Zero;1.5;MON105727;OK;1,33;3;cc/min;;1;N
2026-07-29 06:41:03;Cabeçote;1.5;USI103005;OK;2,85;4;cc/min;;1;N
2026-07-29 06:41:33;Water Leak;1.5 Turbo;MON108114;OK;3,61;6;cc/min;;1;N
2026-07-29 06:42:04;Leak Zero;1.5;MON105736;OK;1,25;3;cc/min;;1;N
2026-07-29 06:43:11;Leak Zero;1.5 Turbo;MON105730;OK;1,45;3;cc/min;;1;N
2026-07-29 06:43:21;Bloco;1.5 Turbo;USI100241;OK;3,17;5;cc/min;;1;N
2026-07-29 06:43:37;Water Leak;1.0;MON108108;OK;3,20;6;cc/min;;1;N
2026-07-29 06:44:05;Bloco;1.5;USI100254;OK;2,76;5;cc/min;;1;N
2026-07-29 06:44:05;Leak Zero;1.5;MON105718;OK;1,66;3;cc/min;;1;N
2026-07-29 06:45:41;Bloco;1.0;USI100213;OK;1,53;5;cc/min;;1;N
2026-07-29 06:45:41;Bloco;1.0;USI100226;OK;1,01;5;cc/min;;1;N
2026-07-29 06:45:41;Cabeçote;1.0;USI102986;OK;1,23;4;cc/min;;1;N
2026-07-29 06:45:53;Cabeçote;1.0;USI102968;OK;0,80;4;cc/min;;1;N
2026-07-29 06:46:04;Cabeçote;1.0;USI103000;OK;0,90;4;cc/min;;1;N
2026-07-29 06:46:04;Leak Zero;1.0;MON105753;OK;0,68;3;cc/min;;1;N
2026-07-29 06:46:41;Water Leak;1.5;MON108103;OK;2,43;6;cc/min;;1;N
2026-07-29 06:46:58;Cabeçote;1.5;USI102975;OK;2,30;4;cc/min;;1;N
2026-07-29 06:47:01;Bloco;1.0;USI100235;OK;1,49;5;cc/min;;1;N
2026-07-29 06:47:19;Bloco;1.0;USI100225;OK;2,45;5;cc/min;;1;N
2026-07-29 06:47:56;Bloco;1.5;USI100211;OK;3,46;5;cc/min;;1;N
2026-07-29 06:47:56;Cabeçote;1.5;USI102984;OK;2,76;4;cc/min;;1;N
2026-07-29 06:48:14;Bloco;1.5;USI100245;OK;2,52;5;cc/min;;1;N
2026-07-29 06:48:32;Water Leak;1.5 Turbo;MON108098;OK;3,78;6;cc/min;;1;N
2026-07-29 06:49:31;Bloco;1.0;USI100220;OK;2,62;5;cc/min;;1;N
2026-07-29 06:49:31;Cabeçote;1.0;USI102993;OK;2,09;4;cc/min;;1;N
2026-07-29 06:49:38;Water Leak;1.5 Turbo;MON108094;OK;3,46;6;cc/min;;1;N
2026-07-29 06:50:41;Water Leak;1.5 Turbo;MON108095;OK;4,46;6;cc/min;;1;N
2026-07-29 06:50:45;Cabeçote;1.5 Turbo;USI102976;OK;2,91;4;cc/min;;1;N
2026-07-29 06:50:59;Leak Zero;1.5;MON105735;OK;1,69;3;cc/min;;1;N
2026-07-29 06:51:00;Leak Zero;1.5 Turbo;MON105729;OK;0,99;3;cc/min;;1;N
2026-07-29 06:53:06;Leak Zero;1.5;MON105726;OK;0,51;3;cc/min;;1;N
2026-07-29 06:53:11;Cabeçote;1.5;USI102963;OK;0,76;4;cc/min;;1;N
2026-07-29 06:53:35;Water Leak;1.0;MON108097;OK;3,47;6;cc/min;;1;N
2026-07-29 06:53:58;Water Leak;1.0;MON108119;OK;1,16;6;cc/min;;1;N
2026-07-29 06:54:13;Cabeçote;1.0;USI102972;NOK;8,64;4;cc/min;Guia de válvula;1;N
2026-07-29 06:54:13;Cabeçote;1.5 Turbo;USI103004;OK;1,85;4;cc/min;;1;N
2026-07-29 06:54:13;Cabeçote;1.5;USI102998;OK;1,23;4;cc/min;;1;N
2026-07-29 06:54:13;Leak Zero;1.5;MON105751;OK;0,92;3;cc/min;;1;N
2026-07-29 06:54:55;Leak Zero;1.0;MON105733;OK;1,66;3;cc/min;;1;N
2026-07-29 06:55:27;Bloco;1.5 Turbo;USI100255;OK;0,90;5;cc/min;;1;N
2026-07-29 06:55:27;Leak Zero;1.5 Turbo;MON105719;OK;0,54;3;cc/min;;1;N
2026-07-29 06:55:28;Cabeçote;1.5 Turbo;USI103002;OK;1,30;4;cc/min;;1;N
2026-07-29 06:55:43;Bloco;1.0;USI100219;OK;2,86;5;cc/min;;1;N
2026-07-29 06:55:43;Cabeçote;1.0;USI102992;OK;2,29;4;cc/min;;1;N
2026-07-29 06:55:43;Cabeçote;1.5;USI103009;OK;2,76;4;cc/min;;1;N
2026-07-29 06:55:46;Water Leak;1.5 Turbo;MON108101;OK;2,57;6;cc/min;;1;N
2026-07-29 06:56:07;Bloco;1.5 Turbo;USI100212;OK;2,34;5;cc/min;;1;N
2026-07-29 06:56:07;Cabeçote;1.5 Turbo;USI102985;OK;1,87;4;cc/min;;1;N
2026-07-29 06:56:12;Cabeçote;1.0;USI102973;OK;2,76;4;cc/min;;1;N
2026-07-29 06:56:19;Water Leak;1.5 Turbo;MON108105;OK;1,16;6;cc/min;;1;N
2026-07-29 06:56:34;Water Leak;1.0;MON108115;OK;4,35;6;cc/min;;1;N
2026-07-29 06:56:45;Cabeçote;1.0;USI102997;OK;2,00;4;cc/min;;1;S
2026-07-29 06:57:07;Bloco;1.5 Turbo;USI100246;OK;1,08;5;cc/min;;1;N
2026-07-29 06:57:30;Leak Zero;1.5;MON105746;OK;1,61;3;cc/min;;1;N
2026-07-29 06:58:32;Leak Zero;1.5;MON105724;OK;1,77;3;cc/min;;1;N
2026-07-29 06:58:55;Water Leak;1.0;MON108113;OK;3,59;6;cc/min;;1;N
2026-07-29 06:59:03;Leak Zero;1.5 Turbo;MON105748;OK;1,54;3;cc/min;;1;N
2026-07-29 06:59:29;Water Leak;1.5 Turbo;MON108106;OK;4,03;6;cc/min;;1;N
2026-07-29 06:59:35;Leak Zero;1.5 Turbo;MON105740;OK;2,22;3;cc/min;;1;N
2026-07-29 07:00:37;Water Leak;1.0;MON108100;OK;1,87;6;cc/min;;1;N
2026-07-29 07:00:58;Leak Zero;1.0;MON105750;OK;0,83;3;cc/min;;1;N
2026-07-29 07:01:15;Bloco;1.0;USI100247;OK;3,50;5;cc/min;;1;N
2026-07-29 07:01:15;Leak Zero;1.0;MON105711;OK;2,10;3;cc/min;;1;N
2026-07-29 07:01:31;Water Leak;1.5 Turbo;MON108102;OK;3,06;6;cc/min;;1;N
2026-07-29 07:01:36;Cabeçote;1.5 Turbo;USI102979;OK;1,36;4;cc/min;;1;N
2026-07-29 07:02:26;Cabeçote;1.5;USI102966;OK;1,56;4;cc/min;;1;N
2026-07-29 07:02:26;Leak Zero;1.5 Turbo;MON105744;OK;0,92;3;cc/min;;1;N
2026-07-29 07:02:26;Leak Zero;1.5 Turbo;MON105745;OK;0,63;3;cc/min;;1;N
2026-07-29 07:02:54;Cabeçote;1.5;USI102977;OK;2,37;4;cc/min;;1;N
2026-07-29 07:02:57;Leak Zero;1.5 Turbo;MON105731;OK;1,30;3;cc/min;;1;N
2026-07-29 07:03:01;Bloco;1.0;USI100243;OK;2,56;5;cc/min;;1;N
2026-07-29 07:03:02;Bloco;1.5 Turbo;USI100207;OK;3,62;5;cc/min;;1;N
2026-07-29 07:03:02;Cabeçote;1.5 Turbo;USI102980;OK;2,90;4;cc/min;;1;N
2026-07-29 07:03:25;Cabeçote;1.5;USI102971;OK;2,43;4;cc/min;;1;N
2026-07-29 07:03:41;Bloco;1.5;USI100244;OK;1,93;5;cc/min;;1;N
2026-07-29 07:03:56;Leak Zero;1.5 Turbo;MON105732;OK;1,06;3;cc/min;;1;N
2026-07-29 07:04:09;Bloco;1.0;USI100230;OK;1,43;5;cc/min;;1;N
2026-07-29 07:04:11;Water Leak;1.5 Turbo;MON108091;OK;4,05;6;cc/min;;1;N
2026-07-29 07:04:50;Bloco;1.5 Turbo;USI100239;OK;3,23;5;cc/min;;1;N
2026-07-29 07:04:54;Bloco;1.5 Turbo;USI100231;OK;2,45;5;cc/min;;1;N
2026-07-29 07:05:51;Water Leak;1.0;MON108123;OK;4,39;6;cc/min;;1;N
2026-07-29 07:06:23;Water Leak;1.5 Turbo;MON108090;OK;3,06;6;cc/min;;1;N
2026-07-29 07:07:00;Cabeçote;1.5;USI103001;OK;1,40;4;cc/min;;1;N
2026-07-29 07:07:05;Bloco;1.5 Turbo;USI100249;OK;3,29;5;cc/min;;1;N
2026-07-29 07:07:05;Leak Zero;1.5 Turbo;MON105713;OK;1,97;3;cc/min;;1;N
2026-07-29 07:08:06;Bloco;1.5;USI100208;OK;1,50;5;cc/min;;1;N
2026-07-29 07:08:06;Cabeçote;1.5;USI102981;OK;1,20;4;cc/min;;1;N
2026-07-29 07:08:12;Bloco;1.5;USI100242;OK;2,48;5;cc/min;;1;N
2026-07-29 07:09:04;Leak Zero;1.0;MON105739;OK;1,63;3;cc/min;;1;N
2026-07-29 07:09:27;Bloco;1.5;USI100227;OK;2,04;5;cc/min;;1;N
2026-07-29 07:09:52;Cabeçote;1.5;USI103012;OK;1,54;4;cc/min;;1;N
2026-07-29 07:09:52;Leak Zero;1.5 Turbo;MON105728;OK;1,37;3;cc/min;;1;N
2026-07-29 07:10:32;Leak Zero;1.5;MON105737;OK;0,78;3;cc/min;;1;N
2026-07-29 07:11:27;Cabeçote;1.0;USI102969;OK;2,78;4;cc/min;;1;N
2026-07-29 07:11:38;Cabeçote;1.5;USI102965;OK;1,20;4;cc/min;;1;N
2026-07-29 07:12:24;Bloco;1.0;USI100216;NOK;14,21;5;cc/min;Face de fogo;1;N
2026-07-29 07:12:24;Cabeçote;1.0;USI102989;NOK;11,37;4;cc/min;Guia de válvula;1;N
2026-07-29 07:12:36;Cabeçote;1.5;USI102974;OK;1,11;4;cc/min;;1;N
2026-07-29 07:12:59;Bloco;1.5 Turbo;USI100214;OK;3,49;5;cc/min;;1;N
2026-07-29 07:12:59;Cabeçote;1.5 Turbo;USI102987;OK;2,79;4;cc/min;;1;N
2026-07-29 07:13:08;Bloco;1.5;USI100252;OK;2,52;5;cc/min;;1;N
2026-07-29 07:13:08;Leak Zero;1.5;MON105716;OK;1,51;3;cc/min;;1;N
2026-07-29 07:13:15;Bloco;1.0;USI100234;OK;1,23;5;cc/min;;1;N
2026-07-29 07:13:47;Bloco;1.5 Turbo;USI100248;OK;0,80;5;cc/min;;1;N
2026-07-29 07:13:47;Leak Zero;1.5 Turbo;MON105712;OK;0,48;3;cc/min;;1;N
2026-07-29 07:14:44;Leak Zero;1.5 Turbo;MON105721;NOK;7,23;3;cc/min;Junta do cabeçote;1;N
2026-07-29 07:14:59;Bloco;1.5;USI100223;OK;1,45;5;cc/min;;1;N
2026-07-29 07:14:59;Cabeçote;1.5;USI102996;OK;1,16;4;cc/min;;1;N
2026-07-29 07:15:23;Bloco;1.5;USI100240;OK;1,18;5;cc/min;;1;N
2026-07-29 07:15:45;Cabeçote;1.5 Turbo;USI102967;OK;2,01;4;cc/min;;1;N
2026-07-29 07:16:13;Cabeçote;1.0;USI102972;OK;2,00;4;cc/min;;1;S
2026-07-29 07:16:53;Water Leak;1.5;MON108110;OK;3,80;6;cc/min;;1;N
2026-07-29 07:17:07;Leak Zero;1.5 Turbo;MON105747;OK;1,09;3;cc/min;;1;N
2026-07-29 07:17:55;Leak Zero;1.5;MON105723;OK;1,84;3;cc/min;;1;N
2026-07-29 07:18:06;Cabeçote;1.5;USI102964;OK;2,72;4;cc/min;;1;N
2026-07-29 07:19:09;Water Leak;1.5 Turbo;MON108107;OK;3,24;6;cc/min;;1;N
2026-07-29 07:19:28;Cabeçote;1.5;USI102978;OK;1,46;4;cc/min;;1;N
2026-07-29 07:20:07;Cabeçote;1.5 Turbo;USI102970;OK;0,66;4;cc/min;;1;N
2026-07-29 07:20:29;Bloco;1.5;USI100277;OK;1,92;5;cc/min;;1;N
2026-07-29 07:21:00;Cabeçote;1.0;USI103018;OK;2,24;4;cc/min;;1;N
2026-07-29 07:21:00;Leak Zero;1.0;MON105771;OK;1,68;3;cc/min;;1;N
2026-07-29 07:21:05;Bloco;1.5 Turbo;USI100310;OK;3,07;5;cc/min;;1;N
2026-07-29 07:21:50;Cabeçote;1.5;USI103015;OK;2,34;4;cc/min;;1;N
2026-07-29 07:21:50;Leak Zero;1.5;MON105768;OK;1,76;3;cc/min;;1;N
2026-07-29 07:22:16;Leak Zero;1.5 Turbo;MON105788;OK;1,37;3;cc/min;;1;N
2026-07-29 07:22:57;Bloco;1.5 Turbo;USI100261;OK;1,58;5;cc/min;;1;N
2026-07-29 07:22:57;Water Leak;1.5 Turbo;MON108152;OK;1,90;6;cc/min;;1;N
2026-07-29 07:23:19;Bloco;1.5 Turbo;USI100279;OK;3,59;5;cc/min;;1;N
2026-07-29 07:23:24;Cabeçote;1.5 Turbo;USI103050;OK;2,29;4;cc/min;;1;N
2026-07-29 07:24:17;Water Leak;1.0;MON108142;OK;2,82;6;cc/min;;1;N
2026-07-29 07:24:28;Cabeçote;1.5;USI103047;OK;2,75;4;cc/min;;1;N
2026-07-29 07:24:33;Water Leak;1.5 Turbo;MON108128;OK;1,74;6;cc/min;;1;N
2026-07-29 07:24:36;Leak Zero;1.5;MON105761;OK;0,58;3;cc/min;;1;N
2026-07-29 07:24:52;Water Leak;1.5 Turbo;MON108124;OK;2,07;6;cc/min;;1;N
2026-07-29 07:25:14;Water Leak;1.5 Turbo;MON108147;OK;1,60;6;cc/min;;1;N
2026-07-29 07:25:22;Bloco;1.0;USI100288;OK;2,44;5;cc/min;;1;N
2026-07-29 07:25:28;Bloco;1.0;USI100300;OK;3,48;5;cc/min;;1;N
2026-07-29 07:26:44;Bloco;1.5;USI100308;OK;1,02;5;cc/min;;1;N
2026-07-29 07:28:03;Water Leak;1.5 Turbo;MON108127;OK;3,03;6;cc/min;;1;N
2026-07-29 07:28:46;Bloco;1.5;USI100302;OK;3,30;5;cc/min;;1;N
2026-07-29 07:28:56;Leak Zero;1.5 Turbo;MON105764;OK;2,11;3;cc/min;;1;N
2026-07-29 07:29:49;Bloco;1.5;USI100296;OK;0,75;5;cc/min;;1;N
2026-07-29 07:30:20;Bloco;1.5 Turbo;USI100258;OK;2,45;5;cc/min;;1;N
2026-07-29 07:30:20;Water Leak;1.5 Turbo;MON108149;OK;2,94;6;cc/min;;1;N
2026-07-29 07:30:23;Water Leak;1.5 Turbo;MON108129;OK;1,22;6;cc/min;;1;N
2026-07-29 07:32:12;Cabeçote;1.5;USI103017;OK;2,08;4;cc/min;;1;N
2026-07-29 07:32:12;Leak Zero;1.5;MON105770;OK;1,56;3;cc/min;;1;N
2026-07-29 07:33:49;Bloco;1.5 Turbo;USI100292;OK;3,03;5;cc/min;;1;N
2026-07-29 07:34:05;Bloco;1.5 Turbo;USI100285;OK;1,21;5;cc/min;;1;N
2026-07-29 07:34:07;Bloco;1.5;USI100299;OK;3,10;5;cc/min;;1;N
2026-07-29 07:34:11;Water Leak;1.5 Turbo;MON108141;OK;2,44;6;cc/min;;1;N
2026-07-29 07:34:24;Bloco;1.0;USI100216;OK;2,50;5;cc/min;;1;S
2026-07-29 07:34:24;Cabeçote;1.0;USI102989;OK;2,00;4;cc/min;;1;S
2026-07-29 07:34:58;Bloco;1.0;USI100297;OK;2,88;5;cc/min;;1;N
2026-07-29 07:35:08;Water Leak;1.5;MON108144;OK;3,07;6;cc/min;;1;N
2026-07-29 07:35:19;Bloco;1.0;USI100270;OK;2,53;5;cc/min;;1;N
2026-07-29 07:35:19;Water Leak;1.0;MON108161;OK;3,04;6;cc/min;;1;N
2026-07-29 07:35:23;Cabeçote;1.0;USI103049;OK;0,73;4;cc/min;;1;N
2026-07-29 07:36:15;Cabeçote;1.5;USI103042;OK;2,82;4;cc/min;;1;N
2026-07-29 07:36:50;Leak Zero;1.0;MON105787;OK;1,25;3;cc/min;;1;N
2026-07-29 07:38:04;Leak Zero;1.5;MON105791;OK;1,69;3;cc/min;;1;N
2026-07-29 07:38:07;Bloco;1.5;USI100278;OK;1,45;5;cc/min;;1;N
2026-07-29 07:39:39;Bloco;1.5;USI100295;OK;1,73;5;cc/min;;1;N
2026-07-29 07:39:41;Cabeçote;1.0;USI103041;OK;0,91;4;cc/min;;1;N
2026-07-29 07:39:43;Bloco;1.5 Turbo;USI100274;OK;2,56;5;cc/min;;1;N
2026-07-29 07:40:36;Leak Zero;1.0;MON105794;OK;1,04;3;cc/min;;1;N
2026-07-29 07:40:49;Bloco;1.5;USI100263;OK;2,22;5;cc/min;;1;N
2026-07-29 07:40:49;Water Leak;1.5;MON108154;OK;2,67;6;cc/min;;1;N
2026-07-29 07:41:03;Bloco;1.5;USI100294;OK;3,56;5;cc/min;;1;N
2026-07-29 07:42:04;Bloco;1.5;USI100272;OK;2,08;5;cc/min;;1;N
2026-07-29 07:43:11;Bloco;1.5 Turbo;USI100266;OK;2,42;5;cc/min;;1;N
2026-07-29 07:43:11;Water Leak;1.5 Turbo;MON108157;OK;2,91;6;cc/min;;1;N
2026-07-29 07:43:21;Water Leak;1.5 Turbo;MON108132;OK;3,81;6;cc/min;;1;N
2026-07-29 07:43:42;Bloco;1.0;USI100306;OK;2,35;5;cc/min;;1;N
2026-07-29 07:44:05;Water Leak;1.5;MON108145;OK;3,32;6;cc/min;;1;N
2026-07-29 07:45:25;Leak Zero;1.0;MON105760;OK;0,69;3;cc/min;;1;N
2026-07-29 07:45:41;Cabeçote;1.0;USI103045;OK;1,23;4;cc/min;;1;N
2026-07-29 07:45:53;Cabeçote;1.0;USI103027;OK;0,80;4;cc/min;;1;N
2026-07-29 07:45:53;Leak Zero;1.0;MON105780;OK;0,60;3;cc/min;;1;N
2026-07-29 07:46:04;Bloco;1.0;USI100289;OK;1,13;5;cc/min;;1;N
2026-07-29 07:46:58;Cabeçote;1.5;USI103034;OK;2,30;4;cc/min;;1;N
2026-07-29 07:47:01;Water Leak;1.0;MON108126;OK;1,79;6;cc/min;;1;N
2026-07-29 07:47:56;Cabeçote;1.5;USI103043;OK;2,76;4;cc/min;;1;N
2026-07-29 07:48:14;Water Leak;1.5;MON108136;OK;3,02;6;cc/min;;1;N
2026-07-29 07:48:20;Leak Zero;1.0;MON105763;OK;1,79;3;cc/min;;1;N
2026-07-29 07:48:32;Leak Zero;1.5 Turbo;MON105793;OK;1,89;3;cc/min;;1;N
2026-07-29 07:49:25;Cabeçote;1.5 Turbo;USI103019;OK;2,74;4;cc/min;;1;N
2026-07-29 07:49:25;Leak Zero;1.5 Turbo;MON105772;OK;2,06;3;cc/min;;1;N
2026-07-29 07:49:35;Leak Zero;1.5;MON105754;OK;1,77;3;cc/min;;1;N
2026-07-29 07:49:38;Leak Zero;1.5 Turbo;MON105789;OK;1,73;3;cc/min;;1;N
2026-07-29 07:50:41;Leak Zero;1.5 Turbo;MON105790;OK;2,23;3;cc/min;;1;N
2026-07-29 07:50:45;Cabeçote;1.5 Turbo;USI103035;OK;2,91;4;cc/min;;1;N
2026-07-29 07:50:59;Bloco;1.5;USI100271;OK;2,82;5;cc/min;;1;N
2026-07-29 07:51:00;Bloco;1.5 Turbo;USI100265;OK;1,64;5;cc/min;;1;N
2026-07-29 07:51:00;Water Leak;1.5 Turbo;MON108156;OK;1,97;6;cc/min;;1;N
2026-07-29 07:53:06;Bloco;1.5;USI100262;OK;0,86;5;cc/min;;1;N
2026-07-29 07:53:06;Water Leak;1.5;MON108153;OK;1,03;6;cc/min;;1;N
2026-07-29 07:53:11;Cabeçote;1.5;USI103022;OK;0,76;4;cc/min;;1;N
2026-07-29 07:53:11;Leak Zero;1.5;MON105775;OK;0,57;3;cc/min;;1;N
2026-07-29 07:53:35;Leak Zero;1.0;MON105792;OK;1,74;3;cc/min;;1;N
2026-07-29 07:54:13;Bloco;1.5 Turbo;USI100293;OK;2,31;5;cc/min;;1;N
2026-07-29 07:54:13;Bloco;1.5;USI100287;OK;1,54;5;cc/min;;1;N
2026-07-29 07:54:13;Cabeçote;1.0;USI103031;NOK;8,64;4;cc/min;Guia de válvula;1;N
2026-07-29 07:54:13;Leak Zero;1.0;MON105784;OK;1,51;3;cc/min;;1;N
2026-07-29 07:54:51;Bloco;1.0;USI100304;OK;1,72;5;cc/min;;1;N
2026-07-29 07:54:55;Bloco;1.0;USI100269;OK;2,77;5;cc/min;;1;N
2026-07-29 07:54:55;Water Leak;1.0;MON108160;OK;3,33;6;cc/min;;1;N
2026-07-29 07:55:27;Water Leak;1.5 Turbo;MON108146;OK;1,08;6;cc/min;;1;N
2026-07-29 07:55:28;Bloco;1.5 Turbo;USI100291;OK;1,62;5;cc/min;;1;N
2026-07-29 07:55:32;Bloco;1.0;USI100307;OK;3,18;5;cc/min;;1;N
2026-07-29 07:55:43;Bloco;1.5;USI100298;OK;3,45;5;cc/min;;1;N
2026-07-29 07:55:47;Cabeçote;1.5 Turbo;USI103013;OK;2,52;4;cc/min;;1;N
2026-07-29 07:55:47;Leak Zero;1.0;MON105759;OK;1,26;3;cc/min;;1;N
2026-07-29 07:55:47;Leak Zero;1.0;MON105765;OK;1,15;3;cc/min;;1;N
2026-07-29 07:55:47;Leak Zero;1.5 Turbo;MON105766;OK;1,89;3;cc/min;;1;N
2026-07-29 07:55:51;Leak Zero;1.0;MON105758;OK;2,04;3;cc/min;;1;N
2026-07-29 07:56:07;Cabeçote;1.5 Turbo;USI103044;OK;1,87;4;cc/min;;1;N
2026-07-29 07:56:12;Cabeçote;1.0;USI103032;OK;2,76;4;cc/min;;1;N
2026-07-29 07:56:19;Leak Zero;1.0;MON105762;OK;0,76;3;cc/min;;1;N
2026-07-29 07:56:20;Bloco;1.5 Turbo;USI100305;OK;2,11;5;cc/min;;1;N
2026-07-29 07:57:07;Water Leak;1.5 Turbo;MON108137;OK;1,29;6;cc/min;;1;N
2026-07-29 07:57:10;Cabeçote;1.5;USI103014;OK;2,31;4;cc/min;;1;N
2026-07-29 07:57:10;Leak Zero;1.5;MON105767;OK;1,74;3;cc/min;;1;N
2026-07-29 07:57:30;Bloco;1.5;USI100282;OK;2,69;5;cc/min;;1;N
2026-07-29 07:58:32;Bloco;1.5;USI100260;OK;2,95;5;cc/min;;1;N
2026-07-29 07:58:32;Water Leak;1.5;MON108151;OK;3,54;6;cc/min;;1;N
2026-07-29 07:59:03;Bloco;1.5 Turbo;USI100284;OK;2,57;5;cc/min;;1;N
2026-07-29 07:59:35;Bloco;1.5 Turbo;USI100276;OK;3,70;5;cc/min;;1;N
2026-07-29 08:00:37;Leak Zero;1.0;MON105795;OK;0,93;3;cc/min;;1;N
2026-07-29 08:00:58;Bloco;1.0;USI100286;OK;1,38;5;cc/min;;1;N
2026-07-29 08:01:15;Water Leak;1.0;MON108138;OK;4,19;6;cc/min;;1;N
2026-07-29 08:01:36;Cabeçote;1.5 Turbo;USI103038;OK;1,36;4;cc/min;;1;N
2026-07-29 08:02:26;Bloco;1.5 Turbo;USI100280;OK;1,54;5;cc/min;;1;N
2026-07-29 08:02:26;Bloco;1.5 Turbo;USI100281;OK;1,05;5;cc/min;;1;N
2026-07-29 08:02:26;Cabeçote;1.5;USI103025;OK;1,56;4;cc/min;;1;N
2026-07-29 08:02:26;Leak Zero;1.5;MON105778;OK;1,17;3;cc/min;;1;N
2026-07-29 08:02:54;Cabeçote;1.5;USI103036;OK;2,37;4;cc/min;;1;N
2026-07-29 08:02:57;Bloco;1.5 Turbo;USI100267;OK;2,17;5;cc/min;;1;N
2026-07-29 08:02:57;Water Leak;1.5 Turbo;MON108158;OK;2,60;6;cc/min;;1;N
2026-07-29 08:03:01;Water Leak;1.0;MON108134;OK;3,07;6;cc/min;;1;N
2026-07-29 08:03:02;Cabeçote;1.5 Turbo;USI103039;OK;2,90;4;cc/min;;1;N
2026-07-29 08:03:25;Cabeçote;1.5;USI103030;OK;2,43;4;cc/min;;1;N
2026-07-29 08:03:25;Leak Zero;1.5;MON105783;OK;1,82;3;cc/min;;1;N
2026-07-29 08:03:41;Water Leak;1.5;MON108135;OK;2,31;6;cc/min;;1;N
2026-07-29 08:03:56;Bloco;1.5 Turbo;USI100268;OK;1,77;5;cc/min;;1;N
2026-07-29 08:03:56;Water Leak;1.5 Turbo;MON108159;OK;2,13;6;cc/min;;1;N
2026-07-29 08:04:11;Leak Zero;1.5 Turbo;MON105786;OK;2,02;3;cc/min;;1;N
2026-07-29 08:04:27;Cabeçote;1.5;USI103016;OK;1,72;4;cc/min;;1;N
2026-07-29 08:04:27;Leak Zero;1.5;MON105769;OK;1,29;3;cc/min;;1;N
2026-07-29 08:04:50;Water Leak;1.5 Turbo;MON108130;OK;3,88;6;cc/min;;1;N
2026-07-29 08:06:23;Leak Zero;1.5 Turbo;MON105785;OK;1,53;3;cc/min;;1;N
2026-07-29 08:07:00;Bloco;1.5;USI100290;OK;1,76;5;cc/min;;1;N
2026-07-29 08:07:05;Water Leak;1.5 Turbo;MON108140;OK;3,95;6;cc/min;;1;N
2026-07-29 08:08:06;Cabeçote;1.5;USI103040;OK;1,20;4;cc/min;;1;N
2026-07-29 08:08:12;Water Leak;1.5;MON108133;OK;2,98;6;cc/min;;1;N
2026-07-29 08:08:37;Bloco;1.5;USI100303;OK;1,76;5;cc/min;;1;N
2026-07-29 08:09:04;Bloco;1.0;USI100275;OK;2,72;5;cc/min;;1;N
2026-07-29 08:09:52;Bloco;1.5 Turbo;USI100264;OK;2,28;5;cc/min;;1;N
2026-07-29 08:09:52;Bloco;1.5;USI100301;OK;1,92;5;cc/min;;1;N
2026-07-29 08:09:52;Water Leak;1.5 Turbo;MON108155;OK;2,73;6;cc/min;;1;N
2026-07-29 08:10:09;Cabeçote;1.0;USI103020;OK;2,48;4;cc/min;;1;N
2026-07-29 08:10:09;Leak Zero;1.0;MON105773;OK;1,86;3;cc/min;;1;N
2026-07-29 08:10:32;Bloco;1.5;USI100273;OK;1,30;5;cc/min;;1;N
2026-07-29 08:11:10;Leak Zero;1.0;MON105755;OK;1,79;3;cc/min;;1;N
2026-07-29 08:11:27;Cabeçote;1.0;USI103028;OK;2,78;4;cc/min;;1;N
2026-07-29 08:11:27;Leak Zero;1.0;MON105781;OK;2,09;3;cc/min;;1;N
2026-07-29 08:11:38;Cabeçote;1.5;USI103024;OK;1,20;4;cc/min;;1;N
2026-07-29 08:11:38;Leak Zero;1.5;MON105777;OK;0,90;3;cc/min;;1;N
2026-07-29 08:11:43;Bloco;1.0;USI100257;OK;2,91;5;cc/min;;1;N
2026-07-29 08:12:24;Cabeçote;1.0;USI103048;NOK;11,37;4;cc/min;Guia de válvula;1;N
2026-07-29 08:12:36;Cabeçote;1.5;USI103033;OK;1,11;4;cc/min;;1;N
2026-07-29 08:12:56;Cabeçote;1.5 Turbo;USI103021;OK;1,16;4;cc/min;;1;N
2026-07-29 08:12:56;Leak Zero;1.5 Turbo;MON105774;OK;0,87;3;cc/min;;1;N
2026-07-29 08:12:59;Cabeçote;1.5 Turbo;USI103046;OK;2,79;4;cc/min;;1;N
2026-07-29 08:13:08;Water Leak;1.5;MON108143;OK;3,02;6;cc/min;;1;N
2026-07-29 08:13:15;Water Leak;1.0;MON108125;OK;1,48;6;cc/min;;1;N
2026-07-29 08:13:47;Water Leak;1.5 Turbo;MON108139;OK;0,95;6;cc/min;;1;N
2026-07-29 08:14:42;Leak Zero;1.5;MON105756;OK;0,73;3;cc/min;;1;N
2026-07-29 08:14:44;Water Leak;1.5 Turbo;MON108148;NOK;14,45;6;cc/min;Bomba d'água;1;N
2026-07-29 08:15:05;Bloco;1.5 Turbo;USI100309;OK;3,15;5;cc/min;;1;N
2026-07-29 08:15:23;Water Leak;1.5;MON108131;OK;1,42;6;cc/min;;1;N
2026-07-29 08:15:45;Cabeçote;1.5 Turbo;USI103026;OK;2,01;4;cc/min;;1;N
2026-07-29 08:15:45;Leak Zero;1.5 Turbo;MON105779;OK;1,51;3;cc/min;;1;N
2026-07-29 08:16:13;Cabeçote;1.0;USI103031;OK;2,00;4;cc/min;;1;S
2026-07-29 08:17:07;Bloco;1.5 Turbo;USI100283;OK;1,82;5;cc/min;;1;N
2026-07-29 08:17:55;Bloco;1.5;USI100259;OK;3,06;5;cc/min;;1;N
2026-07-29 08:17:55;Water Leak;1.5;MON108150;OK;3,67;6;cc/min;;1;N
2026-07-29 08:18:06;Cabeçote;1.5;USI103023;OK;2,72;4;cc/min;;1;N
2026-07-29 08:18:06;Leak Zero;1.5;MON105776;OK;2,04;3;cc/min;;1;N
2026-07-29 08:18:16;Leak Zero;1.5;MON105757;OK;0,59;3;cc/min;;1;N
2026-07-29 08:19:28;Cabeçote;1.5;USI103037;OK;1,46;4;cc/min;;1;N
2026-07-29 08:20:07;Cabeçote;1.5 Turbo;USI103029;OK;0,66;4;cc/min;;1;N
2026-07-29 08:20:07;Leak Zero;1.5 Turbo;MON105782;OK;0,49;3;cc/min;;1;N
2026-07-29 08:20:15;Bloco;1.0;USI100358;OK;0,97;5;cc/min;;1;N
2026-07-29 08:20:15;Cabeçote;1.0;USI103067;OK;0,78;4;cc/min;;1;N
2026-07-29 08:21:00;Water Leak;1.0;MON108198;OK;3,37;6;cc/min;;1;N
2026-07-29 08:21:50;Water Leak;1.5;MON108195;OK;3,51;6;cc/min;;1;N
2026-07-29 08:22:16;Bloco;1.5 Turbo;USI100324;OK;2,28;5;cc/min;;1;N
2026-07-29 08:22:57;Cabeçote;1.5 Turbo;USI103093;OK;1,27;4;cc/min;;1;N
2026-07-29 08:23:24;Leak Zero;1.5 Turbo;MON105804;OK;1,72;3;cc/min;;1;N
2026-07-29 08:24:28;Water Leak;1.5;MON108166;OK;4,12;6;cc/min;;1;N
2026-07-29 08:24:30;Water Leak;1.5 Turbo;MON108180;OK;2,07;6;cc/min;;1;N
2026-07-29 08:24:33;Leak Zero;1.5 Turbo;MON105823;OK;0,87;3;cc/min;;1;N
2026-07-29 08:24:36;Water Leak;1.5;MON108188;OK;1,16;6;cc/min;;1;N
2026-07-29 08:24:52;Leak Zero;1.5 Turbo;MON105819;OK;1,03;3;cc/min;;1;N
2026-07-29 08:25:29;Cabeçote;1.5 Turbo;USI103079;OK;2,60;4;cc/min;;1;N
2026-07-29 08:26:09;Bloco;1.0;USI100343;OK;2,48;5;cc/min;;1;N
2026-07-29 08:26:09;Cabeçote;1.0;USI103052;OK;1,98;4;cc/min;;1;N
2026-07-29 08:27:46;Bloco;1.0;USI100351;OK;2,22;5;cc/min;;1;N
2026-07-29 08:27:46;Cabeçote;1.0;USI103060;OK;1,78;4;cc/min;;1;N
2026-07-29 08:28:03;Leak Zero;1.5 Turbo;MON105822;OK;1,52;3;cc/min;;1;N
2026-07-29 08:28:56;Water Leak;1.5 Turbo;MON108191;OK;4,21;6;cc/min;;1;N
2026-07-29 08:29:20;Bloco;1.5;USI100347;OK;1,71;5;cc/min;;1;N
2026-07-29 08:29:20;Cabeçote;1.5;USI103056;OK;1,37;4;cc/min;;1;N
2026-07-29 08:29:23;Leak Zero;1.5;MON105818;OK;1,08;3;cc/min;;1;N
2026-07-29 08:30:20;Cabeçote;1.5 Turbo;USI103090;OK;1,96;4;cc/min;;1;N
2026-07-29 08:30:23;Leak Zero;1.5 Turbo;MON105824;OK;0,61;3;cc/min;;1;N
2026-07-29 08:31:11;Bloco;1.0;USI100335;OK;3,39;5;cc/min;;1;N
2026-07-29 08:31:39;Cabeçote;1.5 Turbo;USI103083;OK;2,66;4;cc/min;;1;N
2026-07-29 08:32:12;Water Leak;1.5;MON108197;OK;3,12;6;cc/min;;1;N
2026-07-29 08:32:42;Bloco;1.5;USI100348;OK;2,06;5;cc/min;;1;N
2026-07-29 08:32:42;Cabeçote;1.5;USI103057;OK;1,64;4;cc/min;;1;N
2026-07-29 08:34:04;Bloco;1.0;USI100340;OK;3,14;5;cc/min;;1;N
2026-07-29 08:34:24;Cabeçote;1.0;USI103048;OK;2,00;4;cc/min;;1;S
2026-07-29 08:34:36;Water Leak;1.5;MON108179;OK;1,84;6;cc/min;;1;N
2026-07-29 08:34:45;Leak Zero;1.0;MON105810;OK;1,67;3;cc/min;;1;N
2026-07-29 08:35:07;Leak Zero;1.5;MON105808;OK;1,62;3;cc/min;;1;N
2026-07-29 08:35:23;Leak Zero;1.0;MON105803;OK;0,54;3;cc/min;;1;N
2026-07-29 08:35:51;Leak Zero;1.5;MON105799;OK;1,92;3;cc/min;;1;N
2026-07-29 08:35:55;Bloco;1.5;USI100342;OK;3,15;5;cc/min;;1;N
2026-07-29 08:35:55;Cabeçote;1.5;USI103051;OK;2,52;4;cc/min;;1;N
2026-07-29 08:35:55;Leak Zero;1.0;MON105814;OK;1,86;3;cc/min;;1;N
2026-07-29 08:35:59;Bloco;1.5 Turbo;USI100349;OK;1,47;5;cc/min;;1;N
2026-07-29 08:35:59;Cabeçote;1.5 Turbo;USI103058;OK;1,18;4;cc/min;;1;N
2026-07-29 08:36:16;Leak Zero;1.5;MON105807;OK;2,16;3;cc/min;;1;N
2026-07-29 08:36:50;Bloco;1.0;USI100323;OK;2,09;5;cc/min;;1;N
2026-07-29 08:37:40;Bloco;1.5 Turbo;USI100353;OK;3,48;5;cc/min;;1;N
2026-07-29 08:37:40;Cabeçote;1.5 Turbo;USI103062;OK;2,78;4;cc/min;;1;N
2026-07-29 08:38:04;Bloco;1.5;USI100327;OK;2,82;5;cc/min;;1;N
2026-07-29 08:39:18;Water Leak;1.5;MON108177;OK;2,43;6;cc/min;;1;N
2026-07-29 08:39:30;Cabeçote;1.5 Turbo;USI103075;OK;2,37;4;cc/min;;1;N
2026-07-29 08:39:39;Leak Zero;1.5;MON105815;OK;1,51;3;cc/min;;1;N
2026-07-29 08:39:45;Bloco;1.5;USI100357;OK;2,01;5;cc/min;;1;N
2026-07-29 08:39:45;Cabeçote;1.5;USI103066;OK;1,61;4;cc/min;;1;N
2026-07-29 08:40:17;Bloco;1.5 Turbo;USI100352;OK;3,30;5;cc/min;;1;N
2026-07-29 08:40:17;Cabeçote;1.5 Turbo;USI103061;OK;2,64;4;cc/min;;1;N
2026-07-29 08:40:25;Cabeçote;1.5 Turbo;USI103074;OK;0,67;4;cc/min;;1;N
2026-07-29 08:40:36;Bloco;1.0;USI100330;OK;1,73;5;cc/min;;1;N
2026-07-29 08:40:49;Cabeçote;1.5;USI103095;OK;1,78;4;cc/min;;1;N
2026-07-29 08:41:33;Bloco;1.5 Turbo;USI100345;OK;3,00;5;cc/min;;1;N
2026-07-29 08:41:33;Cabeçote;1.5 Turbo;USI103054;OK;2,40;4;cc/min;;1;N
2026-07-29 08:42:45;Cabeçote;1.0;USI103084;OK;2,29;4;cc/min;;1;N
2026-07-29 08:43:21;Leak Zero;1.5 Turbo;MON105827;OK;1,90;3;cc/min;;1;N
2026-07-29 08:43:37;Bloco;1.0;USI100339;OK;2,67;5;cc/min;;1;N
2026-07-29 08:43:37;Cabeçote;1.5;USI103072;OK;2,02;4;cc/min;;1;N
2026-07-29 08:45:25;Water Leak;1.0;MON108187;OK;1,37;6;cc/min;;1;N
2026-07-29 08:45:41;Leak Zero;1.0;MON105812;OK;0,61;3;cc/min;;1;N
2026-07-29 08:45:41;Water Leak;1.0;MON108164;OK;1,84;6;cc/min;;1;N
2026-07-29 08:45:53;Bloco;1.0;USI100316;OK;1,00;5;cc/min;;1;N
2026-07-29 08:46:17;Water Leak;1.0;MON108178;OK;3,86;6;cc/min;;1;N
2026-07-29 08:46:41;Bloco;1.5;USI100334;OK;2,03;5;cc/min;;1;N
2026-07-29 08:47:01;Leak Zero;1.0;MON105821;OK;0,89;3;cc/min;;1;N
2026-07-29 08:47:19;Leak Zero;1.0;MON105811;OK;1,47;3;cc/min;;1;N
2026-07-29 08:47:24;Cabeçote;1.5;USI103076;OK;1,08;4;cc/min;;1;N
2026-07-29 08:47:56;Water Leak;1.5;MON108162;OK;4,15;6;cc/min;;1;N
2026-07-29 08:48:14;Leak Zero;1.5;MON105831;OK;1,51;3;cc/min;;1;N
2026-07-29 08:48:20;Water Leak;1.0;MON108190;OK;3,58;6;cc/min;;1;N
2026-07-29 08:48:32;Bloco;1.5 Turbo;USI100329;OK;3,15;5;cc/min;;1;N
2026-07-29 08:49:25;Water Leak;1.5 Turbo;MON108199;OK;4,12;6;cc/min;;1;N
2026-07-29 08:49:31;Leak Zero;1.0;MON105806;OK;1,57;3;cc/min;;1;N
2026-07-29 08:49:35;Water Leak;1.5;MON108181;OK;3,54;6;cc/min;;1;N
2026-07-29 08:49:38;Bloco;1.5 Turbo;USI100325;OK;2,89;5;cc/min;;1;N
2026-07-29 08:50:41;Bloco;1.5 Turbo;USI100326;OK;3,71;5;cc/min;;1;N
2026-07-29 08:51:21;Bloco;1.0;USI100355;OK;2,53;5;cc/min;;1;N
2026-07-29 08:51:21;Cabeçote;1.0;USI103064;OK;2,03;4;cc/min;;1;N
2026-07-29 08:52:02;Leak Zero;1.0;MON105798;OK;1,04;3;cc/min;;1;N
2026-07-29 08:52:13;Cabeçote;1.5;USI103077;OK;0,63;4;cc/min;;1;N
2026-07-29 08:53:06;Cabeçote;1.5;USI103094;OK;0,68;4;cc/min;;1;N
2026-07-29 08:53:11;Bloco;1.5;USI100311;OK;0,96;5;cc/min;;1;N
2026-07-29 08:53:35;Bloco;1.0;USI100328;OK;2,89;5;cc/min;;1;N
2026-07-29 08:53:58;Bloco;1.0;USI100350;OK;0,97;5;cc/min;;1;N
2026-07-29 08:53:58;Cabeçote;1.0;USI103059;OK;0,77;4;cc/min;;1;N
2026-07-29 08:54:13;Bloco;1.0;USI100320;OK;2,52;5;cc/min;;1;N
2026-07-29 08:54:37;Cabeçote;1.5;USI103085;OK;2,82;4;cc/min;;1;N
2026-07-29 08:54:44;Water Leak;1.5 Turbo;MON108173;OK;1,80;6;cc/min;;1;N
2026-07-29 08:55:43;Leak Zero;1.0;MON105805;OK;1,72;3;cc/min;;1;N
2026-07-29 08:55:46;Bloco;1.5 Turbo;USI100332;OK;2,14;5;cc/min;;1;N
2026-07-29 08:55:47;Water Leak;1.0;MON108186;OK;2,51;6;cc/min;;1;N
2026-07-29 08:55:47;Water Leak;1.0;MON108192;OK;2,29;6;cc/min;;1;N
2026-07-29 08:55:47;Water Leak;1.5 Turbo;MON108193;OK;3,78;6;cc/min;;1;N
2026-07-29 08:55:51;Water Leak;1.0;MON108185;OK;4,08;6;cc/min;;1;N
2026-07-29 08:56:07;Water Leak;1.5 Turbo;MON108163;OK;2,81;6;cc/min;;1;N
2026-07-29 08:56:19;Bloco;1.5 Turbo;USI100336;OK;0,97;5;cc/min;;1;N
2026-07-29 08:56:19;Water Leak;1.0;MON108189;OK;1,51;6;cc/min;;1;N
2026-07-29 08:56:34;Bloco;1.0;USI100346;OK;3,62;5;cc/min;;1;N
2026-07-29 08:56:34;Cabeçote;1.0;USI103055;OK;2,90;4;cc/min;;1;N
2026-07-29 08:56:53;Cabeçote;1.5;USI103086;OK;1,63;4;cc/min;;1;N
2026-07-29 08:57:07;Leak Zero;1.5 Turbo;MON105832;OK;0,65;3;cc/min;;1;N
2026-07-29 08:57:10;Water Leak;1.5;MON108194;OK;3,47;6;cc/min;;1;N
2026-07-29 08:58:28;Water Leak;1.0;MON108169;OK;1,09;6;cc/min;;1;N
2026-07-29 08:58:32;Cabeçote;1.5;USI103092;OK;2,36;4;cc/min;;1;N
2026-07-29 08:58:55;Bloco;1.0;USI100344;OK;2,99;5;cc/min;;1;N
2026-07-29 08:58:55;Cabeçote;1.0;USI103053;OK;2,39;4;cc/min;;1;N
2026-07-29 08:59:09;Water Leak;1.0;MON108168;OK;1,81;6;cc/min;;1;N
2026-07-29 08:59:29;Bloco;1.5 Turbo;USI100337;OK;3,36;5;cc/min;;1;N
2026-07-29 09:00:37;Bloco;1.0;USI100331;OK;1,55;5;cc/min;;1;N
2026-07-29 09:01:15;Leak Zero;1.0;MON105833;OK;2,10;3;cc/min;;1;N
2026-07-29 09:01:31;Bloco;1.5 Turbo;USI100333;OK;2,55;5;cc/min;;1;N
2026-07-29 09:02:26;Bloco;1.5;USI100314;OK;1,95;5;cc/min;;1;N
2026-07-29 09:02:48;Bloco;1.0;USI100359;OK;2,56;5;cc/min;;1;N
2026-07-29 09:02:48;Cabeçote;1.0;USI103068;OK;2,05;4;cc/min;;1;N
2026-07-29 09:03:01;Leak Zero;1.0;MON105829;OK;1,54;3;cc/min;;1;N
2026-07-29 09:03:21;Cabeçote;1.5 Turbo;USI103088;OK;3,00;4;cc/min;;1;N
2026-07-29 09:03:25;Bloco;1.5;USI100319;OK;3,03;5;cc/min;;1;N
2026-07-29 09:03:41;Leak Zero;1.5;MON105830;OK;1,16;3;cc/min;;1;N
2026-07-29 09:04:09;Leak Zero;1.0;MON105816;OK;0,86;3;cc/min;;1;N
2026-07-29 09:04:11;Bloco;1.5 Turbo;USI100322;OK;3,37;5;cc/min;;1;N
2026-07-29 09:04:27;Water Leak;1.5;MON108196;OK;2,58;6;cc/min;;1;N
2026-07-29 09:04:50;Leak Zero;1.5 Turbo;MON105825;OK;1,94;3;cc/min;;1;N
2026-07-29 09:04:54;Leak Zero;1.5 Turbo;MON105817;OK;1,47;3;cc/min;;1;N
2026-07-29 09:04:56;Water Leak;1.5;MON108174;OK;4,19;6;cc/min;;1;N
2026-07-29 09:05:16;Water Leak;1.0;MON108175;OK;1,77;6;cc/min;;1;N
2026-07-29 09:05:51;Bloco;1.0;USI100354;OK;3,65;5;cc/min;;1;N
2026-07-29 09:05:51;Cabeçote;1.0;USI103063;OK;2,92;4;cc/min;;1;N
2026-07-29 09:06:23;Bloco;1.5 Turbo;USI100321;OK;2,55;5;cc/min;;1;N
2026-07-29 09:06:29;Cabeçote;1.0;USI103081;OK;1,92;4;cc/min;;1;N
2026-07-29 09:07:05;Bloco;1.5 Turbo;USI100361;OK;1,19;5;cc/min;;1;N
2026-07-29 09:07:05;Cabeçote;1.5 Turbo;USI103070;OK;0,95;4;cc/min;;1;N
2026-07-29 09:08:01;Water Leak;1.5 Turbo;MON108170;OK;3,03;6;cc/min;;1;N
2026-07-29 09:08:06;Water Leak;1.5;MON108172;OK;1,87;6;cc/min;;1;N
2026-07-29 09:08:12;Leak Zero;1.5;MON105828;OK;1,49;3;cc/min;;1;N
2026-07-29 09:08:15;Cabeçote;1.5 Turbo;USI103080;OK;2,71;4;cc/min;;1;N
2026-07-29 09:08:35;Water Leak;1.5 Turbo;MON108171;OK;2,66;6;cc/min;;1;N
2026-07-29 09:08:48;Cabeçote;1.5 Turbo;USI103078;OK;1,77;4;cc/min;;1;N
2026-07-29 09:09:27;Leak Zero;1.5;MON105813;OK;1,23;3;cc/min;;1;N
2026-07-29 09:09:52;Cabeçote;1.5 Turbo;USI103096;OK;1,82;4;cc/min;;1;N
2026-07-29 09:11:10;Water Leak;1.0;MON108182;OK;3,58;6;cc/min;;1;N
2026-07-29 09:11:15;Cabeçote;1.5 Turbo;USI103073;OK;2,08;4;cc/min;;1;N
2026-07-29 09:11:27;Bloco;1.0;USI100317;OK;3,48;5;cc/min;;1;N
2026-07-29 09:11:38;Bloco;1.5;USI100313;OK;1,50;5;cc/min;;1;N
2026-07-29 09:11:43;Cabeçote;1.0;USI103089;OK;2,33;4;cc/min;;1;N
2026-07-29 09:11:52;Cabeçote;1.0;USI103087;OK;2,65;4;cc/min;;1;N
2026-07-29 09:12:24;Water Leak;1.0;MON108167;OK;4,39;6;cc/min;;1;N
2026-07-29 09:12:59;Water Leak;1.5 Turbo;MON108165;OK;4,18;6;cc/min;;1;N
2026-07-29 09:13:15;Leak Zero;1.0;MON105820;OK;0,74;3;cc/min;;1;N
2026-07-29 09:13:47;Leak Zero;1.5 Turbo;MON105834;OK;0,48;3;cc/min;;1;N
2026-07-29 09:13:54;Leak Zero;1.5 Turbo;MON105801;OK;0,46;3;cc/min;;1;N
2026-07-29 09:14:07;Bloco;1.0;USI100360;OK;2,16;5;cc/min;;1;N
2026-07-29 09:14:07;Cabeçote;1.0;USI103069;OK;1,73;4;cc/min;;1;N
2026-07-29 09:14:09;Cabeçote;1.0;USI103082;OK;2,92;4;cc/min;;1;N
2026-07-29 09:14:17;Leak Zero;1.5;MON105797;OK;1,96;3;cc/min;;1;N
2026-07-29 09:14:42;Bloco;1.5 Turbo;USI100362;OK;2,53;5;cc/min;;1;N
2026-07-29 09:14:42;Cabeçote;1.5 Turbo;USI103071;OK;2,02;4;cc/min;;1;N
2026-07-29 09:14:42;Water Leak;1.5;MON108183;OK;1,45;6;cc/min;;1;N
2026-07-29 09:14:54;Leak Zero;1.5;MON105800;OK;1,63;3;cc/min;;1;N
2026-07-29 09:14:59;Leak Zero;1.5;MON105809;OK;0,87;3;cc/min;;1;N
2026-07-29 09:15:23;Leak Zero;1.5;MON105826;OK;0,71;3;cc/min;;1;N
2026-07-29 09:15:39;Leak Zero;1.5 Turbo;MON105796;OK;1,11;3;cc/min;;1;N
2026-07-29 09:15:45;Bloco;1.5 Turbo;USI100315;OK;2,51;5;cc/min;;1;N
2026-07-29 09:16:18;Bloco;1.5 Turbo;USI100356;OK;2,53;5;cc/min;;1;N
2026-07-29 09:16:18;Cabeçote;1.5 Turbo;USI103065;OK;2,02;4;cc/min;;1;N
2026-07-29 09:16:53;Bloco;1.5;USI100341;OK;3,17;5;cc/min;;1;N
2026-07-29 09:17:37;Water Leak;1.5 Turbo;MON108176;OK;2,53;6;cc/min;;1;N
2026-07-29 09:17:55;Cabeçote;1.5;USI103091;OK;2,45;4;cc/min;;1;N
2026-07-29 09:18:06;Bloco;1.5;USI100312;OK;3,40;5;cc/min;;1;N
2026-07-29 09:18:15;Leak Zero;1.5;MON105802;OK;0,99;3;cc/min;;1;N
2026-07-29 09:18:16;Water Leak;1.5;MON108184;OK;1,18;6;cc/min;;1;N
2026-07-29 09:19:09;Bloco;1.5 Turbo;USI100338;OK;2,70;5;cc/min;;1;N
2026-07-29 09:20:07;Bloco;1.5 Turbo;USI100318;OK;0,82;5;cc/min;;1;N
2026-07-29 09:20:29;Bloco;1.5;USI100399;NOK;9,02;5;cc/min;Galeria de óleo;1;N
2026-07-29 09:20:29;Leak Zero;1.5;MON105863;OK;1,15;3;cc/min;;1;N
2026-07-29 09:21:05;Water Leak;1.5 Turbo;MON108200;OK;3,68;6;cc/min;;1;N
2026-07-29 09:22:57;Bloco;1.5 Turbo;USI100383;OK;1,58;5;cc/min;;1;N
2026-07-29 09:22:57;Leak Zero;1.5 Turbo;MON105847;OK;0,95;3;cc/min;;1;N
2026-07-29 09:23:13;Water Leak;1.5 Turbo;MON108207;OK;3,49;6;cc/min;;1;N
2026-07-29 09:23:19;Leak Zero;1.5 Turbo;MON105865;OK;2,15;3;cc/min;;1;N
2026-07-29 09:23:24;Cabeçote;1.5 Turbo;USI103110;OK;2,29;4;cc/min;;1;N
2026-07-29 09:23:24;Water Leak;1.5 Turbo;MON108231;OK;3,44;6;cc/min;;1;N
2026-07-29 09:24:17;Bloco;1.0;USI100373;NOK;10,30;5;cc/min;Bujão de expansão;1;N
2026-07-29 09:24:28;Cabeçote;1.5;USI103107;OK;2,75;4;cc/min;;1;N
2026-07-29 09:24:33;Cabeçote;1.5 Turbo;USI103129;OK;1,16;4;cc/min;;1;N
2026-07-29 09:24:52;Cabeçote;1.5 Turbo;USI103125;OK;1,38;4;cc/min;;1;N
2026-07-29 09:25:22;Leak Zero;1.0;MON105874;OK;1,46;3;cc/min;;1;N
2026-07-29 09:26:09;Bloco;1.0;USI100403;OK;2,48;5;cc/min;;1;N
2026-07-29 09:27:53;Water Leak;1.5;MON108222;OK;2,75;6;cc/min;;1;N
2026-07-29 09:28:03;Cabeçote;1.5 Turbo;USI103128;OK;2,02;4;cc/min;;1;N
2026-07-29 09:29:23;Cabeçote;1.5;USI103124;OK;1,44;4;cc/min;;1;N
2026-07-29 09:30:20;Bloco;1.5 Turbo;USI100380;OK;2,45;5;cc/min;;1;N
2026-07-29 09:30:20;Leak Zero;1.5 Turbo;MON105844;OK;1,47;3;cc/min;;1;N
2026-07-29 09:30:23;Cabeçote;1.5 Turbo;USI103130;OK;0,81;4;cc/min;;1;N
2026-07-29 09:31:39;Leak Zero;1.5 Turbo;MON105837;OK;1,99;3;cc/min;;1;N
2026-07-29 09:31:52;Water Leak;1.5 Turbo;MON108208;OK;3,99;6;cc/min;;1;N
2026-07-29 09:32:44;Water Leak;1.5 Turbo;MON108211;OK;3,20;6;cc/min;;1;N
2026-07-29 09:32:55;Water Leak;1.0;MON108214;OK;2,14;6;cc/min;;1;N
2026-07-29 09:34:04;Bloco;1.0;USI100400;OK;3,14;5;cc/min;;1;N
2026-07-29 09:34:05;Leak Zero;1.5 Turbo;MON105871;OK;0,72;3;cc/min;;1;N
2026-07-29 09:34:11;Bloco;1.5 Turbo;USI100372;OK;2,03;5;cc/min;;1;N
2026-07-29 09:34:45;Cabeçote;1.0;USI103116;OK;2,23;4;cc/min;;1;N
2026-07-29 09:34:45;Water Leak;1.0;MON108237;OK;3,35;6;cc/min;;1;N
2026-07-29 09:35:07;Cabeçote;1.5;USI103114;OK;2,16;4;cc/min;;1;N
2026-07-29 09:35:07;Water Leak;1.5;MON108235;OK;3,23;6;cc/min;;1;N
2026-07-29 09:35:11;Water Leak;1.5 Turbo;MON108221;OK;1,81;6;cc/min;;1;N
2026-07-29 09:35:19;Bloco;1.0;USI100392;OK;2,53;5;cc/min;;1;N
2026-07-29 09:35:19;Leak Zero;1.0;MON105856;OK;1,52;3;cc/min;;1;N
2026-07-29 09:35:23;Cabeçote;1.0;USI103109;OK;0,73;4;cc/min;;1;N
2026-07-29 09:35:23;Water Leak;1.0;MON108230;OK;1,09;6;cc/min;;1;N
2026-07-29 09:35:51;Water Leak;1.5;MON108226;OK;3,83;6;cc/min;;1;N
2026-07-29 09:35:55;Bloco;1.5;USI100402;OK;3,15;5;cc/min;;1;N
2026-07-29 09:35:55;Cabeçote;1.0;USI103120;OK;2,47;4;cc/min;;1;N
2026-07-29 09:35:55;Water Leak;1.0;MON108241;OK;3,71;6;cc/min;;1;N
2026-07-29 09:36:15;Cabeçote;1.5;USI103102;OK;2,82;4;cc/min;;1;N
2026-07-29 09:36:16;Cabeçote;1.5;USI103113;OK;2,88;4;cc/min;;1;N
2026-07-29 09:36:16;Water Leak;1.5;MON108234;OK;4,32;6;cc/min;;1;N
2026-07-29 09:38:07;Leak Zero;1.5;MON105864;OK;0,87;3;cc/min;;1;N
2026-07-29 09:39:07;Water Leak;1.5;MON108219;OK;3,53;6;cc/min;;1;N
2026-07-29 09:39:39;Cabeçote;1.5;USI103121;OK;2,01;4;cc/min;;1;N
2026-07-29 09:39:39;Water Leak;1.5;MON108242;OK;3,02;6;cc/min;;1;N
2026-07-29 09:39:41;Cabeçote;1.0;USI103101;OK;0,91;4;cc/min;;1;N
2026-07-29 09:39:43;Bloco;1.5 Turbo;USI100396;OK;2,56;5;cc/min;;1;N
2026-07-29 09:39:43;Leak Zero;1.5 Turbo;MON105860;OK;1,53;3;cc/min;;1;N
2026-07-29 09:40:49;Bloco;1.5;USI100385;OK;2,22;5;cc/min;;1;N
2026-07-29 09:40:49;Leak Zero;1.5;MON105849;OK;1,33;3;cc/min;;1;N
2026-07-29 09:41:33;Bloco;1.5 Turbo;USI100405;OK;3,00;5;cc/min;;1;N
2026-07-29 09:41:36;Water Leak;1.5;MON108218;OK;3,47;6;cc/min;;1;N
2026-07-29 09:42:04;Bloco;1.5;USI100394;OK;2,08;5;cc/min;;1;N
2026-07-29 09:42:04;Leak Zero;1.5;MON105858;OK;1,25;3;cc/min;;1;N
2026-07-29 09:42:29;Bloco;1.5;USI100399;OK;2,50;5;cc/min;;1;S
2026-07-29 09:42:45;Bloco;1.0;USI100374;OK;2,86;5;cc/min;;1;N
2026-07-29 09:42:45;Leak Zero;1.0;MON105838;OK;1,72;3;cc/min;;1;N
2026-07-29 09:43:11;Bloco;1.5 Turbo;USI100388;OK;2,42;5;cc/min;;1;N
2026-07-29 09:43:11;Leak Zero;1.5 Turbo;MON105852;OK;1,45;3;cc/min;;1;N
2026-07-29 09:43:21;Bloco;1.5 Turbo;USI100363;OK;3,17;5;cc/min;;1;N
2026-07-29 09:43:21;Cabeçote;1.5 Turbo;USI103133;OK;2,54;4;cc/min;;1;N
2026-07-29 09:45:41;Cabeçote;1.0;USI103105;OK;1,23;4;cc/min;;1;N
2026-07-29 09:45:41;Cabeçote;1.0;USI103118;OK;0,81;4;cc/min;;1;N
2026-07-29 09:45:41;Water Leak;1.0;MON108239;OK;1,21;6;cc/min;;1;N
2026-07-29 09:45:48;Water Leak;1.5 Turbo;MON108202;OK;1,59;6;cc/min;;1;N
2026-07-29 09:46:04;Leak Zero;1.0;MON105875;OK;0,68;3;cc/min;;1;N
2026-07-29 09:47:01;Cabeçote;1.0;USI103127;OK;1,19;4;cc/min;;1;N
2026-07-29 09:47:19;Cabeçote;1.0;USI103117;OK;1,96;4;cc/min;;1;N
2026-07-29 09:47:19;Water Leak;1.0;MON108238;OK;2,94;6;cc/min;;1;N
2026-07-29 09:47:56;Cabeçote;1.5;USI103103;OK;2,76;4;cc/min;;1;N
2026-07-29 09:48:14;Bloco;1.5;USI100367;OK;2,52;5;cc/min;;1;N
2026-07-29 09:48:14;Cabeçote;1.5;USI103137;OK;2,01;4;cc/min;;1;N
2026-07-29 09:49:31;Cabeçote;1.0;USI103112;OK;2,09;4;cc/min;;1;N
2026-07-29 09:49:31;Water Leak;1.0;MON108233;OK;3,14;6;cc/min;;1;N
2026-07-29 09:50:59;Bloco;1.5;USI100393;OK;2,82;5;cc/min;;1;N
2026-07-29 09:50:59;Leak Zero;1.5;MON105857;OK;1,69;3;cc/min;;1;N
2026-07-29 09:51:00;Bloco;1.5 Turbo;USI100387;OK;1,64;5;cc/min;;1;N
2026-07-29 09:51:00;Leak Zero;1.5 Turbo;MON105851;OK;0,99;3;cc/min;;1;N
2026-07-29 09:52:02;Water Leak;1.0;MON108225;OK;2,07;6;cc/min;;1;N
2026-07-29 09:52:10;Water Leak;1.5 Turbo;MON108203;OK;2,25;6;cc/min;;1;N
2026-07-29 09:53:06;Bloco;1.5;USI100384;OK;0,86;5;cc/min;;1;N
2026-07-29 09:53:06;Leak Zero;1.5;MON105848;OK;0,51;3;cc/min;;1;N
2026-07-29 09:54:13;Leak Zero;1.5;MON105873;OK;0,92;3;cc/min;;1;N
2026-07-29 09:54:37;Bloco;1.5;USI100375;OK;3,53;5;cc/min;;1;N
2026-07-29 09:54:37;Leak Zero;1.5;MON105839;OK;2,12;3;cc/min;;1;N
2026-07-29 09:54:55;Bloco;1.0;USI100391;OK;2,77;5;cc/min;;1;N
2026-07-29 09:54:55;Leak Zero;1.0;MON105855;OK;1,66;3;cc/min;;1;N
2026-07-29 09:55:30;Water Leak;1.5 Turbo;MON108204;OK;2,97;6;cc/min;;1;N
2026-07-29 09:55:43;Cabeçote;1.0;USI103111;OK;2,29;4;cc/min;;1;N
2026-07-29 09:55:43;Water Leak;1.0;MON108232;OK;3,44;6;cc/min;;1;N
2026-07-29 09:56:07;Cabeçote;1.5 Turbo;USI103104;OK;1,87;4;cc/min;;1;N
2026-07-29 09:56:15;Water Leak;1.5 Turbo;MON108205;OK;3,10;6;cc/min;;1;N
2026-07-29 09:56:34;Bloco;1.0;USI100406;OK;3,62;5;cc/min;;1;N
2026-07-29 09:56:53;Bloco;1.5;USI100376;OK;2,04;5;cc/min;;1;N
2026-07-29 09:56:53;Leak Zero;1.5;MON105840;OK;1,22;3;cc/min;;1;N
2026-07-29 09:57:07;Bloco;1.5 Turbo;USI100368;OK;1,08;5;cc/min;;1;N
2026-07-29 09:57:07;Cabeçote;1.5 Turbo;USI103138;OK;0,86;4;cc/min;;1;N
2026-07-29 09:57:30;Leak Zero;1.5;MON105868;OK;1,61;3;cc/min;;1;N
2026-07-29 09:58:32;Bloco;1.5;USI100382;OK;2,95;5;cc/min;;1;N
2026-07-29 09:58:32;Leak Zero;1.5;MON105846;OK;1,77;3;cc/min;;1;N
2026-07-29 09:58:55;Bloco;1.0;USI100404;OK;2,99;5;cc/min;;1;N
2026-07-29 09:59:03;Leak Zero;1.5 Turbo;MON105870;OK;1,54;3;cc/min;;1;N
2026-07-29 09:59:27;Water Leak;1.5;MON108210;OK;4,36;6;cc/min;;1;N
2026-07-29 09:59:35;Bloco;1.5 Turbo;USI100398;OK;3,70;5;cc/min;;1;N
2026-07-29 09:59:35;Leak Zero;1.5 Turbo;MON105862;OK;2,22;3;cc/min;;1;N
2026-07-29 10:00:27;Water Leak;1.5;MON108206;OK;4,00;6;cc/min;;1;N
2026-07-29 10:00:58;Leak Zero;1.0;MON105872;OK;0,83;3;cc/min;;1;N
2026-07-29 10:01:15;Bloco;1.0;USI100369;OK;3,50;5;cc/min;;1;N
2026-07-29 10:01:15;Cabeçote;1.0;USI103139;OK;2,80;4;cc/min;;1;N
2026-07-29 10:01:36;Cabeçote;1.5 Turbo;USI103098;OK;1,36;4;cc/min;;1;N
2026-07-29 10:02:26;Leak Zero;1.5 Turbo;MON105866;OK;0,92;3;cc/min;;1;N
2026-07-29 10:02:26;Leak Zero;1.5 Turbo;MON105867;OK;0,63;3;cc/min;;1;N
2026-07-29 10:02:37;Water Leak;1.5;MON108215;OK;3,88;6;cc/min;;1;N
2026-07-29 10:02:57;Bloco;1.5 Turbo;USI100389;OK;2,17;5;cc/min;;1;N
2026-07-29 10:02:57;Leak Zero;1.5 Turbo;MON105853;OK;1,30;3;cc/min;;1;N
2026-07-29 10:03:01;Bloco;1.0;USI100365;OK;2,56;5;cc/min;;1;N
2026-07-29 10:03:01;Cabeçote;1.0;USI103135;OK;2,05;4;cc/min;;1;N
2026-07-29 10:03:02;Cabeçote;1.5 Turbo;USI103099;OK;2,90;4;cc/min;;1;N
2026-07-29 10:03:21;Bloco;1.5 Turbo;USI100378;OK;3,75;5;cc/min;;1;N
2026-07-29 10:03:21;Leak Zero;1.5 Turbo;MON105842;OK;2,25;3;cc/min;;1;N
2026-07-29 10:03:41;Bloco;1.5;USI100366;OK;1,93;5;cc/min;;1;N
2026-07-29 10:03:41;Cabeçote;1.5;USI103136;OK;1,54;4;cc/min;;1;N
2026-07-29 10:03:48;Water Leak;1.5 Turbo;MON108209;OK;1,51;6;cc/min;;1;N
2026-07-29 10:03:56;Bloco;1.5 Turbo;USI100390;OK;1,77;5;cc/min;;1;N
2026-07-29 10:03:56;Leak Zero;1.5 Turbo;MON105854;OK;1,06;3;cc/min;;1;N
2026-07-29 10:04:09;Cabeçote;1.0;USI103122;OK;1,15;4;cc/min;;1;N
2026-07-29 10:04:11;Water Leak;1.5 Turbo;MON108212;OK;1,07;6;cc/min;;1;N
2026-07-29 10:04:19;Water Leak;1.0;MON108217;OK;2,28;6;cc/min;;1;N
2026-07-29 10:04:50;Cabeçote;1.5 Turbo;USI103131;OK;2,59;4;cc/min;;1;N
2026-07-29 10:04:54;Cabeçote;1.5 Turbo;USI103123;OK;1,96;4;cc/min;;1;N
2026-07-29 10:06:29;Leak Zero;1.0;MON105835;OK;1,44;3;cc/min;;1;N
2026-07-29 10:07:00;Leak Zero;1.5;MON105876;OK;1,05;3;cc/min;;1;N
2026-07-29 10:07:05;Bloco;1.5 Turbo;USI100371;OK;3,29;5;cc/min;;1;N
2026-07-29 10:08:06;Cabeçote;1.5;USI103100;OK;1,20;4;cc/min;;1;N
2026-07-29 10:08:12;Bloco;1.5;USI100364;OK;2,48;5;cc/min;;1;N
2026-07-29 10:08:12;Cabeçote;1.5;USI103134;OK;1,99;4;cc/min;;1;N
2026-07-29 10:09:04;Bloco;1.0;USI100397;OK;2,72;5;cc/min;;1;N
2026-07-29 10:09:04;Leak Zero;1.0;MON105861;OK;1,63;3;cc/min;;1;N
2026-07-29 10:09:27;Cabeçote;1.5;USI103119;OK;1,64;4;cc/min;;1;N
2026-07-29 10:09:27;Water Leak;1.5;MON108240;OK;2,45;6;cc/min;;1;N
2026-07-29 10:09:52;Bloco;1.5 Turbo;USI100386;OK;2,28;5;cc/min;;1;N
2026-07-29 10:09:52;Leak Zero;1.5 Turbo;MON105850;OK;1,37;3;cc/min;;1;N
2026-07-29 10:10:32;Bloco;1.5;USI100395;OK;1,30;5;cc/min;;1;N
2026-07-29 10:10:32;Leak Zero;1.5;MON105859;OK;0,78;3;cc/min;;1;N
2026-07-29 10:10:56;Water Leak;1.5;MON108201;OK;4,14;6;cc/min;;1;N
2026-07-29 10:11:43;Bloco;1.0;USI100379;OK;2,91;5;cc/min;;1;N
2026-07-29 10:11:43;Leak Zero;1.0;MON105843;OK;1,75;3;cc/min;;1;N
2026-07-29 10:11:52;Bloco;1.0;USI100377;OK;3,31;5;cc/min;;1;N
2026-07-29 10:11:52;Leak Zero;1.0;MON105841;OK;1,99;3;cc/min;;1;N
2026-07-29 10:12:24;Cabeçote;1.0;USI103108;NOK;11,37;4;cc/min;Guia de válvula;1;N
2026-07-29 10:12:59;Cabeçote;1.5 Turbo;USI103106;OK;2,79;4;cc/min;;1;N
2026-07-29 10:13:15;Cabeçote;1.0;USI103126;OK;0,99;4;cc/min;;1;N
2026-07-29 10:13:47;Bloco;1.5 Turbo;USI100370;OK;0,80;5;cc/min;;1;N
2026-07-29 10:13:47;Cabeçote;1.5 Turbo;USI103140;OK;0,64;4;cc/min;;1;N
2026-07-29 10:13:54;Water Leak;1.5 Turbo;MON108228;OK;0,92;6;cc/min;;1;N
2026-07-29 10:14:09;Leak Zero;1.0;MON105836;OK;2,19;3;cc/min;;1;N
2026-07-29 10:14:11;Water Leak;1.0;MON108213;OK;2,88;6;cc/min;;1;N
2026-07-29 10:14:17;Water Leak;1.5;MON108224;OK;3,92;6;cc/min;;1;N
2026-07-29 10:14:54;Water Leak;1.5;MON108227;OK;3,26;6;cc/min;;1;N
2026-07-29 10:14:59;Cabeçote;1.5;USI103115;OK;1,16;4;cc/min;;1;N
2026-07-29 10:14:59;Water Leak;1.5;MON108236;OK;1,73;6;cc/min;;1;N
2026-07-29 10:15:23;Cabeçote;1.5;USI103132;OK;0,94;4;cc/min;;1;N
2026-07-29 10:15:39;Water Leak;1.5 Turbo;MON108223;OK;2,21;6;cc/min;;1;N
2026-07-29 10:16:53;Bloco;1.5;USI100401;OK;3,17;5;cc/min;;1;N
2026-07-29 10:17:07;Leak Zero;1.5 Turbo;MON105869;OK;1,09;3;cc/min;;1;N
2026-07-29 10:17:39;Water Leak;1.5;MON108220;OK;2,98;6;cc/min;;1;N
2026-07-29 10:17:51;Water Leak;1.5;MON108216;OK;2,75;6;cc/min;;1;N
2026-07-29 10:17:55;Bloco;1.5;USI100381;OK;3,06;5;cc/min;;1;N
2026-07-29 10:17:55;Leak Zero;1.5;MON105845;OK;1,84;3;cc/min;;1;N
2026-07-29 10:18:15;Water Leak;1.5;MON108229;OK;1,98;6;cc/min;;1;N
2026-07-29 10:19:28;Cabeçote;1.5;USI103097;OK;1,46;4;cc/min;;1;N
2026-07-29 10:20:15;Water Leak;1.0;MON108248;OK;1,17;6;cc/min;;1;N
2026-07-29 10:20:29;Cabeçote;1.5;USI103169;OK;1,54;4;cc/min;;1;N
2026-07-29 10:21:00;Leak Zero;1.0;MON105893;OK;1,68;3;cc/min;;1;N
2026-07-29 10:21:50;Leak Zero;1.5;MON105890;OK;1,76;3;cc/min;;1;N
2026-07-29 10:22:16;Leak Zero;1.5 Turbo;MON105910;OK;1,37;3;cc/min;;1;N
2026-07-29 10:22:57;Bloco;1.5 Turbo;USI100443;OK;1,58;5;cc/min;;1;N
2026-07-29 10:22:57;Cabeçote;1.5 Turbo;USI103153;OK;1,27;4;cc/min;;1;N
2026-07-29 10:22:57;Water Leak;1.5 Turbo;MON108274;OK;1,90;6;cc/min;;1;N
2026-07-29 10:23:19;Cabeçote;1.5 Turbo;USI103171;OK;2,87;4;cc/min;;1;N
2026-07-29 10:24:17;Bloco;1.0;USI100433;OK;2,35;5;cc/min;;1;N
2026-07-29 10:24:33;Bloco;1.5 Turbo;USI100419;OK;1,45;5;cc/min;;1;N
2026-07-29 10:24:36;Leak Zero;1.5;MON105883;OK;0,58;3;cc/min;;1;N
2026-07-29 10:24:52;Bloco;1.5 Turbo;USI100415;OK;1,72;5;cc/min;;1;N
2026-07-29 10:25:14;Bloco;1.5 Turbo;USI100438;OK;1,34;5;cc/min;;1;N
2026-07-29 10:25:22;Cabeçote;1.0;USI103180;OK;1,95;4;cc/min;;1;N
2026-07-29 10:25:29;Water Leak;1.5 Turbo;MON108260;OK;3,90;6;cc/min;;1;N
2026-07-29 10:28:03;Bloco;1.5 Turbo;USI100418;OK;2,53;5;cc/min;;1;N
2026-07-29 10:28:56;Leak Zero;1.5 Turbo;MON105886;OK;2,11;3;cc/min;;1;N
2026-07-29 10:29:23;Bloco;1.5;USI100414;OK;1,79;5;cc/min;;1;N
2026-07-29 10:29:49;Cabeçote;1.5;USI103188;OK;0,60;4;cc/min;;1;N
2026-07-29 10:30:20;Bloco;1.5 Turbo;USI100440;OK;2,45;5;cc/min;;1;N
2026-07-29 10:30:20;Cabeçote;1.5 Turbo;USI103150;OK;1,96;4;cc/min;;1;N
2026-07-29 10:30:20;Water Leak;1.5 Turbo;MON108271;OK;2,94;6;cc/min;;1;N
2026-07-29 10:30:23;Bloco;1.5 Turbo;USI100420;OK;1,02;5;cc/min;;1;N
2026-07-29 10:31:39;Cabeçote;1.5 Turbo;USI103143;OK;2,66;4;cc/min;;1;N
2026-07-29 10:31:39;Water Leak;1.5 Turbo;MON108264;OK;3,99;6;cc/min;;1;N
2026-07-29 10:32:12;Leak Zero;1.5;MON105892;OK;1,56;3;cc/min;;1;N
2026-07-29 10:33:49;Cabeçote;1.5 Turbo;USI103184;OK;2,43;4;cc/min;;1;N
2026-07-29 10:34:05;Cabeçote;1.5 Turbo;USI103177;OK;0,97;4;cc/min;;1;N
2026-07-29 10:34:11;Bloco;1.5 Turbo;USI100432;OK;2,03;5;cc/min;;1;N
2026-07-29 10:34:24;Cabeçote;1.0;USI103108;OK;2,00;4;cc/min;;1;S
2026-07-29 10:34:58;Cabeçote;1.0;USI103189;OK;2,31;4;cc/min;;1;N
2026-07-29 10:35:08;Bloco;1.5;USI100435;OK;2,55;5;cc/min;;1;N
2026-07-29 10:35:19;Cabeçote;1.0;USI103162;OK;2,02;4;cc/min;;1;N
2026-07-29 10:35:19;Water Leak;1.0;MON108283;OK;3,04;6;cc/min;;1;N
2026-07-29 10:35:55;Bloco;1.0;USI100410;OK;3,09;5;cc/min;;1;N
2026-07-29 10:36:50;Leak Zero;1.0;MON105909;OK;1,25;3;cc/min;;1;N
2026-07-29 10:37:40;Water Leak;1.5 Turbo;MON108243;OK;4,17;6;cc/min;;1;N
2026-07-29 10:38:04;Leak Zero;1.5;MON105913;OK;1,69;3;cc/min;;1;N
2026-07-29 10:38:07;Cabeçote;1.5;USI103170;OK;1,16;4;cc/min;;1;N
2026-07-29 10:39:30;Water Leak;1.5 Turbo;MON108256;OK;3,56;6;cc/min;;1;N
2026-07-29 10:39:39;Bloco;1.5;USI100411;OK;2,52;5;cc/min;;1;N
2026-07-29 10:39:39;Cabeçote;1.5;USI103187;OK;1,38;4;cc/min;;1;N
2026-07-29 10:39:43;Cabeçote;1.5 Turbo;USI103166;OK;2,05;4;cc/min;;1;N
2026-07-29 10:39:45;Water Leak;1.5;MON108247;OK;2,42;6;cc/min;;1;N
2026-07-29 10:40:25;Water Leak;1.5 Turbo;MON108255;OK;1,00;6;cc/min;;1;N
2026-07-29 10:40:49;Bloco;1.5;USI100445;OK;2,22;5;cc/min;;1;N
2026-07-29 10:40:49;Cabeçote;1.5;USI103155;OK;1,78;4;cc/min;;1;N
2026-07-29 10:40:49;Water Leak;1.5;MON108276;OK;2,67;6;cc/min;;1;N
2026-07-29 10:41:03;Cabeçote;1.5;USI103186;OK;2,85;4;cc/min;;1;N
2026-07-29 10:42:04;Cabeçote;1.5;USI103164;OK;1,66;4;cc/min;;1;N
2026-07-29 10:42:45;Cabeçote;1.0;USI103144;OK;2,29;4;cc/min;;1;N
2026-07-29 10:42:45;Water Leak;1.0;MON108265;OK;3,44;6;cc/min;;1;N
2026-07-29 10:43:11;Cabeçote;1.5 Turbo;USI103158;OK;1,94;4;cc/min;;1;N
2026-07-29 10:43:11;Water Leak;1.5 Turbo;MON108279;OK;2,91;6;cc/min;;1;N
2026-07-29 10:43:21;Bloco;1.5 Turbo;USI100423;OK;3,17;5;cc/min;;1;N
2026-07-29 10:43:37;Water Leak;1.5;MON108253;OK;3,04;6;cc/min;;1;N
2026-07-29 10:44:05;Bloco;1.5;USI100436;OK;2,76;5;cc/min;;1;N
2026-07-29 10:45:25;Leak Zero;1.0;MON105882;OK;0,69;3;cc/min;;1;N
2026-07-29 10:45:41;Bloco;1.0;USI100408;OK;1,01;5;cc/min;;1;N
2026-07-29 10:45:53;Leak Zero;1.0;MON105902;OK;0,60;3;cc/min;;1;N
2026-07-29 10:46:04;Cabeçote;1.0;USI103181;OK;0,90;4;cc/min;;1;N
2026-07-29 10:47:01;Bloco;1.0;USI100417;OK;1,49;5;cc/min;;1;N
2026-07-29 10:47:19;Bloco;1.0;USI100407;OK;2,45;5;cc/min;;1;N
2026-07-29 10:47:24;Water Leak;1.5;MON108257;OK;1,62;6;cc/min;;1;N
2026-07-29 10:48:14;Bloco;1.5;USI100427;OK;2,52;5;cc/min;;1;N
2026-07-29 10:48:20;Leak Zero;1.0;MON105885;OK;1,79;3;cc/min;;1;N
2026-07-29 10:48:32;Leak Zero;1.5 Turbo;MON105915;OK;1,89;3;cc/min;;1;N
2026-07-29 10:49:25;Leak Zero;1.5 Turbo;MON105894;OK;2,06;3;cc/min;;1;N
2026-07-29 10:49:38;Leak Zero;1.5 Turbo;MON105911;OK;1,73;3;cc/min;;1;N
2026-07-29 10:50:41;Leak Zero;1.5 Turbo;MON105912;OK;2,23;3;cc/min;;1;N
2026-07-29 10:50:59;Cabeçote;1.5;USI103163;OK;2,25;4;cc/min;;1;N
2026-07-29 10:50:59;Water Leak;1.5;MON108284;OK;3,38;6;cc/min;;1;N
2026-07-29 10:51:00;Cabeçote;1.5 Turbo;USI103157;OK;1,32;4;cc/min;;1;N
2026-07-29 10:51:00;Water Leak;1.5 Turbo;MON108278;OK;1,97;6;cc/min;;1;N
2026-07-29 10:51:21;Water Leak;1.0;MON108245;OK;3,04;6;cc/min;;1;N
2026-07-29 10:52:13;Water Leak;1.5;MON108258;OK;0,95;6;cc/min;;1;N
2026-07-29 10:53:06;Bloco;1.5;USI100444;OK;0,86;5;cc/min;;1;N
2026-07-29 10:53:06;Cabeçote;1.5;USI103154;OK;0,68;4;cc/min;;1;N
2026-07-29 10:53:06;Water Leak;1.5;MON108275;OK;1,03;6;cc/min;;1;N
2026-07-29 10:53:11;Leak Zero;1.5;MON105897;OK;0,57;3;cc/min;;1;N
2026-07-29 10:53:35;Leak Zero;1.0;MON105914;OK;1,74;3;cc/min;;1;N
2026-07-29 10:54:13;Cabeçote;1.5 Turbo;USI103185;OK;1,85;4;cc/min;;1;N
2026-07-29 10:54:13;Cabeçote;1.5;USI103179;OK;1,23;4;cc/min;;1;N
2026-07-29 10:54:13;Leak Zero;1.0;MON105906;OK;1,51;3;cc/min;;1;N
2026-07-29 10:54:37;Cabeçote;1.5;USI103145;OK;2,82;4;cc/min;;1;N
2026-07-29 10:54:37;Water Leak;1.5;MON108266;OK;4,23;6;cc/min;;1;N
2026-07-29 10:54:55;Cabeçote;1.0;USI103161;OK;2,22;4;cc/min;;1;N
2026-07-29 10:54:55;Water Leak;1.0;MON108282;OK;3,33;6;cc/min;;1;N
2026-07-29 10:55:27;Bloco;1.5 Turbo;USI100437;OK;0,90;5;cc/min;;1;N
2026-07-29 10:55:28;Cabeçote;1.5 Turbo;USI103183;OK;1,30;4;cc/min;;1;N
2026-07-29 10:55:47;Leak Zero;1.0;MON105881;OK;1,26;3;cc/min;;1;N
2026-07-29 10:55:47;Leak Zero;1.0;MON105887;OK;1,15;3;cc/min;;1;N
2026-07-29 10:55:47;Leak Zero;1.5 Turbo;MON105888;OK;1,89;3;cc/min;;1;N
2026-07-29 10:55:51;Leak Zero;1.0;MON105880;OK;2,04;3;cc/min;;1;N
2026-07-29 10:56:19;Leak Zero;1.0;MON105884;OK;0,76;3;cc/min;;1;N
2026-07-29 10:56:53;Cabeçote;1.5;USI103146;OK;1,63;4;cc/min;;1;N
2026-07-29 10:56:53;Water Leak;1.5;MON108267;OK;2,44;6;cc/min;;1;N
2026-07-29 10:57:07;Bloco;1.5 Turbo;USI100428;OK;1,08;5;cc/min;;1;N
2026-07-29 10:57:10;Leak Zero;1.5;MON105889;OK;1,74;3;cc/min;;1;N
2026-07-29 10:57:30;Cabeçote;1.5;USI103174;OK;2,15;4;cc/min;;1;N
2026-07-29 10:58:32;Bloco;1.5;USI100442;OK;2,95;5;cc/min;;1;N
2026-07-29 10:58:32;Cabeçote;1.5;USI103152;OK;2,36;4;cc/min;;1;N
2026-07-29 10:58:32;Water Leak;1.5;MON108273;OK;3,54;6;cc/min;;1;N
2026-07-29 10:59:03;Cabeçote;1.5 Turbo;USI103176;OK;2,06;4;cc/min;;1;N
2026-07-29 10:59:35;Cabeçote;1.5 Turbo;USI103168;OK;2,96;4;cc/min;;1;N
2026-07-29 11:00:58;Cabeçote;1.0;USI103178;OK;1,10;4;cc/min;;1;N
2026-07-29 11:01:15;Bloco;1.0;USI100429;OK;3,50;5;cc/min;;1;N
2026-07-29 11:02:26;Cabeçote;1.5 Turbo;USI103172;OK;1,23;4;cc/min;;1;N
2026-07-29 11:02:26;Cabeçote;1.5 Turbo;USI103173;OK;0,84;4;cc/min;;1;N
2026-07-29 11:02:26;Leak Zero;1.5;MON105900;OK;1,17;3;cc/min;;1;N
2026-07-29 11:02:48;Water Leak;1.0;MON108249;OK;3,07;6;cc/min;;1;N
2026-07-29 11:02:57;Cabeçote;1.5 Turbo;USI103159;OK;1,73;4;cc/min;;1;N
2026-07-29 11:02:57;Water Leak;1.5 Turbo;MON108280;OK;2,60;6;cc/min;;1;N
2026-07-29 11:03:01;Bloco;1.0;USI100425;OK;2,56;5;cc/min;;1;N
2026-07-29 11:03:21;Cabeçote;1.5 Turbo;USI103148;OK;3,00;4;cc/min;;1;N
2026-07-29 11:03:21;Water Leak;1.5 Turbo;MON108269;OK;4,50;6;cc/min;;1;N
2026-07-29 11:03:25;Leak Zero;1.5;MON105905;OK;1,82;3;cc/min;;1;N
2026-07-29 11:03:41;Bloco;1.5;USI100426;OK;1,93;5;cc/min;;1;N
2026-07-29 11:03:56;Cabeçote;1.5 Turbo;USI103160;OK;1,42;4;cc/min;;1;N
2026-07-29 11:03:56;Water Leak;1.5 Turbo;MON108281;OK;2,13;6;cc/min;;1;N
2026-07-29 11:04:09;Bloco;1.0;USI100412;OK;1,43;5;cc/min;;1;N
2026-07-29 11:04:11;Leak Zero;1.5 Turbo;MON105908;OK;2,02;3;cc/min;;1;N
2026-07-29 11:04:27;Leak Zero;1.5;MON105891;OK;1,29;3;cc/min;;1;N
2026-07-29 11:04:50;Bloco;1.5 Turbo;USI100421;OK;3,23;5;cc/min;;1;N
2026-07-29 11:04:54;Bloco;1.5 Turbo;USI100413;OK;2,45;5;cc/min;;1;N
2026-07-29 11:05:51;Water Leak;1.0;MON108244;OK;4,39;6;cc/min;;1;N
2026-07-29 11:06:23;Leak Zero;1.5 Turbo;MON105907;OK;1,53;3;cc/min;;1;N
2026-07-29 11:06:29;Cabeçote;1.0;USI103141;OK;1,92;4;cc/min;;1;N
2026-07-29 11:06:29;Water Leak;1.0;MON108262;OK;2,88;6;cc/min;;1;N
2026-07-29 11:07:00;Cabeçote;1.5;USI103182;OK;1,40;4;cc/min;;1;N
2026-07-29 11:07:05;Bloco;1.5 Turbo;USI100431;OK;3,29;5;cc/min;;1;N
2026-07-29 11:07:05;Water Leak;1.5 Turbo;MON108251;OK;1,43;6;cc/min;;1;N
2026-07-29 11:08:12;Bloco;1.5;USI100424;OK;2,48;5;cc/min;;1;N
2026-07-29 11:08:15;Water Leak;1.5 Turbo;MON108261;OK;4,07;6;cc/min;;1;N
2026-07-29 11:08:48;Water Leak;1.5 Turbo;MON108259;OK;2,66;6;cc/min;;1;N
2026-07-29 11:09:04;Cabeçote;1.0;USI103167;OK;2,17;4;cc/min;;1;N
2026-07-29 11:09:27;Bloco;1.5;USI100409;OK;2,04;5;cc/min;;1;N
2026-07-29 11:09:52;Bloco;1.5 Turbo;USI100446;OK;2,28;5;cc/min;;1;N
2026-07-29 11:09:52;Cabeçote;1.5 Turbo;USI103156;OK;1,82;4;cc/min;;1;N
2026-07-29 11:09:52;Water Leak;1.5 Turbo;MON108277;OK;2,73;6;cc/min;;1;N
2026-07-29 11:10:09;Leak Zero;1.0;MON105895;OK;1,86;3;cc/min;;1;N
2026-07-29 11:10:32;Cabeçote;1.5;USI103165;OK;1,04;4;cc/min;;1;N
2026-07-29 11:11:10;Leak Zero;1.0;MON105877;OK;1,79;3;cc/min;;1;N
2026-07-29 11:11:15;Water Leak;1.5 Turbo;MON108254;OK;3,12;6;cc/min;;1;N
2026-07-29 11:11:27;Leak Zero;1.0;MON105903;OK;2,09;3;cc/min;;1;N
2026-07-29 11:11:38;Leak Zero;1.5;MON105899;OK;0,90;3;cc/min;;1;N
2026-07-29 11:11:43;Cabeçote;1.0;USI103149;OK;2,33;4;cc/min;;1;N
2026-07-29 11:11:43;Water Leak;1.0;MON108270;OK;3,50;6;cc/min;;1;N
2026-07-29 11:11:52;Cabeçote;1.0;USI103147;OK;2,65;4;cc/min;;1;N
2026-07-29 11:11:52;Water Leak;1.0;MON108268;OK;3,98;6;cc/min;;1;N
2026-07-29 11:12:56;Leak Zero;1.5 Turbo;MON105896;OK;0,87;3;cc/min;;1;N
2026-07-29 11:13:08;Bloco;1.5;USI100434;OK;2,52;5;cc/min;;1;N
2026-07-29 11:13:15;Bloco;1.0;USI100416;OK;1,23;5;cc/min;;1;N
2026-07-29 11:13:47;Bloco;1.5 Turbo;USI100430;OK;0,80;5;cc/min;;1;N
2026-07-29 11:14:07;Water Leak;1.0;MON108250;OK;2,59;6;cc/min;;1;N
2026-07-29 11:14:09;Cabeçote;1.0;USI103142;OK;2,92;4;cc/min;;1;N
2026-07-29 11:14:09;Water Leak;1.0;MON108263;OK;4,38;6;cc/min;;1;N
2026-07-29 11:14:42;Leak Zero;1.5;MON105878;OK;0,73;3;cc/min;;1;N
2026-07-29 11:14:42;Water Leak;1.5 Turbo;MON108252;OK;3,04;6;cc/min;;1;N
2026-07-29 11:14:44;Bloco;1.5 Turbo;USI100439;NOK;12,05;5;cc/min;Galeria de água;1;N
2026-07-29 11:15:23;Bloco;1.5;USI100422;OK;1,18;5;cc/min;;1;N
2026-07-29 11:15:45;Leak Zero;1.5 Turbo;MON105901;OK;1,51;3;cc/min;;1;N
2026-07-29 11:16:18;Water Leak;1.5 Turbo;MON108246;OK;3,04;6;cc/min;;1;N
2026-07-29 11:17:07;Cabeçote;1.5 Turbo;USI103175;OK;1,46;4;cc/min;;1;N
2026-07-29 11:17:55;Bloco;1.5;USI100441;OK;3,06;5;cc/min;;1;N
2026-07-29 11:17:55;Cabeçote;1.5;USI103151;OK;2,45;4;cc/min;;1;N
2026-07-29 11:17:55;Water Leak;1.5;MON108272;OK;3,67;6;cc/min;;1;N
2026-07-29 11:18:06;Leak Zero;1.5;MON105898;OK;2,04;3;cc/min;;1;N
2026-07-29 11:18:16;Leak Zero;1.5;MON105879;OK;0,59;3;cc/min;;1;N
2026-07-29 11:20:07;Leak Zero;1.5 Turbo;MON105904;OK;0,49;3;cc/min;;1;N
2026-07-29 11:21:00;Cabeçote;1.0;USI103199;OK;2,24;4;cc/min;;1;N
2026-07-29 11:21:00;Water Leak;1.0;MON108320;OK;3,37;6;cc/min;;1;N
2026-07-29 11:21:50;Cabeçote;1.5;USI103196;OK;2,34;4;cc/min;;1;N
2026-07-29 11:21:50;Water Leak;1.5;MON108317;OK;3,51;6;cc/min;;1;N
2026-07-29 11:23:24;Bloco;1.5 Turbo;USI100460;OK;2,86;5;cc/min;;1;N
2026-07-29 11:23:24;Cabeçote;1.5 Turbo;USI103231;OK;2,29;4;cc/min;;1;N
2026-07-29 11:23:24;Leak Zero;1.5 Turbo;MON105926;OK;1,72;3;cc/min;;1;N
2026-07-29 11:24:28;Bloco;1.5;USI100457;OK;3,44;5;cc/min;;1;N
2026-07-29 11:24:28;Cabeçote;1.5;USI103228;OK;2,75;4;cc/min;;1;N
2026-07-29 11:24:28;Water Leak;1.5;MON108288;OK;4,12;6;cc/min;;1;N
2026-07-29 11:24:30;Water Leak;1.5 Turbo;MON108302;OK;2,07;6;cc/min;;1;N
2026-07-29 11:24:33;Bloco;1.5 Turbo;USI100479;OK;1,45;5;cc/min;;1;N
2026-07-29 11:24:33;Leak Zero;1.5 Turbo;MON105945;OK;0,87;3;cc/min;;1;N
2026-07-29 11:24:36;Water Leak;1.5;MON108310;OK;1,16;6;cc/min;;1;N
2026-07-29 11:24:52;Bloco;1.5 Turbo;USI100475;OK;1,72;5;cc/min;;1;N
2026-07-29 11:24:52;Leak Zero;1.5 Turbo;MON105941;OK;1,03;3;cc/min;;1;N
2026-07-29 11:27:53;Leak Zero;1.5;MON105917;OK;1,37;3;cc/min;;1;N
2026-07-29 11:28:03;Bloco;1.5 Turbo;USI100478;OK;2,53;5;cc/min;;1;N
2026-07-29 11:28:03;Leak Zero;1.5 Turbo;MON105944;OK;1,52;3;cc/min;;1;N
2026-07-29 11:28:56;Cabeçote;1.5 Turbo;USI103192;OK;2,81;4;cc/min;;1;N
2026-07-29 11:28:56;Water Leak;1.5 Turbo;MON108313;OK;4,21;6;cc/min;;1;N
2026-07-29 11:29:23;Bloco;1.5;USI100474;OK;1,79;5;cc/min;;1;N
2026-07-29 11:29:23;Leak Zero;1.5;MON105940;OK;1,08;3;cc/min;;1;N
2026-07-29 11:30:23;Bloco;1.5 Turbo;USI100480;OK;1,02;5;cc/min;;1;N
2026-07-29 11:30:23;Leak Zero;1.5 Turbo;MON105946;OK;0,61;3;cc/min;;1;N
2026-07-29 11:32:12;Cabeçote;1.5;USI103198;OK;2,08;4;cc/min;;1;N
2026-07-29 11:32:12;Water Leak;1.5;MON108319;OK;3,12;6;cc/min;;1;N
2026-07-29 11:34:11;Bloco;1.5 Turbo;USI100492;OK;2,03;5;cc/min;;1;N
2026-07-29 11:34:36;Water Leak;1.5;MON108301;OK;1,84;6;cc/min;;1;N
2026-07-29 11:34:45;Bloco;1.0;USI100466;OK;2,79;5;cc/min;;1;N
2026-07-29 11:34:45;Leak Zero;1.0;MON105932;OK;1,67;3;cc/min;;1;N
2026-07-29 11:35:07;Bloco;1.5;USI100464;OK;2,69;5;cc/min;;1;N
2026-07-29 11:35:07;Cabeçote;1.5;USI103235;OK;2,16;4;cc/min;;1;N
2026-07-29 11:35:07;Leak Zero;1.5;MON105930;OK;1,62;3;cc/min;;1;N
2026-07-29 11:35:11;Leak Zero;1.5 Turbo;MON105916;OK;0,90;3;cc/min;;1;N
2026-07-29 11:35:23;Bloco;1.0;USI100459;OK;0,91;5;cc/min;;1;N
2026-07-29 11:35:23;Cabeçote;1.0;USI103230;OK;0,73;4;cc/min;;1;N
2026-07-29 11:35:23;Leak Zero;1.0;MON105925;OK;0,54;3;cc/min;;1;N
2026-07-29 11:35:51;Leak Zero;1.5;MON105921;OK;1,92;3;cc/min;;1;N
2026-07-29 11:35:55;Bloco;1.0;USI100470;OK;3,09;5;cc/min;;1;N
2026-07-29 11:35:55;Leak Zero;1.0;MON105936;OK;1,86;3;cc/min;;1;N
2026-07-29 11:36:15;Bloco;1.5;USI100452;OK;3,52;5;cc/min;;1;N
2026-07-29 11:36:15;Cabeçote;1.5;USI103223;OK;2,82;4;cc/min;;1;N
2026-07-29 11:36:16;Bloco;1.5;USI100463;OK;3,60;5;cc/min;;1;N
2026-07-29 11:36:16;Cabeçote;1.5;USI103234;OK;2,88;4;cc/min;;1;N
2026-07-29 11:36:16;Leak Zero;1.5;MON105929;OK;2,16;3;cc/min;;1;N
2026-07-29 11:39:18;Water Leak;1.5;MON108299;OK;2,43;6;cc/min;;1;N
2026-07-29 11:39:39;Bloco;1.5;USI100471;OK;2,52;5;cc/min;;1;N
2026-07-29 11:39:39;Leak Zero;1.5;MON105937;OK;1,51;3;cc/min;;1;N
2026-07-29 11:39:41;Bloco;1.0;USI100451;OK;1,14;5;cc/min;;1;N
2026-07-29 11:39:41;Cabeçote;1.0;USI103222;OK;0,91;4;cc/min;;1;N
2026-07-29 11:43:21;Bloco;1.5 Turbo;USI100483;OK;3,17;5;cc/min;;1;N
2026-07-29 11:43:21;Leak Zero;1.5 Turbo;MON105949;OK;1,90;3;cc/min;;1;N
2026-07-29 11:45:25;Water Leak;1.0;MON108309;OK;1,37;6;cc/min;;1;N
2026-07-29 11:45:41;Bloco;1.0;USI100455;OK;1,53;5;cc/min;;1;N
2026-07-29 11:45:41;Bloco;1.0;USI100468;OK;1,01;5;cc/min;;1;N
2026-07-29 11:45:41;Cabeçote;1.0;USI103226;OK;1,23;4;cc/min;;1;N
2026-07-29 11:45:41;Leak Zero;1.0;MON105934;OK;0,61;3;cc/min;;1;N
2026-07-29 11:45:41;Water Leak;1.0;MON108286;OK;1,84;6;cc/min;;1;N
2026-07-29 11:45:53;Cabeçote;1.0;USI103208;OK;0,80;4;cc/min;;1;N
2026-07-29 11:46:17;Water Leak;1.0;MON108300;OK;3,86;6;cc/min;;1;N
2026-07-29 11:46:58;Cabeçote;1.5;USI103215;OK;2,30;4;cc/min;;1;N
2026-07-29 11:47:01;Bloco;1.0;USI100477;OK;1,49;5;cc/min;;1;N
2026-07-29 11:47:01;Leak Zero;1.0;MON105943;OK;0,89;3;cc/min;;1;N
2026-07-29 11:47:19;Bloco;1.0;USI100467;OK;2,45;5;cc/min;;1;N
2026-07-29 11:47:19;Leak Zero;1.0;MON105933;OK;1,47;3;cc/min;;1;N
2026-07-29 11:47:56;Bloco;1.5;USI100453;OK;3,46;5;cc/min;;1;N
2026-07-29 11:47:56;Cabeçote;1.5;USI103224;OK;2,76;4;cc/min;;1;N
2026-07-29 11:48:14;Bloco;1.5;USI100487;OK;2,52;5;cc/min;;1;N
2026-07-29 11:48:20;Cabeçote;1.0;USI103191;OK;2,39;4;cc/min;;1;N
2026-07-29 11:48:20;Water Leak;1.0;MON108312;OK;3,58;6;cc/min;;1;N
2026-07-29 11:49:25;Cabeçote;1.5 Turbo;USI103200;OK;2,74;4;cc/min;;1;N
2026-07-29 11:49:31;Bloco;1.0;USI100462;OK;2,62;5;cc/min;;1;N
2026-07-29 11:49:31;Cabeçote;1.0;USI103233;OK;2,09;4;cc/min;;1;N
2026-07-29 11:49:31;Leak Zero;1.0;MON105928;OK;1,57;3;cc/min;;1;N
2026-07-29 11:49:35;Water Leak;1.5;MON108303;OK;3,54;6;cc/min;;1;N
2026-07-29 11:50:45;Cabeçote;1.5 Turbo;USI103216;OK;2,91;4;cc/min;;1;N
2026-07-29 11:52:02;Leak Zero;1.0;MON105920;OK;1,04;3;cc/min;;1;N
2026-07-29 11:53:11;Cabeçote;1.5;USI103203;OK;0,76;4;cc/min;;1;N
2026-07-29 11:54:13;Cabeçote;1.0;USI103212;NOK;8,64;4;cc/min;Guia de válvula;1;N
2026-07-29 11:54:44;Water Leak;1.5 Turbo;MON108295;OK;1,80;6;cc/min;;1;N
2026-07-29 11:55:43;Bloco;1.0;USI100461;OK;2,86;5;cc/min;;1;N
2026-07-29 11:55:43;Cabeçote;1.0;USI103232;OK;2,29;4;cc/min;;1;N
2026-07-29 11:55:43;Leak Zero;1.0;MON105927;OK;1,72;3;cc/min;;1;N
2026-07-29 11:55:47;Cabeçote;1.0;USI103193;OK;1,53;4;cc/min;;1;N
2026-07-29 11:55:47;Cabeçote;1.5 Turbo;USI103194;OK;2,52;4;cc/min;;1;N
2026-07-29 11:55:47;Water Leak;1.0;MON108308;OK;2,51;6;cc/min;;1;N
2026-07-29 11:55:47;Water Leak;1.0;MON108314;OK;2,29;6;cc/min;;1;N
2026-07-29 11:55:47;Water Leak;1.5 Turbo;MON108315;OK;3,78;6;cc/min;;1;N
2026-07-29 11:55:51;Water Leak;1.0;MON108307;OK;4,08;6;cc/min;;1;N
2026-07-29 11:56:07;Bloco;1.5 Turbo;USI100454;OK;2,34;5;cc/min;;1;N
2026-07-29 11:56:07;Cabeçote;1.5 Turbo;USI103225;OK;1,87;4;cc/min;;1;N
2026-07-29 11:56:07;Water Leak;1.5 Turbo;MON108285;OK;2,81;6;cc/min;;1;N
2026-07-29 11:56:12;Cabeçote;1.0;USI103213;OK;2,76;4;cc/min;;1;N
2026-07-29 11:56:19;Cabeçote;1.0;USI103190;OK;1,01;4;cc/min;;1;N
2026-07-29 11:56:19;Water Leak;1.0;MON108311;OK;1,51;6;cc/min;;1;N
2026-07-29 11:57:07;Bloco;1.5 Turbo;USI100488;OK;1,08;5;cc/min;;1;N
2026-07-29 11:57:10;Cabeçote;1.5;USI103195;OK;2,31;4;cc/min;;1;N
2026-07-29 11:57:10;Water Leak;1.5;MON108316;OK;3,47;6;cc/min;;1;N
2026-07-29 11:58:28;Water Leak;1.0;MON108291;OK;1,09;6;cc/min;;1;N
2026-07-29 11:59:09;Water Leak;1.0;MON108290;OK;1,81;6;cc/min;;1;N
2026-07-29 12:01:15;Bloco;1.0;USI100489;OK;3,50;5;cc/min;;1;N
2026-07-29 12:01:36;Bloco;1.5 Turbo;USI100448;OK;1,70;5;cc/min;;1;N
2026-07-29 12:01:36;Cabeçote;1.5 Turbo;USI103219;OK;1,36;4;cc/min;;1;N
2026-07-29 12:02:26;Cabeçote;1.5;USI103206;OK;1,56;4;cc/min;;1;N
2026-07-29 12:02:54;Cabeçote;1.5;USI103217;OK;2,37;4;cc/min;;1;N
2026-07-29 12:03:01;Bloco;1.0;USI100485;OK;2,56;5;cc/min;;1;N
2026-07-29 12:03:01;Leak Zero;1.0;MON105951;OK;1,54;3;cc/min;;1;N
2026-07-29 12:03:02;Bloco;1.5 Turbo;USI100449;OK;3,62;5;cc/min;;1;N
2026-07-29 12:03:02;Cabeçote;1.5 Turbo;USI103220;OK;2,90;4;cc/min;;1;N
2026-07-29 12:03:25;Cabeçote;1.5;USI103211;OK;2,43;4;cc/min;;1;N
2026-07-29 12:03:41;Bloco;1.5;USI100486;OK;1,93;5;cc/min;;1;N
2026-07-29 12:04:09;Bloco;1.0;USI100472;OK;1,43;5;cc/min;;1;N
2026-07-29 12:04:09;Leak Zero;1.0;MON105938;OK;0,86;3;cc/min;;1;N
2026-07-29 12:04:27;Cabeçote;1.5;USI103197;OK;1,72;4;cc/min;;1;N
2026-07-29 12:04:27;Water Leak;1.5;MON108318;OK;2,58;6;cc/min;;1;N
2026-07-29 12:04:50;Bloco;1.5 Turbo;USI100481;OK;3,23;5;cc/min;;1;N
2026-07-29 12:04:50;Leak Zero;1.5 Turbo;MON105947;OK;1,94;3;cc/min;;1;N
2026-07-29 12:04:54;Bloco;1.5 Turbo;USI100473;OK;2,45;5;cc/min;;1;N
2026-07-29 12:04:54;Leak Zero;1.5 Turbo;MON105939;OK;1,47;3;cc/min;;1;N
2026-07-29 12:04:56;Water Leak;1.5;MON108296;OK;4,19;6;cc/min;;1;N
2026-07-29 12:05:16;Water Leak;1.0;MON108297;OK;1,77;6;cc/min;;1;N
2026-07-29 12:07:05;Bloco;1.5 Turbo;USI100491;OK;3,29;5;cc/min;;1;N
2026-07-29 12:08:01;Water Leak;1.5 Turbo;MON108292;OK;3,03;6;cc/min;;1;N
2026-07-29 12:08:06;Bloco;1.5;USI100450;OK;1,50;5;cc/min;;1;N
2026-07-29 12:08:06;Cabeçote;1.5;USI103221;OK;1,20;4;cc/min;;1;N
2026-07-29 12:08:06;Water Leak;1.5;MON108294;OK;1,87;6;cc/min;;1;N
2026-07-29 12:08:12;Bloco;1.5;USI100484;OK;2,48;5;cc/min;;1;N
2026-07-29 12:08:12;Leak Zero;1.5;MON105950;OK;1,49;3;cc/min;;1;N
2026-07-29 12:08:35;Water Leak;1.5 Turbo;MON108293;OK;2,66;6;cc/min;;1;N
2026-07-29 12:09:27;Bloco;1.5;USI100469;OK;2,04;5;cc/min;;1;N
2026-07-29 12:09:27;Leak Zero;1.5;MON105935;OK;1,23;3;cc/min;;1;N
2026-07-29 12:10:09;Cabeçote;1.0;USI103201;OK;2,48;4;cc/min;;1;N
2026-07-29 12:11:10;Water Leak;1.0;MON108304;OK;3,58;6;cc/min;;1;N
2026-07-29 12:11:27;Cabeçote;1.0;USI103209;OK;2,78;4;cc/min;;1;N
2026-07-29 12:11:38;Cabeçote;1.5;USI103205;OK;1,20;4;cc/min;;1;N
2026-07-29 12:12:24;Bloco;1.0;USI100458;NOK;14,21;5;cc/min;Face de fogo;1;N
2026-07-29 12:12:24;Cabeçote;1.0;USI103229;NOK;11,37;4;cc/min;Guia de válvula;1;N
2026-07-29 12:12:24;Water Leak;1.0;MON108289;OK;4,39;6;cc/min;;1;N
2026-07-29 12:12:36;Cabeçote;1.5;USI103214;OK;1,11;4;cc/min;;1;N
2026-07-29 12:12:56;Cabeçote;1.5 Turbo;USI103202;OK;1,16;4;cc/min;;1;N
2026-07-29 12:12:59;Bloco;1.5 Turbo;USI100456;OK;3,49;5;cc/min;;1;N
2026-07-29 12:12:59;Cabeçote;1.5 Turbo;USI103227;OK;2,79;4;cc/min;;1;N
2026-07-29 12:12:59;Water Leak;1.5 Turbo;MON108287;OK;4,18;6;cc/min;;1;N
2026-07-29 12:13:15;Bloco;1.0;USI100476;OK;1,23;5;cc/min;;1;N
2026-07-29 12:13:15;Leak Zero;1.0;MON105942;OK;0,74;3;cc/min;;1;N
2026-07-29 12:13:47;Bloco;1.5 Turbo;USI100490;OK;0,80;5;cc/min;;1;N
2026-07-29 12:13:54;Leak Zero;1.5 Turbo;MON105923;OK;0,46;3;cc/min;;1;N
2026-07-29 12:14:17;Leak Zero;1.5;MON105919;OK;1,96;3;cc/min;;1;N
2026-07-29 12:14:42;Water Leak;1.5;MON108305;OK;1,45;6;cc/min;;1;N
2026-07-29 12:14:54;Leak Zero;1.5;MON105922;OK;1,63;3;cc/min;;1;N
2026-07-29 12:14:59;Bloco;1.5;USI100465;OK;1,45;5;cc/min;;1;N
2026-07-29 12:14:59;Leak Zero;1.5;MON105931;OK;0,87;3;cc/min;;1;N
2026-07-29 12:15:23;Bloco;1.5;USI100482;OK;1,18;5;cc/min;;1;N
2026-07-29 12:15:23;Leak Zero;1.5;MON105948;OK;0,71;3;cc/min;;1;N
2026-07-29 12:15:39;Leak Zero;1.5 Turbo;MON105918;OK;1,11;3;cc/min;;1;N
2026-07-29 12:15:45;Cabeçote;1.5 Turbo;USI103207;OK;2,01;4;cc/min;;1;N
2026-07-29 12:16:13;Cabeçote;1.0;USI103212;OK;2,00;4;cc/min;;1;S
2026-07-29 12:17:37;Water Leak;1.5 Turbo;MON108298;OK;2,53;6;cc/min;;1;N
2026-07-29 12:18:06;Cabeçote;1.5;USI103204;OK;2,72;4;cc/min;;1;N
2026-07-29 12:18:15;Leak Zero;1.5;MON105924;OK;0,99;3;cc/min;;1;N
2026-07-29 12:18:16;Water Leak;1.5;MON108306;OK;1,18;6;cc/min;;1;N
2026-07-29 12:19:28;Bloco;1.5;USI100447;OK;1,82;5;cc/min;;1;N
2026-07-29 12:19:28;Cabeçote;1.5;USI103218;OK;1,46;4;cc/min;;1;N
2026-07-29 12:20:07;Cabeçote;1.5 Turbo;USI103210;OK;0,66;4;cc/min;;1;N
2026-07-29 12:20:15;Cabeçote;1.0;USI103248;OK;0,78;4;cc/min;;1;N
2026-07-29 12:20:29;Bloco;1.5;USI100519;OK;1,92;5;cc/min;;1;N
2026-07-29 12:20:29;Leak Zero;1.5;MON105985;OK;1,15;3;cc/min;;1;N
2026-07-29 12:20:29;Water Leak;1.5;MON108350;OK;2,31;6;cc/min;;1;N
2026-07-29 12:21:05;Water Leak;1.5 Turbo;MON108322;OK;3,68;6;cc/min;;1;N
2026-07-29 12:22:57;Bloco;1.5 Turbo;USI100503;OK;1,58;5;cc/min;;1;N
2026-07-29 12:22:57;Cabeçote;1.5 Turbo;USI103274;OK;1,27;4;cc/min;;1;N
2026-07-29 12:22:57;Leak Zero;1.5 Turbo;MON105969;OK;0,95;3;cc/min;;1;N
2026-07-29 12:23:13;Water Leak;1.5 Turbo;MON108329;OK;3,49;6;cc/min;;1;N
2026-07-29 12:23:19;Bloco;1.5 Turbo;USI100521;OK;3,59;5;cc/min;;1;N
2026-07-29 12:23:19;Leak Zero;1.5 Turbo;MON105987;OK;2,15;3;cc/min;;1;N
2026-07-29 12:23:19;Water Leak;1.5 Turbo;MON108352;OK;4,30;6;cc/min;;1;N
2026-07-29 12:25:22;Bloco;1.0;USI100530;OK;2,44;5;cc/min;;1;N
2026-07-29 12:25:29;Cabeçote;1.5 Turbo;USI103260;OK;2,60;4;cc/min;;1;N
2026-07-29 12:25:29;Leak Zero;1.5 Turbo;MON105955;OK;1,95;3;cc/min;;1;N
2026-07-29 12:27:46;Cabeçote;1.0;USI103241;OK;1,78;4;cc/min;;1;N
2026-07-29 12:29:20;Cabeçote;1.5;USI103237;OK;1,37;4;cc/min;;1;N
2026-07-29 12:30:20;Bloco;1.5 Turbo;USI100500;OK;2,45;5;cc/min;;1;N
2026-07-29 12:30:20;Cabeçote;1.5 Turbo;USI103271;OK;1,96;4;cc/min;;1;N
2026-07-29 12:30:20;Leak Zero;1.5 Turbo;MON105966;OK;1,47;3;cc/min;;1;N
2026-07-29 12:31:39;Bloco;1.5 Turbo;USI100493;OK;3,32;5;cc/min;;1;N
2026-07-29 12:31:39;Cabeçote;1.5 Turbo;USI103264;OK;2,66;4;cc/min;;1;N
2026-07-29 12:31:39;Leak Zero;1.5 Turbo;MON105959;OK;1,99;3;cc/min;;1;N
2026-07-29 12:31:52;Water Leak;1.5 Turbo;MON108330;OK;3,99;6;cc/min;;1;N
2026-07-29 12:32:42;Cabeçote;1.5;USI103238;OK;1,64;4;cc/min;;1;N
2026-07-29 12:32:44;Water Leak;1.5 Turbo;MON108333;OK;3,20;6;cc/min;;1;N
2026-07-29 12:32:55;Water Leak;1.0;MON108336;OK;2,14;6;cc/min;;1;N
2026-07-29 12:34:05;Bloco;1.5 Turbo;USI100527;OK;1,21;5;cc/min;;1;N
2026-07-29 12:34:05;Water Leak;1.5 Turbo;MON108358;OK;1,45;6;cc/min;;1;N
2026-07-29 12:34:24;Bloco;1.0;USI100458;OK;2,50;5;cc/min;;1;S
2026-07-29 12:34:24;Cabeçote;1.0;USI103229;OK;2,00;4;cc/min;;1;S
2026-07-29 12:35:19;Bloco;1.0;USI100512;OK;2,53;5;cc/min;;1;N
2026-07-29 12:35:19;Cabeçote;1.0;USI103283;OK;2,02;4;cc/min;;1;N
2026-07-29 12:35:19;Leak Zero;1.0;MON105978;OK;1,52;3;cc/min;;1;N
2026-07-29 12:35:19;Water Leak;1.0;MON108343;OK;3,04;6;cc/min;;1;N
2026-07-29 12:35:59;Cabeçote;1.5 Turbo;USI103239;OK;1,18;4;cc/min;;1;N
2026-07-29 12:37:40;Cabeçote;1.5 Turbo;USI103243;OK;2,78;4;cc/min;;1;N
2026-07-29 12:38:07;Bloco;1.5;USI100520;OK;1,45;5;cc/min;;1;N
2026-07-29 12:38:07;Leak Zero;1.5;MON105986;OK;0,87;3;cc/min;;1;N
2026-07-29 12:38:07;Water Leak;1.5;MON108351;OK;1,73;6;cc/min;;1;N
2026-07-29 12:39:30;Cabeçote;1.5 Turbo;USI103256;OK;2,37;4;cc/min;;1;N
2026-07-29 12:39:43;Bloco;1.5 Turbo;USI100516;OK;2,56;5;cc/min;;1;N
2026-07-29 12:39:43;Leak Zero;1.5 Turbo;MON105982;OK;1,53;3;cc/min;;1;N
2026-07-29 12:39:43;Water Leak;1.5 Turbo;MON108347;OK;3,07;6;cc/min;;1;N
2026-07-29 12:39:45;Cabeçote;1.5;USI103247;OK;1,61;4;cc/min;;1;N
2026-07-29 12:40:17;Cabeçote;1.5 Turbo;USI103242;OK;2,64;4;cc/min;;1;N
2026-07-29 12:40:25;Cabeçote;1.5 Turbo;USI103255;OK;0,67;4;cc/min;;1;N
2026-07-29 12:40:49;Bloco;1.5;USI100505;OK;2,22;5;cc/min;;1;N
2026-07-29 12:40:49;Cabeçote;1.5;USI103276;OK;1,78;4;cc/min;;1;N
2026-07-29 12:40:49;Leak Zero;1.5;MON105971;OK;1,33;3;cc/min;;1;N
2026-07-29 12:42:04;Bloco;1.5;USI100514;OK;2,08;5;cc/min;;1;N
2026-07-29 12:42:04;Cabeçote;1.5;USI103285;OK;1,66;4;cc/min;;1;N
2026-07-29 12:42:04;Leak Zero;1.5;MON105980;OK;1,25;3;cc/min;;1;N
2026-07-29 12:42:04;Water Leak;1.5;MON108345;OK;2,49;6;cc/min;;1;N
2026-07-29 12:42:45;Bloco;1.0;USI100494;OK;2,86;5;cc/min;;1;N
2026-07-29 12:42:45;Cabeçote;1.0;USI103265;OK;2,29;4;cc/min;;1;N
2026-07-29 12:42:45;Leak Zero;1.0;MON105960;OK;1,72;3;cc/min;;1;N
2026-07-29 12:43:11;Bloco;1.5 Turbo;USI100508;OK;2,42;5;cc/min;;1;N
2026-07-29 12:43:11;Cabeçote;1.5 Turbo;USI103279;OK;1,94;4;cc/min;;1;N
2026-07-29 12:43:11;Leak Zero;1.5 Turbo;MON105974;OK;1,45;3;cc/min;;1;N
2026-07-29 12:43:37;Cabeçote;1.5;USI103253;OK;2,02;4;cc/min;;1;N
2026-07-29 12:45:48;Water Leak;1.5 Turbo;MON108324;OK;1,59;6;cc/min;;1;N
2026-07-29 12:47:24;Cabeçote;1.5;USI103257;OK;1,08;4;cc/min;;1;N
2026-07-29 12:47:24;Leak Zero;1.5;MON105952;OK;0,81;3;cc/min;;1;N
2026-07-29 12:50:59;Bloco;1.5;USI100513;OK;2,82;5;cc/min;;1;N
2026-07-29 12:50:59;Cabeçote;1.5;USI103284;OK;2,25;4;cc/min;;1;N
2026-07-29 12:50:59;Leak Zero;1.5;MON105979;OK;1,69;3;cc/min;;1;N
2026-07-29 12:50:59;Water Leak;1.5;MON108344;OK;3,38;6;cc/min;;1;N
2026-07-29 12:51:00;Bloco;1.5 Turbo;USI100507;OK;1,64;5;cc/min;;1;N
2026-07-29 12:51:00;Cabeçote;1.5 Turbo;USI103278;OK;1,32;4;cc/min;;1;N
2026-07-29 12:51:00;Leak Zero;1.5 Turbo;MON105973;OK;0,99;3;cc/min;;1;N
2026-07-29 12:51:21;Cabeçote;1.0;USI103245;OK;2,03;4;cc/min;;1;N
2026-07-29 12:52:10;Water Leak;1.5 Turbo;MON108325;OK;2,25;6;cc/min;;1;N
2026-07-29 12:52:13;Cabeçote;1.5;USI103258;OK;0,63;4;cc/min;;1;N
2026-07-29 12:52:13;Leak Zero;1.5;MON105953;OK;0,48;3;cc/min;;1;N
2026-07-29 12:53:06;Bloco;1.5;USI100504;OK;0,86;5;cc/min;;1;N
2026-07-29 12:53:06;Cabeçote;1.5;USI103275;OK;0,68;4;cc/min;;1;N
2026-07-29 12:53:06;Leak Zero;1.5;MON105970;OK;0,51;3;cc/min;;1;N
2026-07-29 12:53:58;Cabeçote;1.0;USI103240;OK;0,77;4;cc/min;;1;N
2026-07-29 12:54:13;Bloco;1.5;USI100529;OK;1,54;5;cc/min;;1;N
2026-07-29 12:54:37;Bloco;1.5;USI100495;OK;3,53;5;cc/min;;1;N
2026-07-29 12:54:37;Cabeçote;1.5;USI103266;OK;2,82;4;cc/min;;1;N
2026-07-29 12:54:37;Leak Zero;1.5;MON105961;OK;2,12;3;cc/min;;1;N
2026-07-29 12:54:55;Bloco;1.0;USI100511;OK;2,77;5;cc/min;;1;N
2026-07-29 12:54:55;Cabeçote;1.0;USI103282;OK;2,22;4;cc/min;;1;N
2026-07-29 12:54:55;Leak Zero;1.0;MON105977;OK;1,66;3;cc/min;;1;N
2026-07-29 12:54:55;Water Leak;1.0;MON108342;OK;3,33;6;cc/min;;1;N
2026-07-29 12:55:30;Water Leak;1.5 Turbo;MON108326;OK;2,97;6;cc/min;;1;N
2026-07-29 12:56:15;Water Leak;1.5 Turbo;MON108327;OK;3,10;6;cc/min;;1;N
2026-07-29 12:56:34;Cabeçote;1.0;USI103236;OK;2,90;4;cc/min;;1;N
2026-07-29 12:56:53;Bloco;1.5;USI100496;OK;2,04;5;cc/min;;1;N
2026-07-29 12:56:53;Cabeçote;1.5;USI103267;OK;1,63;4;cc/min;;1;N
2026-07-29 12:56:53;Leak Zero;1.5;MON105962;OK;1,22;3;cc/min;;1;N
2026-07-29 12:57:30;Bloco;1.5;USI100524;OK;2,69;5;cc/min;;1;N
2026-07-29 12:57:30;Leak Zero;1.5;MON105990;OK;1,61;3;cc/min;;1;N
2026-07-29 12:57:30;Water Leak;1.5;MON108355;OK;3,22;6;cc/min;;1;N
2026-07-29 12:58:32;Bloco;1.5;USI100502;OK;2,95;5;cc/min;;1;N
2026-07-29 12:58:32;Cabeçote;1.5;USI103273;OK;2,36;4;cc/min;;1;N
2026-07-29 12:58:32;Leak Zero;1.5;MON105968;OK;1,77;3;cc/min;;1;N
2026-07-29 12:59:03;Bloco;1.5 Turbo;USI100526;OK;2,57;5;cc/min;;1;N
2026-07-29 12:59:03;Leak Zero;1.5 Turbo;MON105992;OK;1,54;3;cc/min;;1;N
2026-07-29 12:59:03;Water Leak;1.5 Turbo;MON108357;OK;3,08;6;cc/min;;1;N
2026-07-29 12:59:27;Water Leak;1.5;MON108332;OK;4,36;6;cc/min;;1;N
2026-07-29 12:59:35;Bloco;1.5 Turbo;USI100518;OK;3,70;5;cc/min;;1;N
2026-07-29 12:59:35;Leak Zero;1.5 Turbo;MON105984;OK;2,22;3;cc/min;;1;N
2026-07-29 12:59:35;Water Leak;1.5 Turbo;MON108349;OK;4,44;6;cc/min;;1;N
2026-07-29 13:00:27;Water Leak;1.5;MON108328;OK;4,00;6;cc/min;;1;N
2026-07-29 13:00:58;Bloco;1.0;USI100528;OK;1,38;5;cc/min;;1;N
2026-07-29 13:02:26;Bloco;1.5 Turbo;USI100522;OK;1,54;5;cc/min;;1;N
2026-07-29 13:02:26;Bloco;1.5 Turbo;USI100523;OK;1,05;5;cc/min;;1;N
2026-07-29 13:02:26;Leak Zero;1.5 Turbo;MON105988;OK;0,92;3;cc/min;;1;N
2026-07-29 13:02:26;Leak Zero;1.5 Turbo;MON105989;OK;0,63;3;cc/min;;1;N
2026-07-29 13:02:26;Water Leak;1.5 Turbo;MON108353;OK;1,84;6;cc/min;;1;N
2026-07-29 13:02:26;Water Leak;1.5 Turbo;MON108354;OK;1,26;6;cc/min;;1;N
2026-07-29 13:02:37;Water Leak;1.5;MON108337;OK;3,88;6;cc/min;;1;N
2026-07-29 13:02:48;Cabeçote;1.0;USI103249;OK;2,05;4;cc/min;;1;N
2026-07-29 13:02:57;Bloco;1.5 Turbo;USI100509;OK;2,17;5;cc/min;;1;N
2026-07-29 13:02:57;Cabeçote;1.5 Turbo;USI103280;OK;1,73;4;cc/min;;1;N
2026-07-29 13:02:57;Leak Zero;1.5 Turbo;MON105975;OK;1,30;3;cc/min;;1;N
2026-07-29 13:02:57;Water Leak;1.5 Turbo;MON108340;OK;2,60;6;cc/min;;1;N
2026-07-29 13:03:21;Bloco;1.5 Turbo;USI100498;OK;3,75;5;cc/min;;1;N
2026-07-29 13:03:21;Cabeçote;1.5 Turbo;USI103269;OK;3,00;4;cc/min;;1;N
2026-07-29 13:03:21;Leak Zero;1.5 Turbo;MON105964;OK;2,25;3;cc/min;;1;N
2026-07-29 13:03:48;Water Leak;1.5 Turbo;MON108331;OK;1,51;6;cc/min;;1;N
2026-07-29 13:03:56;Bloco;1.5 Turbo;USI100510;OK;1,77;5;cc/min;;1;N
2026-07-29 13:03:56;Cabeçote;1.5 Turbo;USI103281;OK;1,42;4;cc/min;;1;N
2026-07-29 13:03:56;Leak Zero;1.5 Turbo;MON105976;OK;1,06;3;cc/min;;1;N
2026-07-29 13:03:56;Water Leak;1.5 Turbo;MON108341;OK;2,13;6;cc/min;;1;N
2026-07-29 13:04:11;Water Leak;1.5 Turbo;MON108334;OK;1,07;6;cc/min;;1;N
2026-07-29 13:04:19;Water Leak;1.0;MON108339;NOK;10,74;6;cc/min;Carcaça do termostato;1;N
2026-07-29 13:05:51;Cabeçote;1.0;USI103244;OK;2,92;4;cc/min;;1;N
2026-07-29 13:06:29;Cabeçote;1.0;USI103262;OK;1,92;4;cc/min;;1;N
2026-07-29 13:06:29;Leak Zero;1.0;MON105957;OK;1,44;3;cc/min;;1;N
2026-07-29 13:07:05;Cabeçote;1.5 Turbo;USI103251;OK;0,95;4;cc/min;;1;N
2026-07-29 13:08:15;Cabeçote;1.5 Turbo;USI103261;OK;2,71;4;cc/min;;1;N
2026-07-29 13:08:15;Leak Zero;1.5 Turbo;MON105956;OK;2,03;3;cc/min;;1;N
2026-07-29 13:08:48;Cabeçote;1.5 Turbo;USI103259;OK;1,77;4;cc/min;;1;N
2026-07-29 13:08:48;Leak Zero;1.5 Turbo;MON105954;OK;1,33;3;cc/min;;1;N
2026-07-29 13:09:04;Bloco;1.0;USI100517;OK;2,72;5;cc/min;;1;N
2026-07-29 13:09:04;Leak Zero;1.0;MON105983;OK;1,63;3;cc/min;;1;N
2026-07-29 13:09:04;Water Leak;1.0;MON108348;OK;3,26;6;cc/min;;1;N
2026-07-29 13:09:52;Bloco;1.5 Turbo;USI100506;OK;2,28;5;cc/min;;1;N
2026-07-29 13:09:52;Cabeçote;1.5 Turbo;USI103277;OK;1,82;4;cc/min;;1;N
2026-07-29 13:09:52;Leak Zero;1.5 Turbo;MON105972;OK;1,37;3;cc/min;;1;N
2026-07-29 13:10:32;Bloco;1.5;USI100515;OK;1,30;5;cc/min;;1;N
2026-07-29 13:10:32;Cabeçote;1.5;USI103286;OK;1,04;4;cc/min;;1;N
2026-07-29 13:10:32;Leak Zero;1.5;MON105981;OK;0,78;3;cc/min;;1;N
2026-07-29 13:10:32;Water Leak;1.5;MON108346;OK;1,56;6;cc/min;;1;N
2026-07-29 13:10:56;Water Leak;1.5;MON108323;OK;4,14;6;cc/min;;1;N
2026-07-29 13:11:15;Cabeçote;1.5 Turbo;USI103254;OK;2,08;4;cc/min;;1;N
2026-07-29 13:11:43;Bloco;1.0;USI100499;OK;2,91;5;cc/min;;1;N
2026-07-29 13:11:43;Cabeçote;1.0;USI103270;OK;2,33;4;cc/min;;1;N
2026-07-29 13:11:43;Leak Zero;1.0;MON105965;OK;1,75;3;cc/min;;1;N
2026-07-29 13:11:52;Bloco;1.0;USI100497;OK;3,31;5;cc/min;;1;N
2026-07-29 13:11:52;Cabeçote;1.0;USI103268;OK;2,65;4;cc/min;;1;N
2026-07-29 13:11:52;Leak Zero;1.0;MON105963;OK;1,99;3;cc/min;;1;N
2026-07-29 13:14:07;Cabeçote;1.0;USI103250;OK;1,73;4;cc/min;;1;N
2026-07-29 13:14:09;Cabeçote;1.0;USI103263;OK;2,92;4;cc/min;;1;N
2026-07-29 13:14:09;Leak Zero;1.0;MON105958;OK;2,19;3;cc/min;;1;N
2026-07-29 13:14:11;Water Leak;1.0;MON108335;OK;2,88;6;cc/min;;1;N
2026-07-29 13:14:42;Cabeçote;1.5 Turbo;USI103252;OK;2,02;4;cc/min;;1;N
2026-07-29 13:15:05;Water Leak;1.5 Turbo;MON108321;OK;3,78;6;cc/min;;1;N
2026-07-29 13:16:18;Cabeçote;1.5 Turbo;USI103246;OK;2,02;4;cc/min;;1;N
2026-07-29 13:17:07;Bloco;1.5 Turbo;USI100525;OK;1,82;5;cc/min;;1;N
2026-07-29 13:17:07;Leak Zero;1.5 Turbo;MON105991;OK;1,09;3;cc/min;;1;N
2026-07-29 13:17:07;Water Leak;1.5 Turbo;MON108356;OK;2,18;6;cc/min;;1;N
2026-07-29 13:17:51;Water Leak;1.5;MON108338;OK;2,75;6;cc/min;;1;N
2026-07-29 13:17:55;Bloco;1.5;USI100501;OK;3,06;5;cc/min;;1;N
2026-07-29 13:17:55;Cabeçote;1.5;USI103272;OK;2,45;4;cc/min;;1;N
2026-07-29 13:17:55;Leak Zero;1.5;MON105967;OK;1,84;3;cc/min;;1;N
2026-07-29 13:21:00;Bloco;1.0;USI100549;OK;2,80;5;cc/min;;1;N
2026-07-29 13:21:00;Leak Zero;1.0;MON106015;OK;1,68;3;cc/min;;1;N
2026-07-29 13:21:00;Water Leak;1.0;MON108380;OK;3,37;6;cc/min;;1;N
2026-07-29 13:21:05;Cabeçote;1.5 Turbo;USI103321;OK;2,45;4;cc/min;;1;N
2026-07-29 13:21:50;Bloco;1.5;USI100546;OK;2,93;5;cc/min;;1;N
2026-07-29 13:21:50;Leak Zero;1.5;MON106012;OK;1,76;3;cc/min;;1;N
2026-07-29 13:21:50;Water Leak;1.5;MON108377;OK;3,51;6;cc/min;;1;N
2026-07-29 13:22:16;Bloco;1.5 Turbo;USI100566;OK;2,28;5;cc/min;;1;N
2026-07-29 13:22:16;Water Leak;1.5 Turbo;MON108397;OK;2,73;6;cc/min;;1;N
2026-07-29 13:23:24;Cabeçote;1.5 Turbo;USI103291;OK;2,29;4;cc/min;;1;N
2026-07-29 13:24:28;Cabeçote;1.5;USI103288;OK;2,75;4;cc/min;;1;N
2026-07-29 13:24:30;Bloco;1.5 Turbo;USI100531;OK;1,72;5;cc/min;;1;N
2026-07-29 13:24:30;Leak Zero;1.5 Turbo;MON105997;OK;1,03;3;cc/min;;1;N
2026-07-29 13:24:30;Water Leak;1.5 Turbo;MON108362;OK;2,07;6;cc/min;;1;N
2026-07-29 13:24:36;Bloco;1.5;USI100539;OK;0,97;5;cc/min;;1;N
2026-07-29 13:24:36;Leak Zero;1.5;MON106005;OK;0,58;3;cc/min;;1;N
2026-07-29 13:24:36;Water Leak;1.5;MON108370;OK;1,16;6;cc/min;;1;N
2026-07-29 13:25:22;Cabeçote;1.0;USI103299;OK;1,95;4;cc/min;;1;N
2026-07-29 13:25:28;Cabeçote;1.0;USI103311;OK;2,78;4;cc/min;;1;N
2026-07-29 13:26:19;Water Leak;1.0;MON108339;OK;3,00;6;cc/min;;1;S
2026-07-29 13:26:44;Cabeçote;1.5;USI103319;OK;0,81;4;cc/min;;1;N
2026-07-29 13:28:46;Cabeçote;1.5;USI103313;OK;2,64;4;cc/min;;1;N
2026-07-29 13:28:56;Bloco;1.5 Turbo;USI100542;OK;3,51;5;cc/min;;1;N
2026-07-29 13:28:56;Leak Zero;1.5 Turbo;MON106008;OK;2,11;3;cc/min;;1;N
2026-07-29 13:28:56;Water Leak;1.5 Turbo;MON108373;OK;4,21;6;cc/min;;1;N
2026-07-29 13:29:49;Cabeçote;1.5;USI103307;OK;0,60;4;cc/min;;1;N
2026-07-29 13:32:12;Bloco;1.5;USI100548;OK;2,60;5;cc/min;;1;N
2026-07-29 13:32:12;Leak Zero;1.5;MON106014;OK;1,56;3;cc/min;;1;N
2026-07-29 13:32:12;Water Leak;1.5;MON108379;OK;3,12;6;cc/min;;1;N
2026-07-29 13:33:49;Cabeçote;1.5 Turbo;USI103303;OK;2,43;4;cc/min;;1;N
2026-07-29 13:34:07;Cabeçote;1.5;USI103310;OK;2,48;4;cc/min;;1;N
2026-07-29 13:34:36;Leak Zero;1.5;MON105996;OK;0,92;3;cc/min;;1;N
2026-07-29 13:34:36;Water Leak;1.5;MON108361;OK;1,84;6;cc/min;;1;N
2026-07-29 13:34:45;Cabeçote;1.0;USI103297;NOK;9,30;4;cc/min;Sede de válvula;1;N
2026-07-29 13:34:58;Cabeçote;1.0;USI103308;OK;2,31;4;cc/min;;1;N
2026-07-29 13:35:07;Cabeçote;1.5;USI103295;OK;2,16;4;cc/min;;1;N
2026-07-29 13:35:23;Cabeçote;1.0;USI103290;OK;0,73;4;cc/min;;1;N
2026-07-29 13:36:16;Cabeçote;1.5;USI103294;OK;2,88;4;cc/min;;1;N
2026-07-29 13:36:50;Bloco;1.0;USI100565;OK;2,09;5;cc/min;;1;N
2026-07-29 13:36:50;Water Leak;1.0;MON108396;OK;2,51;6;cc/min;;1;N
2026-07-29 13:38:04;Bloco;1.5;USI100569;OK;2,82;5;cc/min;;1;N
2026-07-29 13:39:18;Leak Zero;1.5;MON105994;OK;1,22;3;cc/min;;1;N
2026-07-29 13:39:18;Water Leak;1.5;MON108359;OK;2,43;6;cc/min;;1;N
2026-07-29 13:39:39;Cabeçote;1.5;USI103306;OK;1,38;4;cc/min;;1;N
2026-07-29 13:40:36;Bloco;1.0;USI100572;OK;1,73;5;cc/min;;1;N
2026-07-29 13:41:03;Cabeçote;1.5;USI103305;OK;2,85;4;cc/min;;1;N
2026-07-29 13:43:42;Cabeçote;1.0;USI103317;OK;1,88;4;cc/min;;1;N
2026-07-29 13:45:25;Bloco;1.0;USI100538;OK;1,14;5;cc/min;;1;N
2026-07-29 13:45:25;Leak Zero;1.0;MON106004;OK;0,69;3;cc/min;;1;N
2026-07-29 13:45:25;Water Leak;1.0;MON108369;OK;1,37;6;cc/min;;1;N
2026-07-29 13:45:48;Cabeçote;1.5 Turbo;USI103323;OK;1,06;4;cc/min;;1;N
2026-07-29 13:45:53;Bloco;1.0;USI100558;OK;1,00;5;cc/min;;1;N
2026-07-29 13:45:53;Leak Zero;1.0;MON106024;OK;0,60;3;cc/min;;1;N
2026-07-29 13:45:53;Water Leak;1.0;MON108389;OK;1,20;6;cc/min;;1;N
2026-07-29 13:46:04;Cabeçote;1.0;USI103300;OK;0,90;4;cc/min;;1;N
2026-07-29 13:46:17;Leak Zero;1.0;MON105995;OK;1,93;3;cc/min;;1;N
2026-07-29 13:46:17;Water Leak;1.0;MON108360;OK;3,86;6;cc/min;;1;N
2026-07-29 13:48:20;Bloco;1.0;USI100541;OK;2,98;5;cc/min;;1;N
2026-07-29 13:48:20;Leak Zero;1.0;MON106007;OK;1,79;3;cc/min;;1;N
2026-07-29 13:48:20;Water Leak;1.0;MON108372;OK;3,58;6;cc/min;;1;N
2026-07-29 13:48:32;Bloco;1.5 Turbo;USI100571;OK;3,15;5;cc/min;;1;N
2026-07-29 13:49:25;Bloco;1.5 Turbo;USI100550;OK;3,43;5;cc/min;;1;N
2026-07-29 13:49:25;Leak Zero;1.5 Turbo;MON106016;OK;2,06;3;cc/min;;1;N
2026-07-29 13:49:25;Water Leak;1.5 Turbo;MON108381;OK;4,12;6;cc/min;;1;N
2026-07-29 13:49:31;Cabeçote;1.0;USI103293;OK;2,09;4;cc/min;;1;N
2026-07-29 13:49:35;Bloco;1.5;USI100532;OK;2,95;5;cc/min;;1;N
2026-07-29 13:49:35;Leak Zero;1.5;MON105998;OK;1,77;3;cc/min;;1;N
2026-07-29 13:49:35;Water Leak;1.5;MON108363;OK;3,54;6;cc/min;;1;N
2026-07-29 13:49:38;Bloco;1.5 Turbo;USI100567;OK;2,89;5;cc/min;;1;N
2026-07-29 13:49:38;Water Leak;1.5 Turbo;MON108398;OK;3,46;6;cc/min;;1;N
2026-07-29 13:50:41;Bloco;1.5 Turbo;USI100568;OK;3,71;5;cc/min;;1;N
2026-07-29 13:50:41;Water Leak;1.5 Turbo;MON108399;OK;4,46;6;cc/min;;1;N
2026-07-29 13:52:10;Cabeçote;1.5 Turbo;USI103324;OK;1,50;4;cc/min;;1;N
2026-07-29 13:53:11;Bloco;1.5;USI100553;OK;0,96;5;cc/min;;1;N
2026-07-29 13:53:11;Leak Zero;1.5;MON106019;OK;0,57;3;cc/min;;1;N
2026-07-29 13:53:11;Water Leak;1.5;MON108384;OK;1,15;6;cc/min;;1;N
2026-07-29 13:53:35;Bloco;1.0;USI100570;OK;2,89;5;cc/min;;1;N
2026-07-29 13:54:13;Bloco;1.0;USI100562;OK;2,52;5;cc/min;;1;N
2026-07-29 13:54:13;Cabeçote;1.5 Turbo;USI103304;OK;1,85;4;cc/min;;1;N
2026-07-29 13:54:13;Cabeçote;1.5;USI103298;OK;1,23;4;cc/min;;1;N
2026-07-29 13:54:13;Water Leak;1.0;MON108393;OK;3,02;6;cc/min;;1;N
2026-07-29 13:54:51;Cabeçote;1.0;USI103315;OK;1,37;4;cc/min;;1;N
2026-07-29 13:55:28;Cabeçote;1.5 Turbo;USI103302;OK;1,30;4;cc/min;;1;N
2026-07-29 13:55:30;Cabeçote;1.5 Turbo;USI103325;OK;1,98;4;cc/min;;1;N
2026-07-29 13:55:32;Cabeçote;1.0;USI103318;OK;2,55;4;cc/min;;1;N
2026-07-29 13:55:43;Cabeçote;1.0;USI103292;OK;2,29;4;cc/min;;1;N
2026-07-29 13:55:43;Cabeçote;1.5;USI103309;OK;2,76;4;cc/min;;1;N
2026-07-29 13:55:46;Bloco;1.5 Turbo;USI100574;OK;2,14;5;cc/min;;1;N
2026-07-29 13:55:47;Bloco;1.0;USI100537;OK;2,09;5;cc/min;;1;N
2026-07-29 13:55:47;Bloco;1.0;USI100543;OK;1,91;5;cc/min;;1;N
2026-07-29 13:55:47;Bloco;1.5 Turbo;USI100544;OK;3,15;5;cc/min;;1;N
2026-07-29 13:55:47;Leak Zero;1.0;MON106003;OK;1,26;3;cc/min;;1;N
2026-07-29 13:55:47;Leak Zero;1.0;MON106009;OK;1,15;3;cc/min;;1;N
2026-07-29 13:55:47;Leak Zero;1.5 Turbo;MON106010;OK;1,89;3;cc/min;;1;N
2026-07-29 13:55:47;Water Leak;1.0;MON108368;OK;2,51;6;cc/min;;1;N
2026-07-29 13:55:47;Water Leak;1.0;MON108374;OK;2,29;6;cc/min;;1;N
2026-07-29 13:55:47;Water Leak;1.5 Turbo;MON108375;OK;3,78;6;cc/min;;1;N
2026-07-29 13:55:51;Bloco;1.0;USI100536;OK;3,40;5;cc/min;;1;N
2026-07-29 13:55:51;Leak Zero;1.0;MON106002;OK;2,04;3;cc/min;;1;N
2026-07-29 13:55:51;Water Leak;1.0;MON108367;OK;4,08;6;cc/min;;1;N
2026-07-29 13:56:15;Cabeçote;1.5 Turbo;USI103326;OK;2,07;4;cc/min;;1;N
2026-07-29 13:56:19;Bloco;1.0;USI100540;OK;1,26;5;cc/min;;1;N
2026-07-29 13:56:19;Leak Zero;1.0;MON106006;OK;0,76;3;cc/min;;1;N
2026-07-29 13:56:19;Water Leak;1.0;MON108371;OK;1,51;6;cc/min;;1;N
2026-07-29 13:56:20;Cabeçote;1.5 Turbo;USI103316;OK;1,69;4;cc/min;;1;N
2026-07-29 13:56:45;Cabeçote;1.0;USI103297;OK;2,00;4;cc/min;;1;S
2026-07-29 13:57:10;Bloco;1.5;USI100545;OK;2,89;5;cc/min;;1;N
2026-07-29 13:57:10;Leak Zero;1.5;MON106011;OK;1,74;3;cc/min;;1;N
2026-07-29 13:57:10;Water Leak;1.5;MON108376;OK;3,47;6;cc/min;;1;N
2026-07-29 14:00:27;Cabeçote;1.5;USI103327;OK;2,67;4;cc/min;;1;N
2026-07-29 14:00:37;Bloco;1.0;USI100573;OK;1,55;5;cc/min;;1;N
2026-07-29 14:01:31;Bloco;1.5 Turbo;USI100575;OK;2,55;5;cc/min;;1;N
2026-07-29 14:02:26;Bloco;1.5;USI100556;OK;1,95;5;cc/min;;1;N
2026-07-29 14:02:26;Leak Zero;1.5;MON106022;OK;1,17;3;cc/min;;1;N
2026-07-29 14:02:26;Water Leak;1.5;MON108387;OK;2,33;6;cc/min;;1;N
2026-07-29 14:03:25;Bloco;1.5;USI100561;OK;3,03;5;cc/min;;1;N
2026-07-29 14:03:25;Water Leak;1.5;MON108392;OK;3,64;6;cc/min;;1;N
2026-07-29 14:04:11;Bloco;1.5 Turbo;USI100564;OK;3,37;5;cc/min;;1;N
2026-07-29 14:04:11;Water Leak;1.5 Turbo;MON108395;OK;4,05;6;cc/min;;1;N
2026-07-29 14:04:27;Bloco;1.5;USI100547;OK;2,15;5;cc/min;;1;N
2026-07-29 14:04:27;Leak Zero;1.5;MON106013;OK;1,29;3;cc/min;;1;N
2026-07-29 14:04:27;Water Leak;1.5;MON108378;OK;2,58;6;cc/min;;1;N
2026-07-29 14:06:23;Bloco;1.5 Turbo;USI100563;OK;2,55;5;cc/min;;1;N
2026-07-29 14:06:23;Water Leak;1.5 Turbo;MON108394;OK;3,06;6;cc/min;;1;N
2026-07-29 14:07:00;Cabeçote;1.5;USI103301;OK;1,40;4;cc/min;;1;N
2026-07-29 14:08:37;Cabeçote;1.5;USI103314;OK;1,41;4;cc/min;;1;N
2026-07-29 14:09:52;Cabeçote;1.5;USI103312;OK;1,54;4;cc/min;;1;N
2026-07-29 14:10:09;Bloco;1.0;USI100551;OK;3,10;5;cc/min;;1;N
2026-07-29 14:10:09;Leak Zero;1.0;MON106017;OK;1,86;3;cc/min;;1;N
2026-07-29 14:10:09;Water Leak;1.0;MON108382;OK;3,71;6;cc/min;;1;N
2026-07-29 14:10:56;Cabeçote;1.5;USI103322;OK;2,76;4;cc/min;;1;N
2026-07-29 14:11:10;Bloco;1.0;USI100533;OK;2,99;5;cc/min;;1;N
2026-07-29 14:11:10;Leak Zero;1.0;MON105999;OK;1,79;3;cc/min;;1;N
2026-07-29 14:11:10;Water Leak;1.0;MON108364;OK;3,58;6;cc/min;;1;N
2026-07-29 14:11:27;Bloco;1.0;USI100559;OK;3,48;5;cc/min;;1;N
2026-07-29 14:11:27;Leak Zero;1.0;MON106025;OK;2,09;3;cc/min;;1;N
2026-07-29 14:11:27;Water Leak;1.0;MON108390;OK;4,17;6;cc/min;;1;N
2026-07-29 14:11:38;Bloco;1.5;USI100555;OK;1,50;5;cc/min;;1;N
2026-07-29 14:11:38;Leak Zero;1.5;MON106021;OK;0,90;3;cc/min;;1;N
2026-07-29 14:11:38;Water Leak;1.5;MON108386;OK;1,80;6;cc/min;;1;N
2026-07-29 14:12:24;Cabeçote;1.0;USI103289;NOK;11,37;4;cc/min;Guia de válvula;1;N
2026-07-29 14:12:56;Bloco;1.5 Turbo;USI100552;OK;1,45;5;cc/min;;1;N
2026-07-29 14:12:56;Leak Zero;1.5 Turbo;MON106018;OK;0,87;3;cc/min;;1;N
2026-07-29 14:12:56;Water Leak;1.5 Turbo;MON108383;OK;1,74;6;cc/min;;1;N
2026-07-29 14:12:59;Cabeçote;1.5 Turbo;USI103287;OK;2,79;4;cc/min;;1;N
2026-07-29 14:14:42;Bloco;1.5;USI100534;OK;1,21;5;cc/min;;1;N
2026-07-29 14:14:42;Leak Zero;1.5;MON106000;OK;0,73;3;cc/min;;1;N
2026-07-29 14:14:42;Water Leak;1.5;MON108365;OK;1,45;6;cc/min;;1;N
2026-07-29 14:14:59;Cabeçote;1.5;USI103296;OK;1,16;4;cc/min;;1;N
2026-07-29 14:15:05;Cabeçote;1.5 Turbo;USI103320;OK;2,52;4;cc/min;;1;N
2026-07-29 14:15:45;Bloco;1.5 Turbo;USI100557;OK;2,51;5;cc/min;;1;N
2026-07-29 14:15:45;Leak Zero;1.5 Turbo;MON106023;OK;1,51;3;cc/min;;1;N
2026-07-29 14:15:45;Water Leak;1.5 Turbo;MON108388;OK;3,02;6;cc/min;;1;N
2026-07-29 14:17:37;Leak Zero;1.5 Turbo;MON105993;OK;1,26;3;cc/min;;1;N
2026-07-29 14:18:06;Bloco;1.5;USI100554;OK;3,40;5;cc/min;;1;N
2026-07-29 14:18:06;Leak Zero;1.5;MON106020;OK;2,04;3;cc/min;;1;N
2026-07-29 14:18:06;Water Leak;1.5;MON108385;OK;4,08;6;cc/min;;1;N
2026-07-29 14:18:16;Bloco;1.5;USI100535;OK;0,98;5;cc/min;;1;N
2026-07-29 14:18:16;Leak Zero;1.5;MON106001;OK;0,59;3;cc/min;;1;N
2026-07-29 14:18:16;Water Leak;1.5;MON108366;OK;1,18;6;cc/min;;1;N
2026-07-29 14:20:07;Bloco;1.5 Turbo;USI100560;OK;0,82;5;cc/min;;2;N
2026-07-29 14:20:07;Leak Zero;1.5 Turbo;MON106026;OK;0,49;3;cc/min;;2;N
2026-07-29 14:20:07;Water Leak;1.5 Turbo;MON108391;OK;0,99;6;cc/min;;2;N
2026-07-29 14:20:29;Leak Zero;1.5;MON106045;OK;1,15;3;cc/min;;2;N
2026-07-29 14:23:19;Leak Zero;1.5 Turbo;MON106047;OK;2,15;3;cc/min;;2;N
2026-07-29 14:23:24;Bloco;1.5 Turbo;USI100582;OK;2,86;5;cc/min;;2;N
2026-07-29 14:23:24;Cabeçote;1.5 Turbo;USI103350;OK;2,29;4;cc/min;;2;N
2026-07-29 14:23:24;Water Leak;1.5 Turbo;MON108413;OK;3,44;6;cc/min;;2;N
2026-07-29 14:24:17;Bloco;1.0;USI100615;OK;2,35;5;cc/min;;2;N
2026-07-29 14:24:28;Cabeçote;1.5;USI103347;OK;2,75;4;cc/min;;2;N
2026-07-29 14:24:33;Bloco;1.5 Turbo;USI100601;OK;1,45;5;cc/min;;2;N
2026-07-29 14:24:33;Water Leak;1.5 Turbo;MON108432;OK;1,74;6;cc/min;;2;N
2026-07-29 14:24:52;Bloco;1.5 Turbo;USI100597;OK;1,72;5;cc/min;;2;N
2026-07-29 14:24:52;Water Leak;1.5 Turbo;MON108428;OK;2,07;6;cc/min;;2;N
2026-07-29 14:25:14;Bloco;1.5 Turbo;USI100620;OK;1,34;5;cc/min;;2;N
2026-07-29 14:25:22;Cabeçote;1.0;USI103358;OK;1,95;4;cc/min;;2;N
2026-07-29 14:25:22;Leak Zero;1.0;MON106056;OK;1,46;3;cc/min;;2;N
2026-07-29 14:27:53;Water Leak;1.5;MON108404;OK;2,75;6;cc/min;;2;N
2026-07-29 14:28:03;Bloco;1.5 Turbo;USI100600;OK;2,53;5;cc/min;;2;N
2026-07-29 14:28:03;Water Leak;1.5 Turbo;MON108431;OK;3,03;6;cc/min;;2;N
2026-07-29 14:29:23;Bloco;1.5;USI100596;OK;1,79;5;cc/min;;2;N
2026-07-29 14:29:23;Water Leak;1.5;MON108427;OK;2,15;6;cc/min;;2;N
2026-07-29 14:29:49;Leak Zero;1.5;MON106064;OK;0,45;3;cc/min;;2;N
2026-07-29 14:30:23;Bloco;1.5 Turbo;USI100602;OK;1,02;5;cc/min;;2;N
2026-07-29 14:30:23;Water Leak;1.5 Turbo;MON108433;OK;1,22;6;cc/min;;2;N
2026-07-29 14:32:44;Leak Zero;1.5 Turbo;MON106028;OK;1,60;3;cc/min;;2;N
2026-07-29 14:32:55;Leak Zero;1.0;MON106031;OK;1,07;3;cc/min;;2;N
2026-07-29 14:33:49;Cabeçote;1.5 Turbo;USI103362;OK;2,43;4;cc/min;;2;N
2026-07-29 14:33:49;Leak Zero;1.5 Turbo;MON106060;OK;1,82;3;cc/min;;2;N
2026-07-29 14:34:05;Leak Zero;1.5 Turbo;MON106053;OK;0,72;3;cc/min;;2;N
2026-07-29 14:34:07;Leak Zero;1.5;MON106067;OK;1,86;3;cc/min;;2;N
2026-07-29 14:34:11;Bloco;1.5 Turbo;USI100614;OK;2,03;5;cc/min;;2;N
2026-07-29 14:34:24;Cabeçote;1.0;USI103289;OK;2,00;4;cc/min;;2;S
2026-07-29 14:34:45;Bloco;1.0;USI100588;OK;2,79;5;cc/min;;2;N
2026-07-29 14:34:45;Cabeçote;1.0;USI103356;NOK;9,30;4;cc/min;Sede de válvula;2;N
2026-07-29 14:34:45;Water Leak;1.0;MON108419;OK;3,35;6;cc/min;;2;N
2026-07-29 14:34:58;Leak Zero;1.0;MON106065;OK;1,73;3;cc/min;;2;N
2026-07-29 14:35:07;Bloco;1.5;USI100586;OK;2,69;5;cc/min;;2;N
2026-07-29 14:35:07;Cabeçote;1.5;USI103354;OK;2,16;4;cc/min;;2;N
2026-07-29 14:35:07;Water Leak;1.5;MON108417;OK;3,23;6;cc/min;;2;N
2026-07-29 14:35:08;Bloco;1.5;USI100617;OK;2,55;5;cc/min;;2;N
2026-07-29 14:35:11;Water Leak;1.5 Turbo;MON108403;OK;1,81;6;cc/min;;2;N
2026-07-29 14:35:19;Leak Zero;1.0;MON106038;OK;1,52;3;cc/min;;2;N
2026-07-29 14:35:23;Bloco;1.0;USI100581;OK;0,91;5;cc/min;;2;N
2026-07-29 14:35:23;Cabeçote;1.0;USI103349;OK;0,73;4;cc/min;;2;N
2026-07-29 14:35:23;Water Leak;1.0;MON108412;OK;1,09;6;cc/min;;2;N
2026-07-29 14:35:51;Bloco;1.5;USI100577;OK;3,19;5;cc/min;;2;N
2026-07-29 14:35:51;Water Leak;1.5;MON108408;OK;3,83;6;cc/min;;2;N
2026-07-29 14:35:55;Bloco;1.0;USI100592;OK;3,09;5;cc/min;;2;N
2026-07-29 14:35:55;Water Leak;1.0;MON108423;OK;3,71;6;cc/min;;2;N
2026-07-29 14:36:15;Cabeçote;1.5;USI103342;OK;2,82;4;cc/min;;2;N
2026-07-29 14:36:16;Bloco;1.5;USI100585;OK;3,60;5;cc/min;;2;N
2026-07-29 14:36:16;Cabeçote;1.5;USI103353;OK;2,88;4;cc/min;;2;N
2026-07-29 14:36:16;Water Leak;1.5;MON108416;OK;4,32;6;cc/min;;2;N
2026-07-29 14:38:07;Leak Zero;1.5;MON106046;OK;0,87;3;cc/min;;2;N
2026-07-29 14:39:07;Water Leak;1.5;MON108401;OK;3,53;6;cc/min;;2;N
2026-07-29 14:39:39;Bloco;1.5;USI100593;OK;2,52;5;cc/min;;2;N
2026-07-29 14:39:39;Leak Zero;1.5;MON106063;OK;1,04;3;cc/min;;2;N
2026-07-29 14:39:39;Water Leak;1.5;MON108424;OK;3,02;6;cc/min;;2;N
2026-07-29 14:39:41;Cabeçote;1.0;USI103341;OK;0,91;4;cc/min;;2;N
2026-07-29 14:39:43;Leak Zero;1.5 Turbo;MON106042;OK;1,53;3;cc/min;;2;N
2026-07-29 14:41:03;Leak Zero;1.5;MON106062;OK;2,13;3;cc/min;;2;N
2026-07-29 14:41:36;Water Leak;1.5;MON108400;OK;3,47;6;cc/min;;2;N
2026-07-29 14:42:04;Leak Zero;1.5;MON106040;OK;1,25;3;cc/min;;2;N
2026-07-29 14:43:21;Bloco;1.5 Turbo;USI100605;OK;3,17;5;cc/min;;2;N
2026-07-29 14:44:05;Bloco;1.5;USI100618;OK;2,76;5;cc/min;;2;N
2026-07-29 14:45:41;Bloco;1.0;USI100590;OK;1,01;5;cc/min;;2;N
2026-07-29 14:45:41;Cabeçote;1.0;USI103345;OK;1,23;4;cc/min;;2;N
2026-07-29 14:45:41;Water Leak;1.0;MON108421;OK;1,21;6;cc/min;;2;N
2026-07-29 14:46:04;Cabeçote;1.0;USI103359;OK;0,90;4;cc/min;;2;N
2026-07-29 14:46:04;Leak Zero;1.0;MON106057;OK;0,68;3;cc/min;;2;N
2026-07-29 14:46:58;Cabeçote;1.5;USI103334;OK;2,30;4;cc/min;;2;N
2026-07-29 14:47:01;Bloco;1.0;USI100599;OK;1,49;5;cc/min;;2;N
2026-07-29 14:47:01;Water Leak;1.0;MON108430;OK;1,79;6;cc/min;;2;N
2026-07-29 14:47:19;Bloco;1.0;USI100589;OK;2,45;5;cc/min;;2;N
2026-07-29 14:47:19;Water Leak;1.0;MON108420;OK;2,94;6;cc/min;;2;N
2026-07-29 14:47:56;Cabeçote;1.5;USI103343;OK;2,76;4;cc/min;;2;N
2026-07-29 14:48:14;Bloco;1.5;USI100609;OK;2,52;5;cc/min;;2;N
2026-07-29 14:49:31;Bloco;1.0;USI100584;OK;2,62;5;cc/min;;2;N
2026-07-29 14:49:31;Cabeçote;1.0;USI103352;OK;2,09;4;cc/min;;2;N
2026-07-29 14:49:31;Water Leak;1.0;MON108415;OK;3,14;6;cc/min;;2;N
2026-07-29 14:50:45;Cabeçote;1.5 Turbo;USI103335;OK;2,91;4;cc/min;;2;N
2026-07-29 14:50:59;Leak Zero;1.5;MON106039;OK;1,69;3;cc/min;;2;N
2026-07-29 14:52:02;Bloco;1.0;USI100576;OK;1,73;5;cc/min;;2;N
2026-07-29 14:52:02;Water Leak;1.0;MON108407;OK;2,07;6;cc/min;;2;N
2026-07-29 14:54:13;Cabeçote;1.0;USI103331;NOK;8,64;4;cc/min;Guia de válvula;2;N
2026-07-29 14:54:13;Cabeçote;1.5 Turbo;USI103363;OK;1,85;4;cc/min;;2;N
2026-07-29 14:54:13;Cabeçote;1.5;USI103357;OK;1,23;4;cc/min;;2;N
2026-07-29 14:54:13;Leak Zero;1.5 Turbo;MON106061;OK;1,39;3;cc/min;;2;N
2026-07-29 14:54:13;Leak Zero;1.5;MON106055;OK;0,92;3;cc/min;;2;N
2026-07-29 14:54:55;Leak Zero;1.0;MON106037;OK;1,66;3;cc/min;;2;N
2026-07-29 14:55:27;Bloco;1.5 Turbo;USI100619;OK;0,90;5;cc/min;;2;N
2026-07-29 14:55:28;Cabeçote;1.5 Turbo;USI103361;OK;1,30;4;cc/min;;2;N
2026-07-29 14:55:28;Leak Zero;1.5 Turbo;MON106059;OK;0,97;3;cc/min;;2;N
2026-07-29 14:55:43;Bloco;1.0;USI100583;OK;2,86;5;cc/min;;2;N
2026-07-29 14:55:43;Cabeçote;1.0;USI103351;OK;2,29;4;cc/min;;2;N
2026-07-29 14:55:43;Leak Zero;1.5;MON106066;OK;2,07;3;cc/min;;2;N
2026-07-29 14:55:43;Water Leak;1.0;MON108414;OK;3,44;6;cc/min;;2;N
2026-07-29 14:56:07;Cabeçote;1.5 Turbo;USI103344;OK;1,87;4;cc/min;;2;N
2026-07-29 14:56:12;Cabeçote;1.0;USI103332;OK;2,76;4;cc/min;;2;N
2026-07-29 14:56:45;Cabeçote;1.0;USI103356;OK;2,00;4;cc/min;;2;S
2026-07-29 14:57:07;Bloco;1.5 Turbo;USI100610;OK;1,08;5;cc/min;;2;N
2026-07-29 14:57:30;Leak Zero;1.5;MON106050;OK;1,61;3;cc/min;;2;N
2026-07-29 14:59:03;Leak Zero;1.5 Turbo;MON106052;OK;1,54;3;cc/min;;2;N
2026-07-29 14:59:27;Leak Zero;1.5;MON106027;OK;2,18;3;cc/min;;2;N
2026-07-29 14:59:35;Leak Zero;1.5 Turbo;MON106044;OK;2,22;3;cc/min;;2;N
2026-07-29 15:00:58;Leak Zero;1.0;MON106054;OK;0,83;3;cc/min;;2;N
2026-07-29 15:01:15;Bloco;1.0;USI100611;OK;3,50;5;cc/min;;2;N
2026-07-29 15:01:36;Cabeçote;1.5 Turbo;USI103338;OK;1,36;4;cc/min;;2;N
2026-07-29 15:02:26;Leak Zero;1.5 Turbo;MON106048;OK;0,92;3;cc/min;;2;N
2026-07-29 15:02:26;Leak Zero;1.5 Turbo;MON106049;OK;0,63;3;cc/min;;2;N
2026-07-29 15:02:37;Leak Zero;1.5;MON106032;OK;1,94;3;cc/min;;2;N
2026-07-29 15:02:54;Cabeçote;1.5;USI103336;OK;2,37;4;cc/min;;2;N
2026-07-29 15:02:57;Leak Zero;1.5 Turbo;MON106035;OK;1,30;3;cc/min;;2;N
2026-07-29 15:03:01;Bloco;1.0;USI100607;OK;2,56;5;cc/min;;2;N
2026-07-29 15:03:02;Cabeçote;1.5 Turbo;USI103339;OK;2,90;4;cc/min;;2;N
2026-07-29 15:03:25;Cabeçote;1.5;USI103330;OK;2,43;4;cc/min;;2;N
2026-07-29 15:03:41;Bloco;1.5;USI100608;OK;1,93;5;cc/min;;2;N
2026-07-29 15:03:56;Leak Zero;1.5 Turbo;MON106036;OK;1,06;3;cc/min;;2;N
2026-07-29 15:04:09;Bloco;1.0;USI100594;OK;1,43;5;cc/min;;2;N
2026-07-29 15:04:09;Water Leak;1.0;MON108425;OK;1,72;6;cc/min;;2;N
2026-07-29 15:04:11;Leak Zero;1.5 Turbo;MON106029;OK;0,53;3;cc/min;;2;N
2026-07-29 15:04:19;Leak Zero;1.0;MON106034;NOK;5,37;3;cc/min;Cárter;2;N
2026-07-29 15:04:50;Bloco;1.5 Turbo;USI100603;OK;3,23;5;cc/min;;2;N
2026-07-29 15:04:50;Water Leak;1.5 Turbo;MON108434;OK;3,88;6;cc/min;;2;N
2026-07-29 15:04:54;Bloco;1.5 Turbo;USI100595;OK;2,45;5;cc/min;;2;N
2026-07-29 15:04:54;Water Leak;1.5 Turbo;MON108426;OK;2,94;6;cc/min;;2;N
2026-07-29 15:07:00;Cabeçote;1.5;USI103360;OK;1,40;4;cc/min;;2;N
2026-07-29 15:07:00;Leak Zero;1.5;MON106058;OK;1,05;3;cc/min;;2;N
2026-07-29 15:07:05;Bloco;1.5 Turbo;USI100613;OK;3,29;5;cc/min;;2;N
2026-07-29 15:08:06;Cabeçote;1.5;USI103340;OK;1,20;4;cc/min;;2;N
2026-07-29 15:08:12;Bloco;1.5;USI100606;OK;2,48;5;cc/min;;2;N
2026-07-29 15:09:04;Leak Zero;1.0;MON106043;OK;1,63;3;cc/min;;2;N
2026-07-29 15:09:27;Bloco;1.5;USI100591;OK;2,04;5;cc/min;;2;N
2026-07-29 15:09:27;Water Leak;1.5;MON108422;OK;2,45;6;cc/min;;2;N
2026-07-29 15:10:32;Leak Zero;1.5;MON106041;OK;0,78;3;cc/min;;2;N
2026-07-29 15:11:27;Cabeçote;1.0;USI103328;OK;2,78;4;cc/min;;2;N
2026-07-29 15:12:24;Cabeçote;1.0;USI103348;NOK;11,37;4;cc/min;Guia de válvula;2;N
2026-07-29 15:12:36;Cabeçote;1.5;USI103333;OK;1,11;4;cc/min;;2;N
2026-07-29 15:12:59;Cabeçote;1.5 Turbo;USI103346;OK;2,79;4;cc/min;;2;N
2026-07-29 15:13:08;Bloco;1.5;USI100616;OK;2,52;5;cc/min;;2;N
2026-07-29 15:13:15;Bloco;1.0;USI100598;OK;1,23;5;cc/min;;2;N
2026-07-29 15:13:15;Water Leak;1.0;MON108429;OK;1,48;6;cc/min;;2;N
2026-07-29 15:13:47;Bloco;1.5 Turbo;USI100612;OK;0,80;5;cc/min;;2;N
2026-07-29 15:13:54;Bloco;1.5 Turbo;USI100579;OK;0,77;5;cc/min;;2;N
2026-07-29 15:13:54;Water Leak;1.5 Turbo;MON108410;OK;0,92;6;cc/min;;2;N
2026-07-29 15:14:11;Leak Zero;1.0;MON106030;OK;1,44;3;cc/min;;2;N
2026-07-29 15:14:17;Water Leak;1.5;MON108406;OK;3,92;6;cc/min;;2;N
2026-07-29 15:14:54;Bloco;1.5;USI100578;OK;2,72;5;cc/min;;2;N
2026-07-29 15:14:54;Water Leak;1.5;MON108409;OK;3,26;6;cc/min;;2;N
2026-07-29 15:14:59;Bloco;1.5;USI100587;OK;1,45;5;cc/min;;2;N
2026-07-29 15:14:59;Cabeçote;1.5;USI103355;OK;1,16;4;cc/min;;2;N
2026-07-29 15:14:59;Water Leak;1.5;MON108418;OK;1,73;6;cc/min;;2;N
2026-07-29 15:15:23;Bloco;1.5;USI100604;OK;1,18;5;cc/min;;2;N
2026-07-29 15:15:39;Water Leak;1.5 Turbo;MON108405;OK;2,21;6;cc/min;;2;N
2026-07-29 15:16:13;Cabeçote;1.0;USI103331;OK;2,00;4;cc/min;;2;S
2026-07-29 15:17:07;Leak Zero;1.5 Turbo;MON106051;OK;1,09;3;cc/min;;2;N
2026-07-29 15:17:39;Water Leak;1.5;MON108402;OK;2,98;6;cc/min;;2;N
2026-07-29 15:17:51;Leak Zero;1.5;MON106033;OK;1,38;3;cc/min;;2;N
2026-07-29 15:18:15;Bloco;1.5;USI100580;OK;1,65;5;cc/min;;2;N
2026-07-29 15:18:15;Water Leak;1.5;MON108411;OK;1,98;6;cc/min;;2;N
2026-07-29 15:19:28;Cabeçote;1.5;USI103337;OK;1,46;4;cc/min;;2;N
2026-07-29 15:20:07;Cabeçote;1.5 Turbo;USI103329;OK;0,66;4;cc/min;;2;N
2026-07-29 15:20:29;Bloco;1.5;USI100641;OK;1,92;5;cc/min;;2;N
2026-07-29 15:20:29;Water Leak;1.5;MON108472;OK;2,31;6;cc/min;;2;N
2026-07-29 15:21:00;Cabeçote;1.0;USI103377;OK;2,24;4;cc/min;;2;N
2026-07-29 15:21:00;Leak Zero;1.0;MON106075;OK;1,68;3;cc/min;;2;N
2026-07-29 15:21:05;Bloco;1.5 Turbo;USI100674;OK;3,07;5;cc/min;;2;N
2026-07-29 15:21:50;Cabeçote;1.5;USI103374;OK;2,34;4;cc/min;;2;N
2026-07-29 15:21:50;Leak Zero;1.5;MON106072;OK;1,76;3;cc/min;;2;N
2026-07-29 15:22:16;Leak Zero;1.5 Turbo;MON106092;OK;1,37;3;cc/min;;2;N
2026-07-29 15:22:57;Bloco;1.5 Turbo;USI100625;OK;1,58;5;cc/min;;2;N
2026-07-29 15:22:57;Water Leak;1.5 Turbo;MON108456;OK;1,90;6;cc/min;;2;N
2026-07-29 15:23:19;Bloco;1.5 Turbo;USI100643;OK;3,59;5;cc/min;;2;N
2026-07-29 15:23:19;Water Leak;1.5 Turbo;MON108474;OK;4,30;6;cc/min;;2;N
2026-07-29 15:24:36;Cabeçote;1.5;USI103367;OK;0,78;4;cc/min;;2;N
2026-07-29 15:25:22;Bloco;1.0;USI100652;OK;2,44;5;cc/min;;2;N
2026-07-29 15:25:28;Bloco;1.0;USI100664;OK;3,48;5;cc/min;;2;N
2026-07-29 15:25:29;Water Leak;1.5 Turbo;MON108442;OK;3,90;6;cc/min;;2;N
2026-07-29 15:26:19;Leak Zero;1.0;MON106034;OK;1,50;3;cc/min;;2;S
2026-07-29 15:26:44;Bloco;1.5;USI100672;OK;1,02;5;cc/min;;2;N
2026-07-29 15:28:46;Bloco;1.5;USI100666;OK;3,30;5;cc/min;;2;N
2026-07-29 15:28:56;Cabeçote;1.5 Turbo;USI103370;OK;2,81;4;cc/min;;2;N
2026-07-29 15:28:56;Leak Zero;1.5 Turbo;MON106068;OK;2,11;3;cc/min;;2;N
2026-07-29 15:29:49;Bloco;1.5;USI100660;OK;0,75;5;cc/min;;2;N
2026-07-29 15:30:20;Bloco;1.5 Turbo;USI100622;OK;2,45;5;cc/min;;2;N
2026-07-29 15:30:20;Water Leak;1.5 Turbo;MON108453;OK;2,94;6;cc/min;;2;N
2026-07-29 15:31:39;Water Leak;1.5 Turbo;MON108446;OK;3,99;6;cc/min;;2;N
2026-07-29 15:32:12;Cabeçote;1.5;USI103376;OK;2,08;4;cc/min;;2;N
2026-07-29 15:32:12;Leak Zero;1.5;MON106074;OK;1,56;3;cc/min;;2;N
2026-07-29 15:33:49;Bloco;1.5 Turbo;USI100656;OK;3,03;5;cc/min;;2;N
2026-07-29 15:34:05;Bloco;1.5 Turbo;USI100649;OK;1,21;5;cc/min;;2;N
2026-07-29 15:34:07;Bloco;1.5;USI100663;OK;3,10;5;cc/min;;2;N
2026-07-29 15:34:24;Cabeçote;1.0;USI103348;OK;2,00;4;cc/min;;2;S
2026-07-29 15:34:58;Bloco;1.0;USI100661;OK;2,88;5;cc/min;;2;N
2026-07-29 15:35:19;Bloco;1.0;USI100634;OK;2,53;5;cc/min;;2;N
2026-07-29 15:35:19;Water Leak;1.0;MON108465;OK;3,04;6;cc/min;;2;N
2026-07-29 15:36:15;Cabeçote;1.5;USI103401;OK;2,82;4;cc/min;;2;N
2026-07-29 15:36:50;Leak Zero;1.0;MON106091;OK;1,25;3;cc/min;;2;N
2026-07-29 15:38:04;Leak Zero;1.5;MON106095;OK;1,69;3;cc/min;;2;N
2026-07-29 15:38:07;Bloco;1.5;USI100642;OK;1,45;5;cc/min;;2;N
2026-07-29 15:38:07;Water Leak;1.5;MON108473;OK;1,73;6;cc/min;;2;N
2026-07-29 15:39:30;Water Leak;1.5 Turbo;MON108438;OK;3,56;6;cc/min;;2;N
2026-07-29 15:39:39;Bloco;1.5;USI100659;OK;1,73;5;cc/min;;2;N
2026-07-29 15:39:41;Cabeçote;1.0;USI103400;OK;0,91;4;cc/min;;2;N
2026-07-29 15:39:43;Bloco;1.5 Turbo;USI100638;OK;2,56;5;cc/min;;2;N
2026-07-29 15:39:43;Water Leak;1.5 Turbo;MON108469;OK;3,07;6;cc/min;;2;N
2026-07-29 15:40:25;Water Leak;1.5 Turbo;MON108437;OK;1,00;6;cc/min;;2;N
2026-07-29 15:40:36;Leak Zero;1.0;MON106098;OK;1,04;3;cc/min;;2;N
2026-07-29 15:40:49;Bloco;1.5;USI100627;OK;2,22;5;cc/min;;2;N
2026-07-29 15:40:49;Water Leak;1.5;MON108458;OK;2,67;6;cc/min;;2;N
2026-07-29 15:41:03;Bloco;1.5;USI100658;OK;3,56;5;cc/min;;2;N
2026-07-29 15:42:04;Bloco;1.5;USI100636;OK;2,08;5;cc/min;;2;N
2026-07-29 15:42:04;Water Leak;1.5;MON108467;OK;2,49;6;cc/min;;2;N
2026-07-29 15:42:45;Water Leak;1.0;MON108447;OK;3,44;6;cc/min;;2;N
2026-07-29 15:43:11;Bloco;1.5 Turbo;USI100630;OK;2,42;5;cc/min;;2;N
2026-07-29 15:43:11;Water Leak;1.5 Turbo;MON108461;OK;2,91;6;cc/min;;2;N
2026-07-29 15:43:37;Water Leak;1.5;MON108435;OK;3,04;6;cc/min;;2;N
2026-07-29 15:43:42;Bloco;1.0;USI100670;OK;2,35;5;cc/min;;2;N
2026-07-29 15:45:25;Cabeçote;1.0;USI103366;OK;0,92;4;cc/min;;2;N
2026-07-29 15:45:41;Cabeçote;1.0;USI103404;OK;1,23;4;cc/min;;2;N
2026-07-29 15:45:53;Cabeçote;1.0;USI103386;OK;0,80;4;cc/min;;2;N
2026-07-29 15:45:53;Leak Zero;1.0;MON106084;OK;0,60;3;cc/min;;2;N
2026-07-29 15:46:04;Bloco;1.0;USI100653;OK;1,13;5;cc/min;;2;N
2026-07-29 15:46:58;Cabeçote;1.5;USI103393;OK;2,30;4;cc/min;;2;N
2026-07-29 15:47:24;Water Leak;1.5;MON108439;OK;1,62;6;cc/min;;2;N
2026-07-29 15:47:56;Cabeçote;1.5;USI103402;OK;2,76;4;cc/min;;2;N
2026-07-29 15:48:20;Cabeçote;1.0;USI103369;OK;2,39;4;cc/min;;2;N
2026-07-29 15:48:32;Leak Zero;1.5 Turbo;MON106097;OK;1,89;3;cc/min;;2;N
2026-07-29 15:49:25;Cabeçote;1.5 Turbo;USI103378;OK;2,74;4;cc/min;;2;N
2026-07-29 15:49:25;Leak Zero;1.5 Turbo;MON106076;OK;2,06;3;cc/min;;2;N
2026-07-29 15:49:38;Leak Zero;1.5 Turbo;MON106093;OK;1,73;3;cc/min;;2;N
2026-07-29 15:50:41;Leak Zero;1.5 Turbo;MON106094;OK;2,23;3;cc/min;;2;N
2026-07-29 15:50:45;Cabeçote;1.5 Turbo;USI103394;OK;2,91;4;cc/min;;2;N
2026-07-29 15:50:59;Bloco;1.5;USI100635;OK;2,82;5;cc/min;;2;N
2026-07-29 15:50:59;Water Leak;1.5;MON108466;OK;3,38;6;cc/min;;2;N
2026-07-29 15:51:00;Bloco;1.5 Turbo;USI100629;OK;1,64;5;cc/min;;2;N
2026-07-29 15:51:00;Water Leak;1.5 Turbo;MON108460;OK;1,97;6;cc/min;;2;N
2026-07-29 15:52:13;Water Leak;1.5;MON108440;OK;0,95;6;cc/min;;2;N
2026-07-29 15:53:06;Bloco;1.5;USI100626;OK;0,86;5;cc/min;;2;N
2026-07-29 15:53:06;Water Leak;1.5;MON108457;OK;1,03;6;cc/min;;2;N
2026-07-29 15:53:11;Cabeçote;1.5;USI103381;OK;0,76;4;cc/min;;2;N
2026-07-29 15:53:11;Leak Zero;1.5;MON106079;OK;0,57;3;cc/min;;2;N
2026-07-29 15:53:35;Leak Zero;1.0;MON106096;OK;1,74;3;cc/min;;2;N
2026-07-29 15:54:13;Bloco;1.5 Turbo;USI100657;OK;2,31;5;cc/min;;2;N
2026-07-29 15:54:13;Bloco;1.5;USI100651;OK;1,54;5;cc/min;;2;N
2026-07-29 15:54:13;Cabeçote;1.0;USI103390;NOK;8,64;4;cc/min;Guia de válvula;2;N
2026-07-29 15:54:13;Leak Zero;1.0;MON106088;OK;1,51;3;cc/min;;2;N
2026-07-29 15:54:37;Water Leak;1.5;MON108448;OK;4,23;6;cc/min;;2;N
2026-07-29 15:54:51;Bloco;1.0;USI100668;OK;1,72;5;cc/min;;2;N
2026-07-29 15:54:55;Bloco;1.0;USI100633;OK;2,77;5;cc/min;;2;N
2026-07-29 15:54:55;Water Leak;1.0;MON108464;OK;3,33;6;cc/min;;2;N
2026-07-29 15:55:28;Bloco;1.5 Turbo;USI100655;OK;1,62;5;cc/min;;2;N
2026-07-29 15:55:32;Bloco;1.0;USI100671;OK;3,18;5;cc/min;;2;N
2026-07-29 15:55:43;Bloco;1.5;USI100662;OK;3,45;5;cc/min;;2;N
2026-07-29 15:55:47;Cabeçote;1.0;USI103365;OK;1,67;4;cc/min;;2;N
2026-07-29 15:55:47;Cabeçote;1.0;USI103371;OK;1,53;4;cc/min;;2;N
2026-07-29 15:55:47;Cabeçote;1.5 Turbo;USI103372;OK;2,52;4;cc/min;;2;N
2026-07-29 15:55:47;Leak Zero;1.0;MON106069;OK;1,15;3;cc/min;;2;N
2026-07-29 15:55:47;Leak Zero;1.5 Turbo;MON106070;OK;1,89;3;cc/min;;2;N
2026-07-29 15:55:51;Cabeçote;1.0;USI103364;OK;2,72;4;cc/min;;2;N
2026-07-29 15:56:07;Cabeçote;1.5 Turbo;USI103403;OK;1,87;4;cc/min;;2;N
2026-07-29 15:56:12;Cabeçote;1.0;USI103391;OK;2,76;4;cc/min;;2;N
2026-07-29 15:56:19;Cabeçote;1.0;USI103368;OK;1,01;4;cc/min;;2;N
2026-07-29 15:56:20;Bloco;1.5 Turbo;USI100669;OK;2,11;5;cc/min;;2;N
2026-07-29 15:56:53;Water Leak;1.5;MON108449;OK;2,44;6;cc/min;;2;N
2026-07-29 15:57:10;Cabeçote;1.5;USI103373;OK;2,31;4;cc/min;;2;N
2026-07-29 15:57:10;Leak Zero;1.5;MON106071;OK;1,74;3;cc/min;;2;N
2026-07-29 15:57:30;Bloco;1.5;USI100646;OK;2,69;5;cc/min;;2;N
2026-07-29 15:57:30;Water Leak;1.5;MON108477;OK;3,22;6;cc/min;;2;N
2026-07-29 15:58:32;Bloco;1.5;USI100624;OK;2,95;5;cc/min;;2;N
2026-07-29 15:58:32;Water Leak;1.5;MON108455;OK;3,54;6;cc/min;;2;N
2026-07-29 15:59:03;Bloco;1.5 Turbo;USI100648;OK;2,57;5;cc/min;;2;N
2026-07-29 15:59:35;Bloco;1.5 Turbo;USI100640;OK;3,70;5;cc/min;;2;N
2026-07-29 15:59:35;Water Leak;1.5 Turbo;MON108471;OK;4,44;6;cc/min;;2;N
2026-07-29 16:00:37;Leak Zero;1.0;MON106099;OK;0,93;3;cc/min;;2;N
2026-07-29 16:00:58;Bloco;1.0;USI100650;OK;1,38;5;cc/min;;2;N
2026-07-29 16:01:36;Cabeçote;1.5 Turbo;USI103397;OK;1,36;4;cc/min;;2;N
2026-07-29 16:02:26;Bloco;1.5 Turbo;USI100644;OK;1,54;5;cc/min;;2;N
2026-07-29 16:02:26;Bloco;1.5 Turbo;USI100645;OK;1,05;5;cc/min;;2;N
2026-07-29 16:02:26;Cabeçote;1.5;USI103384;OK;1,56;4;cc/min;;2;N
2026-07-29 16:02:26;Leak Zero;1.5;MON106082;OK;1,17;3;cc/min;;2;N
2026-07-29 16:02:26;Water Leak;1.5 Turbo;MON108475;OK;1,84;6;cc/min;;2;N
2026-07-29 16:02:26;Water Leak;1.5 Turbo;MON108476;OK;1,26;6;cc/min;;2;N
2026-07-29 16:02:54;Cabeçote;1.5;USI103395;OK;2,37;4;cc/min;;2;N
2026-07-29 16:02:57;Bloco;1.5 Turbo;USI100631;OK;2,17;5;cc/min;;2;N
2026-07-29 16:02:57;Water Leak;1.5 Turbo;MON108462;OK;2,60;6;cc/min;;2;N
2026-07-29 16:03:02;Cabeçote;1.5 Turbo;USI103398;OK;2,90;4;cc/min;;2;N
2026-07-29 16:03:21;Water Leak;1.5 Turbo;MON108451;OK;4,50;6;cc/min;;2;N
2026-07-29 16:03:25;Cabeçote;1.5;USI103389;OK;2,43;4;cc/min;;2;N
2026-07-29 16:03:25;Leak Zero;1.5;MON106087;OK;1,82;3;cc/min;;2;N
2026-07-29 16:03:56;Bloco;1.5 Turbo;USI100632;OK;1,77;5;cc/min;;2;N
2026-07-29 16:03:56;Water Leak;1.5 Turbo;MON108463;OK;2,13;6;cc/min;;2;N
2026-07-29 16:04:11;Leak Zero;1.5 Turbo;MON106090;OK;2,02;3;cc/min;;2;N
2026-07-29 16:04:27;Cabeçote;1.5;USI103375;OK;1,72;4;cc/min;;2;N
2026-07-29 16:04:27;Leak Zero;1.5;MON106073;OK;1,29;3;cc/min;;2;N
2026-07-29 16:06:23;Leak Zero;1.5 Turbo;MON106089;OK;1,53;3;cc/min;;2;N
2026-07-29 16:06:29;Water Leak;1.0;MON108444;OK;2,88;6;cc/min;;2;N
2026-07-29 16:07:00;Bloco;1.5;USI100654;OK;1,76;5;cc/min;;2;N
2026-07-29 16:08:06;Cabeçote;1.5;USI103399;OK;1,20;4;cc/min;;2;N
2026-07-29 16:08:15;Water Leak;1.5 Turbo;MON108443;OK;4,07;6;cc/min;;2;N
2026-07-29 16:08:37;Bloco;1.5;USI100667;OK;1,76;5;cc/min;;2;N
2026-07-29 16:08:48;Water Leak;1.5 Turbo;MON108441;OK;2,66;6;cc/min;;2;N
2026-07-29 16:09:04;Bloco;1.0;USI100639;OK;2,72;5;cc/min;;2;N
2026-07-29 16:09:04;Water Leak;1.0;MON108470;OK;3,26;6;cc/min;;2;N
2026-07-29 16:09:52;Bloco;1.5 Turbo;USI100628;OK;2,28;5;cc/min;;2;N
2026-07-29 16:09:52;Bloco;1.5;USI100665;OK;1,92;5;cc/min;;2;N
2026-07-29 16:09:52;Water Leak;1.5 Turbo;MON108459;OK;2,73;6;cc/min;;2;N
2026-07-29 16:10:09;Cabeçote;1.0;USI103379;OK;2,48;4;cc/min;;2;N
2026-07-29 16:10:09;Leak Zero;1.0;MON106077;OK;1,86;3;cc/min;;2;N
2026-07-29 16:10:32;Bloco;1.5;USI100637;OK;1,30;5;cc/min;;2;N
2026-07-29 16:10:32;Water Leak;1.5;MON108468;OK;1,56;6;cc/min;;2;N
2026-07-29 16:11:15;Water Leak;1.5 Turbo;MON108436;OK;3,12;6;cc/min;;2;N
2026-07-29 16:11:27;Cabeçote;1.0;USI103387;OK;2,78;4;cc/min;;2;N
2026-07-29 16:11:27;Leak Zero;1.0;MON106085;OK;2,09;3;cc/min;;2;N
2026-07-29 16:11:38;Cabeçote;1.5;USI103383;OK;1,20;4;cc/min;;2;N
2026-07-29 16:11:38;Leak Zero;1.5;MON106081;OK;0,90;3;cc/min;;2;N
2026-07-29 16:11:43;Bloco;1.0;USI100621;OK;2,91;5;cc/min;;2;N
2026-07-29 16:11:43;Water Leak;1.0;MON108452;OK;3,50;6;cc/min;;2;N
2026-07-29 16:11:52;Water Leak;1.0;MON108450;OK;3,98;6;cc/min;;2;N
2026-07-29 16:12:36;Cabeçote;1.5;USI103392;OK;1,11;4;cc/min;;2;N
2026-07-29 16:12:56;Cabeçote;1.5 Turbo;USI103380;OK;1,16;4;cc/min;;2;N
2026-07-29 16:12:56;Leak Zero;1.5 Turbo;MON106078;OK;0,87;3;cc/min;;2;N
2026-07-29 16:14:09;Water Leak;1.0;MON108445;OK;4,38;6;cc/min;;2;N
2026-07-29 16:15:05;Bloco;1.5 Turbo;USI100673;OK;3,15;5;cc/min;;2;N
2026-07-29 16:15:45;Cabeçote;1.5 Turbo;USI103385;OK;2,01;4;cc/min;;2;N
2026-07-29 16:15:45;Leak Zero;1.5 Turbo;MON106083;OK;1,51;3;cc/min;;2;N
2026-07-29 16:16:13;Cabeçote;1.0;USI103390;OK;2,00;4;cc/min;;2;S
2026-07-29 16:17:07;Bloco;1.5 Turbo;USI100647;OK;1,82;5;cc/min;;2;N
2026-07-29 16:17:07;Water Leak;1.5 Turbo;MON108478;OK;2,18;6;cc/min;;2;N
2026-07-29 16:17:55;Bloco;1.5;USI100623;OK;3,06;5;cc/min;;2;N
2026-07-29 16:17:55;Water Leak;1.5;MON108454;OK;3,67;6;cc/min;;2;N
2026-07-29 16:18:06;Cabeçote;1.5;USI103382;OK;2,72;4;cc/min;;2;N
2026-07-29 16:18:06;Leak Zero;1.5;MON106080;OK;2,04;3;cc/min;;2;N
2026-07-29 16:19:28;Cabeçote;1.5;USI103396;OK;1,46;4;cc/min;;2;N
2026-07-29 16:20:07;Cabeçote;1.5 Turbo;USI103388;OK;0,66;4;cc/min;;2;N
2026-07-29 16:20:07;Leak Zero;1.5 Turbo;MON106086;OK;0,49;3;cc/min;;2;N
2026-07-29 16:20:15;Bloco;1.0;USI100722;OK;0,97;5;cc/min;;2;N
2026-07-29 16:20:15;Cabeçote;1.0;USI103426;OK;0,78;4;cc/min;;2;N
2026-07-29 16:20:29;Cabeçote;1.5;USI103407;NOK;7,21;4;cc/min;Galeria de água;2;N
2026-07-29 16:21:00;Water Leak;1.0;MON108502;OK;3,37;6;cc/min;;2;N
2026-07-29 16:21:50;Water Leak;1.5;MON108499;OK;3,51;6;cc/min;;2;N
2026-07-29 16:22:16;Bloco;1.5 Turbo;USI100688;OK;2,28;5;cc/min;;2;N
2026-07-29 16:22:57;Cabeçote;1.5 Turbo;USI103452;OK;1,27;4;cc/min;;2;N
2026-07-29 16:23:24;Leak Zero;1.5 Turbo;MON106108;OK;1,72;3;cc/min;;2;N
2026-07-29 16:24:30;Water Leak;1.5 Turbo;MON108484;OK;2,07;6;cc/min;;2;N
2026-07-29 16:24:33;Leak Zero;1.5 Turbo;MON106127;OK;0,87;3;cc/min;;2;N
2026-07-29 16:24:36;Water Leak;1.5;MON108492;OK;1,16;6;cc/min;;2;N
2026-07-29 16:24:52;Leak Zero;1.5 Turbo;MON106123;OK;1,03;3;cc/min;;2;N
2026-07-29 16:25:29;Cabeçote;1.5 Turbo;USI103438;OK;2,60;4;cc/min;;2;N
2026-07-29 16:26:09;Bloco;1.0;USI100707;OK;2,48;5;cc/min;;2;N
2026-07-29 16:26:09;Cabeçote;1.0;USI103411;OK;1,98;4;cc/min;;2;N
2026-07-29 16:27:46;Bloco;1.0;USI100715;OK;2,22;5;cc/min;;2;N
2026-07-29 16:27:46;Cabeçote;1.0;USI103419;OK;1,78;4;cc/min;;2;N
2026-07-29 16:28:03;Leak Zero;1.5 Turbo;MON106126;OK;1,52;3;cc/min;;2;N
2026-07-29 16:28:56;Water Leak;1.5 Turbo;MON108495;OK;4,21;6;cc/min;;2;N
2026-07-29 16:29:20;Bloco;1.5;USI100711;OK;1,71;5;cc/min;;2;N
2026-07-29 16:29:20;Cabeçote;1.5;USI103415;OK;1,37;4;cc/min;;2;N
2026-07-29 16:29:23;Leak Zero;1.5;MON106122;OK;1,08;3;cc/min;;2;N
2026-07-29 16:30:20;Cabeçote;1.5 Turbo;USI103449;OK;1,96;4;cc/min;;2;N
2026-07-29 16:30:23;Leak Zero;1.5 Turbo;MON106128;OK;0,61;3;cc/min;;2;N
2026-07-29 16:31:11;Bloco;1.0;USI100699;OK;3,39;5;cc/min;;2;N
2026-07-29 16:31:39;Cabeçote;1.5 Turbo;USI103442;OK;2,66;4;cc/min;;2;N
2026-07-29 16:32:12;Water Leak;1.5;MON108501;OK;3,12;6;cc/min;;2;N
2026-07-29 16:32:42;Bloco;1.5;USI100712;OK;2,06;5;cc/min;;2;N
2026-07-29 16:32:42;Cabeçote;1.5;USI103416;OK;1,64;4;cc/min;;2;N
2026-07-29 16:34:04;Bloco;1.0;USI100704;OK;3,14;5;cc/min;;2;N
2026-07-29 16:34:04;Cabeçote;1.0;USI103408;OK;2,51;4;cc/min;;2;N
2026-07-29 16:34:36;Water Leak;1.5;MON108483;OK;1,84;6;cc/min;;2;N
2026-07-29 16:34:45;Leak Zero;1.0;MON106114;OK;1,67;3;cc/min;;2;N
2026-07-29 16:35:07;Leak Zero;1.5;MON106112;OK;1,62;3;cc/min;;2;N
2026-07-29 16:35:23;Leak Zero;1.0;MON106107;OK;0,54;3;cc/min;;2;N
2026-07-29 16:35:51;Leak Zero;1.5;MON106103;OK;1,92;3;cc/min;;2;N
2026-07-29 16:35:55;Bloco;1.5;USI100706;OK;3,15;5;cc/min;;2;N
2026-07-29 16:35:55;Cabeçote;1.5;USI103410;OK;2,52;4;cc/min;;2;N
2026-07-29 16:35:55;Leak Zero;1.0;MON106118;OK;1,86;3;cc/min;;2;N
2026-07-29 16:35:59;Bloco;1.5 Turbo;USI100713;OK;1,47;5;cc/min;;2;N
2026-07-29 16:35:59;Cabeçote;1.5 Turbo;USI103417;OK;1,18;4;cc/min;;2;N
2026-07-29 16:36:16;Leak Zero;1.5;MON106111;OK;2,16;3;cc/min;;2;N
2026-07-29 16:36:50;Bloco;1.0;USI100687;OK;2,09;5;cc/min;;2;N
2026-07-29 16:36:50;Water Leak;1.0;MON108518;OK;2,51;6;cc/min;;2;N
2026-07-29 16:37:40;Bloco;1.5 Turbo;USI100717;OK;3,48;5;cc/min;;2;N
2026-07-29 16:37:40;Cabeçote;1.5 Turbo;USI103421;OK;2,78;4;cc/min;;2;N
2026-07-29 16:38:04;Bloco;1.5;USI100691;OK;2,82;5;cc/min;;2;N
2026-07-29 16:39:18;Water Leak;1.5;MON108481;OK;2,43;6;cc/min;;2;N
2026-07-29 16:39:30;Cabeçote;1.5 Turbo;USI103434;OK;2,37;4;cc/min;;2;N
2026-07-29 16:39:39;Leak Zero;1.5;MON106119;OK;1,51;3;cc/min;;2;N
2026-07-29 16:39:45;Bloco;1.5;USI100721;OK;2,01;5;cc/min;;2;N
2026-07-29 16:39:45;Cabeçote;1.5;USI103425;OK;1,61;4;cc/min;;2;N
2026-07-29 16:40:17;Bloco;1.5 Turbo;USI100716;OK;3,30;5;cc/min;;2;N
2026-07-29 16:40:17;Cabeçote;1.5 Turbo;USI103420;OK;2,64;4;cc/min;;2;N
2026-07-29 16:40:25;Cabeçote;1.5 Turbo;USI103433;OK;0,67;4;cc/min;;2;N
2026-07-29 16:40:36;Bloco;1.0;USI100694;OK;1,73;5;cc/min;;2;N
2026-07-29 16:40:49;Cabeçote;1.5;USI103454;OK;1,78;4;cc/min;;2;N
2026-07-29 16:41:33;Bloco;1.5 Turbo;USI100709;OK;3,00;5;cc/min;;2;N
2026-07-29 16:41:33;Cabeçote;1.5 Turbo;USI103413;OK;2,40;4;cc/min;;2;N
2026-07-29 16:42:29;Cabeçote;1.5;USI103407;OK;2,00;4;cc/min;;2;S
2026-07-29 16:42:45;Cabeçote;1.0;USI103443;OK;2,29;4;cc/min;;2;N
2026-07-29 16:43:21;Leak Zero;1.5 Turbo;MON106131;OK;1,90;3;cc/min;;2;N
2026-07-29 16:43:37;Bloco;1.0;USI100703;OK;2,67;5;cc/min;;2;N
2026-07-29 16:43:37;Cabeçote;1.5;USI103431;OK;2,02;4;cc/min;;2;N
2026-07-29 16:45:25;Water Leak;1.0;MON108491;OK;1,37;6;cc/min;;2;N
2026-07-29 16:45:41;Leak Zero;1.0;MON106116;OK;0,61;3;cc/min;;2;N
2026-07-29 16:45:53;Bloco;1.0;USI100680;OK;1,00;5;cc/min;;2;N
2026-07-29 16:45:53;Water Leak;1.0;MON108511;OK;1,20;6;cc/min;;2;N
2026-07-29 16:46:17;Water Leak;1.0;MON108482;OK;3,86;6;cc/min;;2;N
2026-07-29 16:46:41;Bloco;1.5;USI100698;OK;2,03;5;cc/min;;2;N
2026-07-29 16:47:01;Leak Zero;1.0;MON106125;OK;0,89;3;cc/min;;2;N
2026-07-29 16:47:19;Leak Zero;1.0;MON106115;OK;1,47;3;cc/min;;2;N
2026-07-29 16:47:24;Cabeçote;1.5;USI103435;OK;1,08;4;cc/min;;2;N
2026-07-29 16:48:14;Leak Zero;1.5;MON106135;OK;1,51;3;cc/min;;2;N
2026-07-29 16:48:20;Water Leak;1.0;MON108494;OK;3,58;6;cc/min;;2;N
2026-07-29 16:48:32;Bloco;1.5 Turbo;USI100693;OK;3,15;5;cc/min;;2;N
2026-07-29 16:49:25;Water Leak;1.5 Turbo;MON108503;OK;4,12;6;cc/min;;2;N
2026-07-29 16:49:31;Leak Zero;1.0;MON106110;OK;1,57;3;cc/min;;2;N
2026-07-29 16:49:35;Water Leak;1.5;MON108485;OK;3,54;6;cc/min;;2;N
2026-07-29 16:49:38;Bloco;1.5 Turbo;USI100689;OK;2,89;5;cc/min;;2;N
2026-07-29 16:50:41;Bloco;1.5 Turbo;USI100690;OK;3,71;5;cc/min;;2;N
2026-07-29 16:51:21;Bloco;1.0;USI100719;OK;2,53;5;cc/min;;2;N
2026-07-29 16:51:21;Cabeçote;1.0;USI103423;OK;2,03;4;cc/min;;2;N
2026-07-29 16:52:02;Leak Zero;1.0;MON106102;OK;1,04;3;cc/min;;2;N
2026-07-29 16:52:13;Cabeçote;1.5;USI103436;OK;0,63;4;cc/min;;2;N
2026-07-29 16:53:06;Cabeçote;1.5;USI103453;OK;0,68;4;cc/min;;2;N
2026-07-29 16:53:11;Bloco;1.5;USI100675;OK;0,96;5;cc/min;;2;N
2026-07-29 16:53:11;Water Leak;1.5;MON108506;OK;1,15;6;cc/min;;2;N
2026-07-29 16:53:35;Bloco;1.0;USI100692;OK;2,89;5;cc/min;;2;N
2026-07-29 16:53:58;Bloco;1.0;USI100714;OK;0,97;5;cc/min;;2;N
2026-07-29 16:53:58;Cabeçote;1.0;USI103418;OK;0,77;4;cc/min;;2;N
2026-07-29 16:54:13;Bloco;1.0;USI100684;OK;2,52;5;cc/min;;2;N
2026-07-29 16:54:13;Water Leak;1.0;MON108515;OK;3,02;6;cc/min;;2;N
2026-07-29 16:54:37;Cabeçote;1.5;USI103444;OK;2,82;4;cc/min;;2;N
2026-07-29 16:55:43;Leak Zero;1.0;MON106109;OK;1,72;3;cc/min;;2;N
2026-07-29 16:55:46;Bloco;1.5 Turbo;USI100696;OK;2,14;5;cc/min;;2;N
2026-07-29 16:55:47;Water Leak;1.0;MON108490;OK;2,51;6;cc/min;;2;N
2026-07-29 16:55:47;Water Leak;1.0;MON108496;OK;2,29;6;cc/min;;2;N
2026-07-29 16:55:47;Water Leak;1.5 Turbo;MON108497;OK;3,78;6;cc/min;;2;N
2026-07-29 16:55:51;Water Leak;1.0;MON108489;OK;4,08;6;cc/min;;2;N
2026-07-29 16:56:19;Bloco;1.5 Turbo;USI100700;OK;0,97;5;cc/min;;2;N
2026-07-29 16:56:19;Water Leak;1.0;MON108493;OK;1,51;6;cc/min;;2;N
2026-07-29 16:56:34;Bloco;1.0;USI100710;OK;3,62;5;cc/min;;2;N
2026-07-29 16:56:34;Cabeçote;1.0;USI103414;OK;2,90;4;cc/min;;2;N
2026-07-29 16:56:53;Cabeçote;1.5;USI103445;OK;1,63;4;cc/min;;2;N
2026-07-29 16:57:07;Leak Zero;1.5 Turbo;MON106136;OK;0,65;3;cc/min;;2;N
2026-07-29 16:57:10;Water Leak;1.5;MON108498;OK;3,47;6;cc/min;;2;N
2026-07-29 16:58:32;Cabeçote;1.5;USI103451;OK;2,36;4;cc/min;;2;N
2026-07-29 16:58:55;Bloco;1.0;USI100708;OK;2,99;5;cc/min;;2;N
2026-07-29 16:58:55;Cabeçote;1.0;USI103412;OK;2,39;4;cc/min;;2;N
2026-07-29 16:59:29;Bloco;1.5 Turbo;USI100701;OK;3,36;5;cc/min;;2;N
2026-07-29 16:59:35;Cabeçote;1.5 Turbo;USI103406;OK;2,96;4;cc/min;;2;N
2026-07-29 17:00:37;Bloco;1.0;USI100695;OK;1,55;5;cc/min;;2;N
2026-07-29 17:01:15;Leak Zero;1.0;MON106137;OK;2,10;3;cc/min;;2;N
2026-07-29 17:01:31;Bloco;1.5 Turbo;USI100697;OK;2,55;5;cc/min;;2;N
2026-07-29 17:02:26;Bloco;1.5;USI100678;OK;1,95;5;cc/min;;2;N
2026-07-29 17:02:26;Water Leak;1.5;MON108509;OK;2,33;6;cc/min;;2;N
2026-07-29 17:02:48;Bloco;1.0;USI100723;OK;2,56;5;cc/min;;2;N
2026-07-29 17:02:48;Cabeçote;1.0;USI103427;OK;2,05;4;cc/min;;2;N
2026-07-29 17:03:01;Leak Zero;1.0;MON106133;OK;1,54;3;cc/min;;2;N
2026-07-29 17:03:21;Cabeçote;1.5 Turbo;USI103447;OK;3,00;4;cc/min;;2;N
2026-07-29 17:03:25;Bloco;1.5;USI100683;OK;3,03;5;cc/min;;2;N
2026-07-29 17:03:25;Water Leak;1.5;MON108514;OK;3,64;6;cc/min;;2;N
2026-07-29 17:03:41;Leak Zero;1.5;MON106134;OK;1,16;3;cc/min;;2;N
2026-07-29 17:04:09;Leak Zero;1.0;MON106120;OK;0,86;3;cc/min;;2;N
2026-07-29 17:04:11;Bloco;1.5 Turbo;USI100686;OK;3,37;5;cc/min;;2;N
2026-07-29 17:04:11;Water Leak;1.5 Turbo;MON108517;OK;4,05;6;cc/min;;2;N
2026-07-29 17:04:27;Water Leak;1.5;MON108500;OK;2,58;6;cc/min;;2;N
2026-07-29 17:04:50;Leak Zero;1.5 Turbo;MON106129;OK;1,94;3;cc/min;;2;N
2026-07-29 17:04:54;Leak Zero;1.5 Turbo;MON106121;OK;1,47;3;cc/min;;2;N
2026-07-29 17:05:16;Water Leak;1.0;MON108479;OK;1,77;6;cc/min;;2;N
2026-07-29 17:05:51;Bloco;1.0;USI100718;OK;3,65;5;cc/min;;2;N
2026-07-29 17:05:51;Cabeçote;1.0;USI103422;OK;2,92;4;cc/min;;2;N
2026-07-29 17:06:23;Bloco;1.5 Turbo;USI100685;OK;2,55;5;cc/min;;2;N
2026-07-29 17:06:23;Water Leak;1.5 Turbo;MON108516;OK;3,06;6;cc/min;;2;N
2026-07-29 17:06:29;Cabeçote;1.0;USI103440;OK;1,92;4;cc/min;;2;N
2026-07-29 17:07:05;Bloco;1.5 Turbo;USI100725;OK;1,19;5;cc/min;;2;N
2026-07-29 17:07:05;Cabeçote;1.5 Turbo;USI103429;OK;0,95;4;cc/min;;2;N
2026-07-29 17:08:12;Leak Zero;1.5;MON106132;OK;1,49;3;cc/min;;2;N
2026-07-29 17:08:15;Cabeçote;1.5 Turbo;USI103439;OK;2,71;4;cc/min;;2;N
2026-07-29 17:08:48;Cabeçote;1.5 Turbo;USI103437;OK;1,77;4;cc/min;;2;N
2026-07-29 17:09:04;Cabeçote;1.0;USI103405;OK;2,17;4;cc/min;;2;N
2026-07-29 17:09:27;Leak Zero;1.5;MON106117;OK;1,23;3;cc/min;;2;N
2026-07-29 17:09:52;Cabeçote;1.5 Turbo;USI103455;OK;1,82;4;cc/min;;2;N
2026-07-29 17:10:09;Water Leak;1.0;MON108504;OK;3,71;6;cc/min;;2;N
2026-07-29 17:11:10;Water Leak;1.0;MON108486;OK;3,58;6;cc/min;;2;N
2026-07-29 17:11:15;Cabeçote;1.5 Turbo;USI103432;OK;2,08;4;cc/min;;2;N
2026-07-29 17:11:27;Bloco;1.0;USI100681;OK;3,48;5;cc/min;;2;N
2026-07-29 17:11:27;Water Leak;1.0;MON108512;OK;4,17;6;cc/min;;2;N
2026-07-29 17:11:38;Bloco;1.5;USI100677;OK;1,50;5;cc/min;;2;N
2026-07-29 17:11:38;Water Leak;1.5;MON108508;OK;1,80;6;cc/min;;2;N
2026-07-29 17:11:43;Cabeçote;1.0;USI103448;OK;2,33;4;cc/min;;2;N
2026-07-29 17:11:52;Cabeçote;1.0;USI103446;OK;2,65;4;cc/min;;2;N
2026-07-29 17:12:56;Water Leak;1.5 Turbo;MON108505;OK;1,74;6;cc/min;;2;N
2026-07-29 17:13:15;Leak Zero;1.0;MON106124;OK;0,74;3;cc/min;;2;N
2026-07-29 17:13:47;Leak Zero;1.5 Turbo;MON106138;OK;0,48;3;cc/min;;2;N
2026-07-29 17:13:54;Leak Zero;1.5 Turbo;MON106105;OK;0,46;3;cc/min;;2;N
2026-07-29 17:14:07;Bloco;1.0;USI100724;OK;2,16;5;cc/min;;2;N
2026-07-29 17:14:07;Cabeçote;1.0;USI103428;OK;1,73;4;cc/min;;2;N
2026-07-29 17:14:09;Cabeçote;1.0;USI103441;OK;2,92;4;cc/min;;2;N
2026-07-29 17:14:17;Leak Zero;1.5;MON106101;OK;1,96;3;cc/min;;2;N
2026-07-29 17:14:42;Bloco;1.5 Turbo;USI100726;OK;2,53;5;cc/min;;2;N
2026-07-29 17:14:42;Cabeçote;1.5 Turbo;USI103430;OK;2,02;4;cc/min;;2;N
2026-07-29 17:14:42;Water Leak;1.5;MON108487;OK;1,45;6;cc/min;;2;N
2026-07-29 17:14:54;Leak Zero;1.5;MON106104;OK;1,63;3;cc/min;;2;N
2026-07-29 17:14:59;Leak Zero;1.5;MON106113;OK;0,87;3;cc/min;;2;N
2026-07-29 17:15:23;Leak Zero;1.5;MON106130;OK;0,71;3;cc/min;;2;N
2026-07-29 17:15:39;Leak Zero;1.5 Turbo;MON106100;OK;1,11;3;cc/min;;2;N
2026-07-29 17:15:45;Bloco;1.5 Turbo;USI100679;OK;2,51;5;cc/min;;2;N
2026-07-29 17:15:45;Water Leak;1.5 Turbo;MON108510;OK;3,02;6;cc/min;;2;N
2026-07-29 17:16:18;Bloco;1.5 Turbo;USI100720;OK;2,53;5;cc/min;;2;N
2026-07-29 17:16:18;Cabeçote;1.5 Turbo;USI103424;OK;2,02;4;cc/min;;2;N
2026-07-29 17:16:53;Bloco;1.5;USI100705;OK;3,17;5;cc/min;;2;N
2026-07-29 17:16:53;Cabeçote;1.5;USI103409;OK;2,54;4;cc/min;;2;N
2026-07-29 17:17:37;Water Leak;1.5 Turbo;MON108480;OK;2,53;6;cc/min;;2;N
2026-07-29 17:17:55;Cabeçote;1.5;USI103450;OK;2,45;4;cc/min;;2;N
2026-07-29 17:18:06;Bloco;1.5;USI100676;OK;3,40;5;cc/min;;2;N
2026-07-29 17:18:06;Water Leak;1.5;MON108507;OK;4,08;6;cc/min;;2;N
2026-07-29 17:18:15;Leak Zero;1.5;MON106106;OK;0,99;3;cc/min;;2;N
2026-07-29 17:18:16;Water Leak;1.5;MON108488;OK;1,18;6;cc/min;;2;N
2026-07-29 17:19:09;Bloco;1.5 Turbo;USI100702;OK;2,70;5;cc/min;;2;N
2026-07-29 17:20:07;Bloco;1.5 Turbo;USI100682;OK;0,82;5;cc/min;;2;N
2026-07-29 17:20:07;Water Leak;1.5 Turbo;MON108513;OK;0,99;6;cc/min;;2;N
2026-07-29 17:20:29;Bloco;1.5;USI100763;NOK;9,02;5;cc/min;Galeria de óleo;2;N
2026-07-29 17:20:29;Leak Zero;1.5;MON106167;OK;1,15;3;cc/min;;2;N
2026-07-29 17:20:29;Water Leak;1.5;MON108532;OK;2,31;6;cc/min;;2;N
2026-07-29 17:22:57;Bloco;1.5 Turbo;USI100747;OK;1,58;5;cc/min;;2;N
2026-07-29 17:22:57;Leak Zero;1.5 Turbo;MON106151;OK;0,95;3;cc/min;;2;N
2026-07-29 17:23:19;Leak Zero;1.5 Turbo;MON106169;OK;2,15;3;cc/min;;2;N
2026-07-29 17:23:19;Water Leak;1.5 Turbo;MON108534;OK;4,30;6;cc/min;;2;N
2026-07-29 17:23:24;Cabeçote;1.5 Turbo;USI103469;OK;2,29;4;cc/min;;2;N
2026-07-29 17:24:17;Bloco;1.0;USI100737;NOK;10,30;5;cc/min;Bujão de expansão;2;N
2026-07-29 17:24:28;Cabeçote;1.5;USI103466;OK;2,75;4;cc/min;;2;N
2026-07-29 17:24:33;Cabeçote;1.5 Turbo;USI103488;OK;1,16;4;cc/min;;2;N
2026-07-29 17:24:52;Cabeçote;1.5 Turbo;USI103484;OK;1,38;4;cc/min;;2;N
2026-07-29 17:25:22;Leak Zero;1.0;MON106178;OK;1,46;3;cc/min;;2;N
2026-07-29 17:25:22;Water Leak;1.0;MON108543;OK;2,93;6;cc/min;;2;N
2026-07-29 17:26:09;Bloco;1.0;USI100767;OK;2,48;5;cc/min;;2;N
2026-07-29 17:28:03;Cabeçote;1.5 Turbo;USI103487;OK;2,02;4;cc/min;;2;N
2026-07-29 17:29:23;Cabeçote;1.5;USI103483;OK;1,44;4;cc/min;;2;N
2026-07-29 17:30:20;Bloco;1.5 Turbo;USI100744;OK;2,45;5;cc/min;;2;N
2026-07-29 17:30:20;Leak Zero;1.5 Turbo;MON106148;OK;1,47;3;cc/min;;2;N
2026-07-29 17:30:23;Cabeçote;1.5 Turbo;USI103489;OK;0,81;4;cc/min;;2;N
2026-07-29 17:31:39;Leak Zero;1.5 Turbo;MON106141;OK;1,99;3;cc/min;;2;N
2026-07-29 17:33:49;Water Leak;1.5 Turbo;MON108547;OK;3,64;6;cc/min;;2;N
2026-07-29 17:34:04;Bloco;1.0;USI100764;OK;3,14;5;cc/min;;2;N
2026-07-29 17:34:05;Leak Zero;1.5 Turbo;MON106175;OK;0,72;3;cc/min;;2;N
2026-07-29 17:34:05;Water Leak;1.5 Turbo;MON108540;OK;1,45;6;cc/min;;2;N
2026-07-29 17:34:11;Bloco;1.5 Turbo;USI100736;OK;2,03;5;cc/min;;2;N
2026-07-29 17:34:45;Cabeçote;1.0;USI103475;OK;2,23;4;cc/min;;2;N
2026-07-29 17:35:07;Cabeçote;1.5;USI103473;OK;2,16;4;cc/min;;2;N
2026-07-29 17:35:19;Bloco;1.0;USI100756;OK;2,53;5;cc/min;;2;N
2026-07-29 17:35:19;Leak Zero;1.0;MON106160;OK;1,52;3;cc/min;;2;N
2026-07-29 17:35:19;Water Leak;1.0;MON108525;OK;3,04;6;cc/min;;2;N
2026-07-29 17:35:23;Cabeçote;1.0;USI103468;OK;0,73;4;cc/min;;2;N
2026-07-29 17:35:55;Bloco;1.5;USI100766;OK;3,15;5;cc/min;;2;N
2026-07-29 17:35:55;Cabeçote;1.0;USI103479;OK;2,47;4;cc/min;;2;N
2026-07-29 17:36:15;Cabeçote;1.5;USI103461;OK;2,82;4;cc/min;;2;N
2026-07-29 17:36:16;Cabeçote;1.5;USI103472;OK;2,88;4;cc/min;;2;N
2026-07-29 17:38:07;Leak Zero;1.5;MON106168;OK;0,87;3;cc/min;;2;N
2026-07-29 17:38:07;Water Leak;1.5;MON108533;OK;1,73;6;cc/min;;2;N
2026-07-29 17:39:39;Cabeçote;1.5;USI103480;OK;2,01;4;cc/min;;2;N
2026-07-29 17:39:41;Cabeçote;1.0;USI103460;OK;0,91;4;cc/min;;2;N
2026-07-29 17:39:43;Bloco;1.5 Turbo;USI100760;OK;2,56;5;cc/min;;2;N
2026-07-29 17:39:43;Leak Zero;1.5 Turbo;MON106164;OK;1,53;3;cc/min;;2;N
2026-07-29 17:39:43;Water Leak;1.5 Turbo;MON108529;OK;3,07;6;cc/min;;2;N
2026-07-29 17:40:49;Bloco;1.5;USI100749;OK;2,22;5;cc/min;;2;N
2026-07-29 17:40:49;Leak Zero;1.5;MON106153;OK;1,33;3;cc/min;;2;N
2026-07-29 17:41:03;Water Leak;1.5;MON108549;OK;4,27;6;cc/min;;2;N
2026-07-29 17:41:33;Bloco;1.5 Turbo;USI100769;OK;3,00;5;cc/min;;2;N
2026-07-29 17:42:04;Bloco;1.5;USI100758;OK;2,08;5;cc/min;;2;N
2026-07-29 17:42:04;Leak Zero;1.5;MON106162;OK;1,25;3;cc/min;;2;N
2026-07-29 17:42:04;Water Leak;1.5;MON108527;OK;2,49;6;cc/min;;2;N
2026-07-29 17:42:29;Bloco;1.5;USI100763;OK;2,50;5;cc/min;;2;S
2026-07-29 17:42:45;Bloco;1.0;USI100738;OK;2,86;5;cc/min;;2;N
2026-07-29 17:42:45;Leak Zero;1.0;MON106142;OK;1,72;3;cc/min;;2;N
2026-07-29 17:43:11;Bloco;1.5 Turbo;USI100752;OK;2,42;5;cc/min;;2;N
2026-07-29 17:43:11;Leak Zero;1.5 Turbo;MON106156;OK;1,45;3;cc/min;;2;N
2026-07-29 17:43:21;Bloco;1.5 Turbo;USI100727;OK;3,17;5;cc/min;;2;N
2026-07-29 17:43:21;Cabeçote;1.5 Turbo;USI103492;OK;2,54;4;cc/min;;2;N
2026-07-29 17:45:41;Cabeçote;1.0;USI103464;OK;1,23;4;cc/min;;2;N
2026-07-29 17:45:41;Cabeçote;1.0;USI103477;OK;0,81;4;cc/min;;2;N
2026-07-29 17:46:04;Leak Zero;1.0;MON106179;OK;0,68;3;cc/min;;2;N
2026-07-29 17:46:04;Water Leak;1.0;MON108544;OK;1,36;6;cc/min;;2;N
2026-07-29 17:47:01;Cabeçote;1.0;USI103486;OK;1,19;4;cc/min;;2;N
2026-07-29 17:47:19;Cabeçote;1.0;USI103476;OK;1,96;4;cc/min;;2;N
2026-07-29 17:47:56;Cabeçote;1.5;USI103462;OK;2,76;4;cc/min;;2;N
2026-07-29 17:48:14;Bloco;1.5;USI100731;OK;2,52;5;cc/min;;2;N
2026-07-29 17:48:14;Cabeçote;1.5;USI103496;OK;2,01;4;cc/min;;2;N
2026-07-29 17:49:31;Cabeçote;1.0;USI103471;OK;2,09;4;cc/min;;2;N
2026-07-29 17:50:59;Bloco;1.5;USI100757;OK;2,82;5;cc/min;;2;N
2026-07-29 17:50:59;Leak Zero;1.5;MON106161;OK;1,69;3;cc/min;;2;N
2026-07-29 17:50:59;Water Leak;1.5;MON108526;OK;3,38;6;cc/min;;2;N
2026-07-29 17:51:00;Bloco;1.5 Turbo;USI100751;OK;1,64;5;cc/min;;2;N
2026-07-29 17:51:00;Leak Zero;1.5 Turbo;MON106155;OK;0,99;3;cc/min;;2;N
2026-07-29 17:53:06;Bloco;1.5;USI100748;OK;0,86;5;cc/min;;2;N
2026-07-29 17:53:06;Leak Zero;1.5;MON106152;OK;0,51;3;cc/min;;2;N
2026-07-29 17:54:13;Leak Zero;1.5;MON106177;OK;0,92;3;cc/min;;2;N
2026-07-29 17:54:13;Water Leak;1.5 Turbo;MON108548;OK;2,77;6;cc/min;;2;N
2026-07-29 17:54:13;Water Leak;1.5;MON108542;OK;1,85;6;cc/min;;2;N
2026-07-29 17:54:37;Bloco;1.5;USI100739;OK;3,53;5;cc/min;;2;N
2026-07-29 17:54:37;Leak Zero;1.5;MON106143;OK;2,12;3;cc/min;;2;N
2026-07-29 17:54:55;Bloco;1.0;USI100755;OK;2,77;5;cc/min;;2;N
2026-07-29 17:54:55;Leak Zero;1.0;MON106159;OK;1,66;3;cc/min;;2;N
2026-07-29 17:54:55;Water Leak;1.0;MON108524;OK;3,33;6;cc/min;;2;N
2026-07-29 17:55:28;Water Leak;1.5 Turbo;MON108546;OK;1,95;6;cc/min;;2;N
2026-07-29 17:55:43;Cabeçote;1.0;USI103470;OK;2,29;4;cc/min;;2;N
2026-07-29 17:56:07;Cabeçote;1.5 Turbo;USI103463;OK;1,87;4;cc/min;;2;N
2026-07-29 17:56:34;Bloco;1.0;USI100770;OK;3,62;5;cc/min;;2;N
2026-07-29 17:56:53;Bloco;1.5;USI100740;OK;2,04;5;cc/min;;2;N
2026-07-29 17:56:53;Leak Zero;1.5;MON106144;OK;1,22;3;cc/min;;2;N
2026-07-29 17:57:07;Bloco;1.5 Turbo;USI100732;OK;1,08;5;cc/min;;2;N
2026-07-29 17:57:07;Cabeçote;1.5 Turbo;USI103497;OK;0,86;4;cc/min;;2;N
2026-07-29 17:57:30;Leak Zero;1.5;MON106172;OK;1,61;3;cc/min;;2;N
2026-07-29 17:57:30;Water Leak;1.5;MON108537;OK;3,22;6;cc/min;;2;N
2026-07-29 17:58:32;Bloco;1.5;USI100746;OK;2,95;5;cc/min;;2;N
2026-07-29 17:58:32;Leak Zero;1.5;MON106150;OK;1,77;3;cc/min;;2;N
2026-07-29 17:58:55;Bloco;1.0;USI100768;OK;2,99;5;cc/min;;2;N
2026-07-29 17:59:03;Leak Zero;1.5 Turbo;MON106174;OK;1,54;3;cc/min;;2;N
2026-07-29 17:59:03;Water Leak;1.5 Turbo;MON108539;OK;3,08;6;cc/min;;2;N
2026-07-29 17:59:35;Bloco;1.5 Turbo;USI100762;OK;3,70;5;cc/min;;2;N
2026-07-29 17:59:35;Leak Zero;1.5 Turbo;MON106166;OK;2,22;3;cc/min;;2;N
2026-07-29 17:59:35;Water Leak;1.5 Turbo;MON108531;OK;4,44;6;cc/min;;2;N
2026-07-29 18:00:58;Leak Zero;1.0;MON106176;OK;0,83;3;cc/min;;2;N
2026-07-29 18:00:58;Water Leak;1.0;MON108541;OK;1,65;6;cc/min;;2;N
2026-07-29 18:01:15;Bloco;1.0;USI100733;OK;3,50;5;cc/min;;2;N
2026-07-29 18:01:15;Cabeçote;1.0;USI103498;OK;2,80;4;cc/min;;2;N
2026-07-29 18:01:36;Cabeçote;1.5 Turbo;USI103457;OK;1,36;4;cc/min;;2;N
2026-07-29 18:02:26;Leak Zero;1.5 Turbo;MON106170;OK;0,92;3;cc/min;;2;N
2026-07-29 18:02:26;Leak Zero;1.5 Turbo;MON106171;OK;0,63;3;cc/min;;2;N
2026-07-29 18:02:26;Water Leak;1.5 Turbo;MON108535;OK;1,84;6;cc/min;;2;N
2026-07-29 18:02:26;Water Leak;1.5 Turbo;MON108536;OK;1,26;6;cc/min;;2;N
2026-07-29 18:02:37;Water Leak;1.5;MON108519;OK;3,88;6;cc/min;;2;N
2026-07-29 18:02:57;Bloco;1.5 Turbo;USI100753;OK;2,17;5;cc/min;;2;N
2026-07-29 18:02:57;Leak Zero;1.5 Turbo;MON106157;OK;1,30;3;cc/min;;2;N
2026-07-29 18:02:57;Water Leak;1.5 Turbo;MON108522;OK;2,60;6;cc/min;;2;N
2026-07-29 18:03:01;Bloco;1.0;USI100729;OK;2,56;5;cc/min;;2;N
2026-07-29 18:03:01;Cabeçote;1.0;USI103494;OK;2,05;4;cc/min;;2;N
2026-07-29 18:03:02;Cabeçote;1.5 Turbo;USI103458;OK;2,90;4;cc/min;;2;N
2026-07-29 18:03:21;Bloco;1.5 Turbo;USI100742;OK;3,75;5;cc/min;;2;N
2026-07-29 18:03:21;Leak Zero;1.5 Turbo;MON106146;OK;2,25;3;cc/min;;2;N
2026-07-29 18:03:41;Bloco;1.5;USI100730;OK;1,93;5;cc/min;;2;N
2026-07-29 18:03:41;Cabeçote;1.5;USI103495;OK;1,54;4;cc/min;;2;N
2026-07-29 18:03:56;Bloco;1.5 Turbo;USI100754;OK;1,77;5;cc/min;;2;N
2026-07-29 18:03:56;Leak Zero;1.5 Turbo;MON106158;OK;1,06;3;cc/min;;2;N
2026-07-29 18:03:56;Water Leak;1.5 Turbo;MON108523;OK;2,13;6;cc/min;;2;N
2026-07-29 18:04:09;Cabeçote;1.0;USI103481;OK;1,15;4;cc/min;;2;N
2026-07-29 18:04:19;Water Leak;1.0;MON108521;NOK;10,74;6;cc/min;Carcaça do termostato;2;N
2026-07-29 18:04:50;Cabeçote;1.5 Turbo;USI103490;OK;2,59;4;cc/min;;2;N
2026-07-29 18:04:54;Cabeçote;1.5 Turbo;USI103482;OK;1,96;4;cc/min;;2;N
2026-07-29 18:06:29;Leak Zero;1.0;MON106139;OK;1,44;3;cc/min;;2;N
2026-07-29 18:07:00;Leak Zero;1.5;MON106180;OK;1,05;3;cc/min;;2;N
2026-07-29 18:07:00;Water Leak;1.5;MON108545;OK;2,11;6;cc/min;;2;N
2026-07-29 18:07:05;Bloco;1.5 Turbo;USI100735;OK;3,29;5;cc/min;;2;N
2026-07-29 18:08:06;Cabeçote;1.5;USI103459;OK;1,20;4;cc/min;;2;N
2026-07-29 18:08:12;Bloco;1.5;USI100728;OK;2,48;5;cc/min;;2;N
2026-07-29 18:08:12;Cabeçote;1.5;USI103493;OK;1,99;4;cc/min;;2;N
2026-07-29 18:09:04;Bloco;1.0;USI100761;OK;2,72;5;cc/min;;2;N
2026-07-29 18:09:04;Leak Zero;1.0;MON106165;OK;1,63;3;cc/min;;2;N
2026-07-29 18:09:04;Water Leak;1.0;MON108530;OK;3,26;6;cc/min;;2;N
2026-07-29 18:09:27;Cabeçote;1.5;USI103478;OK;1,64;4;cc/min;;2;N
2026-07-29 18:09:52;Bloco;1.5 Turbo;USI100750;OK;2,28;5;cc/min;;2;N
2026-07-29 18:09:52;Leak Zero;1.5 Turbo;MON106154;OK;1,37;3;cc/min;;2;N
2026-07-29 18:10:32;Bloco;1.5;USI100759;OK;1,30;5;cc/min;;2;N
2026-07-29 18:10:32;Leak Zero;1.5;MON106163;OK;0,78;3;cc/min;;2;N
2026-07-29 18:10:32;Water Leak;1.5;MON108528;OK;1,56;6;cc/min;;2;N
2026-07-29 18:11:43;Bloco;1.0;USI100743;OK;2,91;5;cc/min;;2;N
2026-07-29 18:11:43;Leak Zero;1.0;MON106147;OK;1,75;3;cc/min;;2;N
2026-07-29 18:11:52;Bloco;1.0;USI100741;OK;3,31;5;cc/min;;2;N
2026-07-29 18:11:52;Leak Zero;1.0;MON106145;OK;1,99;3;cc/min;;2;N
2026-07-29 18:12:24;Cabeçote;1.0;USI103467;NOK;11,37;4;cc/min;Guia de válvula;2;N
2026-07-29 18:12:59;Cabeçote;1.5 Turbo;USI103465;OK;2,79;4;cc/min;;2;N
2026-07-29 18:13:15;Cabeçote;1.0;USI103485;OK;0,99;4;cc/min;;2;N
2026-07-29 18:13:47;Bloco;1.5 Turbo;USI100734;OK;0,80;5;cc/min;;2;N
2026-07-29 18:13:47;Cabeçote;1.5 Turbo;USI103499;OK;0,64;4;cc/min;;2;N
2026-07-29 18:14:09;Leak Zero;1.0;MON106140;OK;2,19;3;cc/min;;2;N
2026-07-29 18:14:59;Cabeçote;1.5;USI103474;OK;1,16;4;cc/min;;2;N
2026-07-29 18:15:23;Cabeçote;1.5;USI103491;OK;0,94;4;cc/min;;2;N
2026-07-29 18:16:53;Bloco;1.5;USI100765;OK;3,17;5;cc/min;;2;N
2026-07-29 18:17:07;Leak Zero;1.5 Turbo;MON106173;OK;1,09;3;cc/min;;2;N
2026-07-29 18:17:07;Water Leak;1.5 Turbo;MON108538;OK;2,18;6;cc/min;;2;N
2026-07-29 18:17:51;Water Leak;1.5;MON108520;OK;2,75;6;cc/min;;2;N
2026-07-29 18:17:55;Bloco;1.5;USI100745;OK;3,06;5;cc/min;;2;N
2026-07-29 18:17:55;Leak Zero;1.5;MON106149;OK;1,84;3;cc/min;;2;N
2026-07-29 18:19:28;Cabeçote;1.5;USI103456;OK;1,46;4;cc/min;;2;N
2026-07-29 18:20:29;Cabeçote;1.5;USI103528;OK;1,54;4;cc/min;;2;N
2026-07-29 18:21:00;Leak Zero;1.0;MON106197;OK;1,68;3;cc/min;;2;N
2026-07-29 18:21:00;Water Leak;1.0;MON108562;OK;3,37;6;cc/min;;2;N
2026-07-29 18:21:50;Leak Zero;1.5;MON106194;OK;1,76;3;cc/min;;2;N
2026-07-29 18:21:50;Water Leak;1.5;MON108559;OK;3,51;6;cc/min;;2;N
2026-07-29 18:22:16;Leak Zero;1.5 Turbo;MON106214;OK;1,37;3;cc/min;;2;N
2026-07-29 18:22:16;Water Leak;1.5 Turbo;MON108579;OK;2,73;6;cc/min;;2;N
2026-07-29 18:22:57;Bloco;1.5 Turbo;USI100807;OK;1,58;5;cc/min;;2;N
2026-07-29 18:22:57;Cabeçote;1.5 Turbo;USI103512;OK;1,27;4;cc/min;;2;N
2026-07-29 18:23:19;Cabeçote;1.5 Turbo;USI103530;OK;2,87;4;cc/min;;2;N
2026-07-29 18:24:17;Bloco;1.0;USI100797;OK;2,35;5;cc/min;;2;N
2026-07-29 18:24:33;Bloco;1.5 Turbo;USI100783;OK;1,45;5;cc/min;;2;N
2026-07-29 18:24:36;Leak Zero;1.5;MON106187;OK;0,58;3;cc/min;;2;N
2026-07-29 18:24:36;Water Leak;1.5;MON108552;OK;1,16;6;cc/min;;2;N
2026-07-29 18:24:52;Bloco;1.5 Turbo;USI100779;OK;1,72;5;cc/min;;2;N
2026-07-29 18:25:14;Bloco;1.5 Turbo;USI100802;OK;1,34;5;cc/min;;2;N
2026-07-29 18:25:22;Cabeçote;1.0;USI103539;OK;1,95;4;cc/min;;2;N
2026-07-29 18:26:19;Water Leak;1.0;MON108521;OK;3,00;6;cc/min;;2;S
2026-07-29 18:28:03;Bloco;1.5 Turbo;USI100782;OK;2,53;5;cc/min;;2;N
2026-07-29 18:28:56;Leak Zero;1.5 Turbo;MON106190;OK;2,11;3;cc/min;;2;N
2026-07-29 18:28:56;Water Leak;1.5 Turbo;MON108555;OK;4,21;6;cc/min;;2;N
2026-07-29 18:29:23;Bloco;1.5;USI100778;OK;1,79;5;cc/min;;2;N
2026-07-29 18:29:49;Cabeçote;1.5;USI103547;OK;0,60;4;cc/min;;2;N
2026-07-29 18:30:20;Bloco;1.5 Turbo;USI100804;OK;2,45;5;cc/min;;2;N
2026-07-29 18:30:20;Cabeçote;1.5 Turbo;USI103509;OK;1,96;4;cc/min;;2;N
2026-07-29 18:30:23;Bloco;1.5 Turbo;USI100784;OK;1,02;5;cc/min;;2;N
2026-07-29 18:31:39;Cabeçote;1.5 Turbo;USI103502;OK;2,66;4;cc/min;;2;N
2026-07-29 18:32:12;Leak Zero;1.5;MON106196;OK;1,56;3;cc/min;;2;N
2026-07-29 18:32:12;Water Leak;1.5;MON108561;OK;3,12;6;cc/min;;2;N
2026-07-29 18:33:49;Cabeçote;1.5 Turbo;USI103543;OK;2,43;4;cc/min;;2;N
2026-07-29 18:34:05;Cabeçote;1.5 Turbo;USI103536;OK;0,97;4;cc/min;;2;N
2026-07-29 18:34:11;Bloco;1.5 Turbo;USI100796;OK;2,03;5;cc/min;;2;N
2026-07-29 18:34:24;Cabeçote;1.0;USI103467;OK;2,00;4;cc/min;;2;S
2026-07-29 18:34:58;Cabeçote;1.0;USI103548;OK;2,31;4;cc/min;;2;N
2026-07-29 18:35:08;Bloco;1.5;USI100799;OK;2,55;5;cc/min;;2;N
2026-07-29 18:35:19;Cabeçote;1.0;USI103521;OK;2,02;4;cc/min;;2;N
2026-07-29 18:35:55;Bloco;1.0;USI100774;OK;3,09;5;cc/min;;2;N
2026-07-29 18:36:50;Leak Zero;1.0;MON106213;OK;1,25;3;cc/min;;2;N
2026-07-29 18:36:50;Water Leak;1.0;MON108578;OK;2,51;6;cc/min;;2;N
2026-07-29 18:38:04;Leak Zero;1.5;MON106217;OK;1,69;3;cc/min;;2;N
2026-07-29 18:38:04;Water Leak;1.5;MON108582;OK;3,39;6;cc/min;;2;N
2026-07-29 18:38:07;Cabeçote;1.5;USI103529;OK;1,16;4;cc/min;;2;N
2026-07-29 18:39:39;Bloco;1.5;USI100775;OK;2,52;5;cc/min;;2;N
2026-07-29 18:39:39;Cabeçote;1.5;USI103546;OK;1,38;4;cc/min;;2;N
2026-07-29 18:39:43;Cabeçote;1.5 Turbo;USI103525;OK;2,05;4;cc/min;;2;N
2026-07-29 18:40:49;Bloco;1.5;USI100809;OK;2,22;5;cc/min;;2;N
2026-07-29 18:40:49;Cabeçote;1.5;USI103514;OK;1,78;4;cc/min;;2;N
2026-07-29 18:41:03;Cabeçote;1.5;USI103545;OK;2,85;4;cc/min;;2;N
2026-07-29 18:42:04;Cabeçote;1.5;USI103523;OK;1,66;4;cc/min;;2;N
2026-07-29 18:42:45;Cabeçote;1.0;USI103503;OK;2,29;4;cc/min;;2;N
2026-07-29 18:43:11;Cabeçote;1.5 Turbo;USI103517;OK;1,94;4;cc/min;;2;N
2026-07-29 18:43:21;Bloco;1.5 Turbo;USI100787;OK;3,17;5;cc/min;;2;N
2026-07-29 18:44:05;Bloco;1.5;USI100800;OK;2,76;5;cc/min;;2;N
2026-07-29 18:45:25;Leak Zero;1.0;MON106186;OK;0,69;3;cc/min;;2;N
2026-07-29 18:45:25;Water Leak;1.0;MON108551;OK;1,37;6;cc/min;;2;N
2026-07-29 18:45:41;Bloco;1.0;USI100772;OK;1,01;5;cc/min;;2;N
2026-07-29 18:45:53;Leak Zero;1.0;MON106206;OK;0,60;3;cc/min;;2;N
2026-07-29 18:45:53;Water Leak;1.0;MON108571;OK;1,20;6;cc/min;;2;N
2026-07-29 18:46:04;Cabeçote;1.0;USI103540;OK;0,90;4;cc/min;;2;N
2026-07-29 18:47:01;Bloco;1.0;USI100781;OK;1,49;5;cc/min;;2;N
2026-07-29 18:47:19;Bloco;1.0;USI100771;OK;2,45;5;cc/min;;2;N
2026-07-29 18:48:14;Bloco;1.5;USI100791;OK;2,52;5;cc/min;;2;N
2026-07-29 18:48:20;Leak Zero;1.0;MON106189;OK;1,79;3;cc/min;;2;N
2026-07-29 18:48:20;Water Leak;1.0;MON108554;OK;3,58;6;cc/min;;2;N
2026-07-29 18:48:32;Leak Zero;1.5 Turbo;MON106219;OK;1,89;3;cc/min;;2;N
2026-07-29 18:48:32;Water Leak;1.5 Turbo;MON108584;OK;3,78;6;cc/min;;2;N
2026-07-29 18:49:25;Leak Zero;1.5 Turbo;MON106198;OK;2,06;3;cc/min;;2;N
2026-07-29 18:49:25;Water Leak;1.5 Turbo;MON108563;OK;4,12;6;cc/min;;2;N
2026-07-29 18:49:38;Leak Zero;1.5 Turbo;MON106215;OK;1,73;3;cc/min;;2;N
2026-07-29 18:49:38;Water Leak;1.5 Turbo;MON108580;OK;3,46;6;cc/min;;2;N
2026-07-29 18:50:41;Leak Zero;1.5 Turbo;MON106216;OK;2,23;3;cc/min;;2;N
2026-07-29 18:50:41;Water Leak;1.5 Turbo;MON108581;OK;4,46;6;cc/min;;2;N
2026-07-29 18:50:59;Cabeçote;1.5;USI103522;OK;2,25;4;cc/min;;2;N
2026-07-29 18:51:00;Cabeçote;1.5 Turbo;USI103516;OK;1,32;4;cc/min;;2;N
2026-07-29 18:53:06;Bloco;1.5;USI100808;OK;0,86;5;cc/min;;2;N
2026-07-29 18:53:06;Cabeçote;1.5;USI103513;OK;0,68;4;cc/min;;2;N
2026-07-29 18:53:11;Leak Zero;1.5;MON106201;OK;0,57;3;cc/min;;2;N
2026-07-29 18:53:11;Water Leak;1.5;MON108566;OK;1,15;6;cc/min;;2;N
2026-07-29 18:53:35;Leak Zero;1.0;MON106218;OK;1,74;3;cc/min;;2;N
2026-07-29 18:53:35;Water Leak;1.0;MON108583;OK;3,47;6;cc/min;;2;N
2026-07-29 18:54:13;Cabeçote;1.5 Turbo;USI103544;OK;1,85;4;cc/min;;2;N
2026-07-29 18:54:13;Cabeçote;1.5;USI103538;OK;1,23;4;cc/min;;2;N
2026-07-29 18:54:13;Leak Zero;1.0;MON106210;OK;1,51;3;cc/min;;2;N
2026-07-29 18:54:13;Water Leak;1.0;MON108575;OK;3,02;6;cc/min;;2;N
2026-07-29 18:54:37;Cabeçote;1.5;USI103504;OK;2,82;4;cc/min;;2;N
2026-07-29 18:54:55;Cabeçote;1.0;USI103520;OK;2,22;4;cc/min;;2;N
2026-07-29 18:55:27;Bloco;1.5 Turbo;USI100801;OK;0,90;5;cc/min;;2;N
2026-07-29 18:55:28;Cabeçote;1.5 Turbo;USI103542;OK;1,30;4;cc/min;;2;N
2026-07-29 18:55:47;Leak Zero;1.0;MON106185;OK;1,26;3;cc/min;;2;N
2026-07-29 18:55:47;Leak Zero;1.0;MON106191;OK;1,15;3;cc/min;;2;N
2026-07-29 18:55:47;Leak Zero;1.5 Turbo;MON106192;OK;1,89;3;cc/min;;2;N
2026-07-29 18:55:47;Water Leak;1.0;MON108550;OK;2,51;6;cc/min;;2;N
2026-07-29 18:55:47;Water Leak;1.0;MON108556;OK;2,29;6;cc/min;;2;N
2026-07-29 18:55:47;Water Leak;1.5 Turbo;MON108557;OK;3,78;6;cc/min;;2;N
2026-07-29 18:55:51;Leak Zero;1.0;MON106184;OK;2,04;3;cc/min;;2;N
2026-07-29 18:56:19;Leak Zero;1.0;MON106188;OK;0,76;3;cc/min;;2;N
2026-07-29 18:56:19;Water Leak;1.0;MON108553;OK;1,51;6;cc/min;;2;N
2026-07-29 18:56:53;Cabeçote;1.5;USI103505;OK;1,63;4;cc/min;;2;N
2026-07-29 18:57:07;Bloco;1.5 Turbo;USI100792;OK;1,08;5;cc/min;;2;N
2026-07-29 18:57:10;Leak Zero;1.5;MON106193;OK;1,74;3;cc/min;;2;N
2026-07-29 18:57:10;Water Leak;1.5;MON108558;OK;3,47;6;cc/min;;2;N
2026-07-29 18:57:30;Cabeçote;1.5;USI103533;OK;2,15;4;cc/min;;2;N
2026-07-29 18:58:32;Bloco;1.5;USI100806;OK;2,95;5;cc/min;;2;N
2026-07-29 18:58:32;Cabeçote;1.5;USI103511;OK;2,36;4;cc/min;;2;N
2026-07-29 18:59:03;Cabeçote;1.5 Turbo;USI103535;OK;2,06;4;cc/min;;2;N
2026-07-29 18:59:35;Cabeçote;1.5 Turbo;USI103527;OK;2,96;4;cc/min;;2;N
2026-07-29 19:00:58;Cabeçote;1.0;USI103537;OK;1,10;4;cc/min;;2;N
2026-07-29 19:01:15;Bloco;1.0;USI100793;OK;3,50;5;cc/min;;2;N
2026-07-29 19:02:26;Cabeçote;1.5 Turbo;USI103531;OK;1,23;4;cc/min;;2;N
2026-07-29 19:02:26;Cabeçote;1.5 Turbo;USI103532;OK;0,84;4;cc/min;;2;N
2026-07-29 19:02:26;Leak Zero;1.5;MON106204;OK;1,17;3;cc/min;;2;N
2026-07-29 19:02:26;Water Leak;1.5;MON108569;OK;2,33;6;cc/min;;2;N
2026-07-29 19:02:57;Cabeçote;1.5 Turbo;USI103518;OK;1,73;4;cc/min;;2;N
2026-07-29 19:03:01;Bloco;1.0;USI100789;OK;2,56;5;cc/min;;2;N
2026-07-29 19:03:21;Cabeçote;1.5 Turbo;USI103507;OK;3,00;4;cc/min;;2;N
2026-07-29 19:03:25;Leak Zero;1.5;MON106209;OK;1,82;3;cc/min;;2;N
2026-07-29 19:03:25;Water Leak;1.5;MON108574;OK;3,64;6;cc/min;;2;N
2026-07-29 19:03:41;Bloco;1.5;USI100790;OK;1,93;5;cc/min;;2;N
2026-07-29 19:03:56;Cabeçote;1.5 Turbo;USI103519;OK;1,42;4;cc/min;;2;N
2026-07-29 19:04:09;Bloco;1.0;USI100776;OK;1,43;5;cc/min;;2;N
2026-07-29 19:04:11;Leak Zero;1.5 Turbo;MON106212;OK;2,02;3;cc/min;;2;N
2026-07-29 19:04:11;Water Leak;1.5 Turbo;MON108577;OK;4,05;6;cc/min;;2;N
2026-07-29 19:04:27;Leak Zero;1.5;MON106195;OK;1,29;3;cc/min;;2;N
2026-07-29 19:04:27;Water Leak;1.5;MON108560;OK;2,58;6;cc/min;;2;N
2026-07-29 19:04:50;Bloco;1.5 Turbo;USI100785;OK;3,23;5;cc/min;;2;N
2026-07-29 19:04:54;Bloco;1.5 Turbo;USI100777;OK;2,45;5;cc/min;;2;N
2026-07-29 19:06:23;Leak Zero;1.5 Turbo;MON106211;OK;1,53;3;cc/min;;2;N
2026-07-29 19:06:23;Water Leak;1.5 Turbo;MON108576;OK;3,06;6;cc/min;;2;N
2026-07-29 19:06:29;Cabeçote;1.0;USI103500;OK;1,92;4;cc/min;;2;N
2026-07-29 19:07:00;Cabeçote;1.5;USI103541;OK;1,40;4;cc/min;;2;N
2026-07-29 19:07:05;Bloco;1.5 Turbo;USI100795;OK;3,29;5;cc/min;;2;N
2026-07-29 19:08:12;Bloco;1.5;USI100788;OK;2,48;5;cc/min;;2;N
2026-07-29 19:09:04;Cabeçote;1.0;USI103526;OK;2,17;4;cc/min;;2;N
2026-07-29 19:09:27;Bloco;1.5;USI100773;OK;2,04;5;cc/min;;2;N
2026-07-29 19:09:52;Bloco;1.5 Turbo;USI100810;OK;2,28;5;cc/min;;2;N
2026-07-29 19:09:52;Cabeçote;1.5 Turbo;USI103515;OK;1,82;4;cc/min;;2;N
2026-07-29 19:10:09;Leak Zero;1.0;MON106199;OK;1,86;3;cc/min;;2;N
2026-07-29 19:10:09;Water Leak;1.0;MON108564;OK;3,71;6;cc/min;;2;N
2026-07-29 19:10:32;Cabeçote;1.5;USI103524;OK;1,04;4;cc/min;;2;N
2026-07-29 19:11:10;Leak Zero;1.0;MON106181;OK;1,79;3;cc/min;;2;N
2026-07-29 19:11:27;Leak Zero;1.0;MON106207;OK;2,09;3;cc/min;;2;N
2026-07-29 19:11:27;Water Leak;1.0;MON108572;OK;4,17;6;cc/min;;2;N
2026-07-29 19:11:38;Leak Zero;1.5;MON106203;OK;0,90;3;cc/min;;2;N
2026-07-29 19:11:38;Water Leak;1.5;MON108568;OK;1,80;6;cc/min;;2;N
2026-07-29 19:11:43;Cabeçote;1.0;USI103508;OK;2,33;4;cc/min;;2;N
2026-07-29 19:11:52;Cabeçote;1.0;USI103506;OK;2,65;4;cc/min;;2;N
2026-07-29 19:12:56;Leak Zero;1.5 Turbo;MON106200;OK;0,87;3;cc/min;;2;N
2026-07-29 19:12:56;Water Leak;1.5 Turbo;MON108565;OK;1,74;6;cc/min;;2;N
2026-07-29 19:13:08;Bloco;1.5;USI100798;OK;2,52;5;cc/min;;2;N
2026-07-29 19:13:15;Bloco;1.0;USI100780;OK;1,23;5;cc/min;;2;N
2026-07-29 19:13:47;Bloco;1.5 Turbo;USI100794;OK;0,80;5;cc/min;;2;N
2026-07-29 19:14:09;Cabeçote;1.0;USI103501;OK;2,92;4;cc/min;;2;N
2026-07-29 19:14:42;Leak Zero;1.5;MON106182;OK;0,73;3;cc/min;;2;N
2026-07-29 19:14:44;Bloco;1.5 Turbo;USI100803;NOK;12,05;5;cc/min;Galeria de água;2;N
2026-07-29 19:15:23;Bloco;1.5;USI100786;OK;1,18;5;cc/min;;2;N
2026-07-29 19:15:45;Leak Zero;1.5 Turbo;MON106205;OK;1,51;3;cc/min;;2;N
2026-07-29 19:15:45;Water Leak;1.5 Turbo;MON108570;OK;3,02;6;cc/min;;2;N
2026-07-29 19:17:07;Cabeçote;1.5 Turbo;USI103534;OK;1,46;4;cc/min;;2;N
2026-07-29 19:17:55;Bloco;1.5;USI100805;OK;3,06;5;cc/min;;2;N
2026-07-29 19:17:55;Cabeçote;1.5;USI103510;OK;2,45;4;cc/min;;2;N
2026-07-29 19:18:06;Leak Zero;1.5;MON106202;OK;2,04;3;cc/min;;2;N
2026-07-29 19:18:06;Water Leak;1.5;MON108567;OK;4,08;6;cc/min;;2;N
2026-07-29 19:18:16;Leak Zero;1.5;MON106183;OK;0,59;3;cc/min;;2;N
2026-07-29 19:20:07;Leak Zero;1.5 Turbo;MON106208;OK;0,49;3;cc/min;;2;N
2026-07-29 19:20:07;Water Leak;1.5 Turbo;MON108573;OK;0,99;6;cc/min;;2;N
2026-07-29 19:21:00;Cabeçote;1.0;USI103558;OK;2,24;4;cc/min;;2;N
2026-07-29 19:21:50;Cabeçote;1.5;USI103555;OK;2,34;4;cc/min;;2;N
2026-07-29 19:23:24;Bloco;1.5 Turbo;USI100824;OK;2,86;5;cc/min;;2;N
2026-07-29 19:23:24;Cabeçote;1.5 Turbo;USI103590;OK;2,29;4;cc/min;;2;N
2026-07-29 19:23:24;Leak Zero;1.5 Turbo;MON106230;OK;1,72;3;cc/min;;2;N
2026-07-29 19:23:24;Water Leak;1.5 Turbo;MON108595;OK;3,44;6;cc/min;;2;N
2026-07-29 19:24:28;Bloco;1.5;USI100821;OK;3,44;5;cc/min;;2;N
2026-07-29 19:24:28;Cabeçote;1.5;USI103587;OK;2,75;4;cc/min;;2;N
2026-07-29 19:24:33;Bloco;1.5 Turbo;USI100843;OK;1,45;5;cc/min;;2;N
2026-07-29 19:24:33;Leak Zero;1.5 Turbo;MON106249;OK;0,87;3;cc/min;;2;N
2026-07-29 19:24:33;Water Leak;1.5 Turbo;MON108614;OK;1,74;6;cc/min;;2;N
2026-07-29 19:24:52;Bloco;1.5 Turbo;USI100839;OK;1,72;5;cc/min;;2;N
2026-07-29 19:24:52;Leak Zero;1.5 Turbo;MON106245;OK;1,03;3;cc/min;;2;N
2026-07-29 19:24:52;Water Leak;1.5 Turbo;MON108610;OK;2,07;6;cc/min;;2;N
2026-07-29 19:27:53;Leak Zero;1.5;MON106221;OK;1,37;3;cc/min;;2;N
2026-07-29 19:27:53;Water Leak;1.5;MON108586;OK;2,75;6;cc/min;;2;N
2026-07-29 19:28:03;Bloco;1.5 Turbo;USI100842;OK;2,53;5;cc/min;;2;N
2026-07-29 19:28:03;Leak Zero;1.5 Turbo;MON106248;OK;1,52;3;cc/min;;2;N
2026-07-29 19:28:03;Water Leak;1.5 Turbo;MON108613;OK;3,03;6;cc/min;;2;N
2026-07-29 19:28:56;Cabeçote;1.5 Turbo;USI103551;OK;2,81;4;cc/min;;2;N
2026-07-29 19:29:23;Bloco;1.5;USI100838;OK;1,79;5;cc/min;;2;N
2026-07-29 19:29:23;Leak Zero;1.5;MON106244;OK;1,08;3;cc/min;;2;N
2026-07-29 19:29:23;Water Leak;1.5;MON108609;OK;2,15;6;cc/min;;2;N
2026-07-29 19:30:23;Bloco;1.5 Turbo;USI100844;OK;1,02;5;cc/min;;2;N
2026-07-29 19:30:23;Leak Zero;1.5 Turbo;MON106250;OK;0,61;3;cc/min;;2;N
2026-07-29 19:30:23;Water Leak;1.5 Turbo;MON108615;OK;1,22;6;cc/min;;2;N
2026-07-29 19:32:12;Cabeçote;1.5;USI103557;OK;2,08;4;cc/min;;2;N
2026-07-29 19:34:11;Bloco;1.5 Turbo;USI100856;OK;2,03;5;cc/min;;2;N
2026-07-29 19:34:45;Bloco;1.0;USI100830;OK;2,79;5;cc/min;;2;N
2026-07-29 19:34:45;Leak Zero;1.0;MON106236;OK;1,67;3;cc/min;;2;N
2026-07-29 19:34:45;Water Leak;1.0;MON108601;OK;3,35;6;cc/min;;2;N
2026-07-29 19:35:07;Bloco;1.5;USI100828;OK;2,69;5;cc/min;;2;N
2026-07-29 19:35:07;Cabeçote;1.5;USI103594;OK;2,16;4;cc/min;;2;N
2026-07-29 19:35:07;Leak Zero;1.5;MON106234;OK;1,62;3;cc/min;;2;N
2026-07-29 19:35:07;Water Leak;1.5;MON108599;OK;3,23;6;cc/min;;2;N
2026-07-29 19:35:11;Leak Zero;1.5 Turbo;MON106220;OK;0,90;3;cc/min;;2;N
2026-07-29 19:35:11;Water Leak;1.5 Turbo;MON108585;OK;1,81;6;cc/min;;2;N
2026-07-29 19:35:23;Bloco;1.0;USI100823;OK;0,91;5;cc/min;;2;N
2026-07-29 19:35:23;Cabeçote;1.0;USI103589;OK;0,73;4;cc/min;;2;N
2026-07-29 19:35:23;Leak Zero;1.0;MON106229;OK;0,54;3;cc/min;;2;N
2026-07-29 19:35:23;Water Leak;1.0;MON108594;OK;1,09;6;cc/min;;2;N
2026-07-29 19:35:51;Leak Zero;1.5;MON106225;OK;1,92;3;cc/min;;2;N
2026-07-29 19:35:51;Water Leak;1.5;MON108590;OK;3,83;6;cc/min;;2;N
2026-07-29 19:35:55;Bloco;1.0;USI100834;OK;3,09;5;cc/min;;2;N
2026-07-29 19:35:55;Leak Zero;1.0;MON106240;OK;1,86;3;cc/min;;2;N
2026-07-29 19:35:55;Water Leak;1.0;MON108605;OK;3,71;6;cc/min;;2;N
2026-07-29 19:36:15;Bloco;1.5;USI100816;OK;3,52;5;cc/min;;2;N
2026-07-29 19:36:15;Cabeçote;1.5;USI103582;OK;2,82;4;cc/min;;2;N
2026-07-29 19:36:16;Bloco;1.5;USI100827;OK;3,60;5;cc/min;;2;N
2026-07-29 19:36:16;Cabeçote;1.5;USI103593;OK;2,88;4;cc/min;;2;N
2026-07-29 19:36:16;Leak Zero;1.5;MON106233;OK;2,16;3;cc/min;;2;N
2026-07-29 19:36:16;Water Leak;1.5;MON108598;OK;4,32;6;cc/min;;2;N
2026-07-29 19:39:39;Bloco;1.5;USI100835;OK;2,52;5;cc/min;;2;N
2026-07-29 19:39:39;Leak Zero;1.5;MON106241;OK;1,51;3;cc/min;;2;N
2026-07-29 19:39:39;Water Leak;1.5;MON108606;OK;3,02;6;cc/min;;2;N
2026-07-29 19:39:41;Bloco;1.0;USI100815;OK;1,14;5;cc/min;;2;N
2026-07-29 19:39:41;Cabeçote;1.0;USI103581;OK;0,91;4;cc/min;;2;N
2026-07-29 19:43:21;Bloco;1.5 Turbo;USI100847;OK;3,17;5;cc/min;;2;N
2026-07-29 19:43:21;Leak Zero;1.5 Turbo;MON106253;OK;1,90;3;cc/min;;2;N
2026-07-29 19:43:21;Water Leak;1.5 Turbo;MON108618;OK;3,81;6;cc/min;;2;N
2026-07-29 19:45:41;Bloco;1.0;USI100819;OK;1,53;5;cc/min;;2;N
2026-07-29 19:45:41;Bloco;1.0;USI100832;OK;1,01;5;cc/min;;2;N
2026-07-29 19:45:41;Cabeçote;1.0;USI103585;OK;1,23;4;cc/min;;2;N
2026-07-29 19:45:41;Leak Zero;1.0;MON106238;OK;0,61;3;cc/min;;2;N
2026-07-29 19:45:41;Water Leak;1.0;MON108603;OK;1,21;6;cc/min;;2;N
2026-07-29 19:45:53;Cabeçote;1.0;USI103567;OK;0,80;4;cc/min;;2;N
2026-07-29 19:46:58;Cabeçote;1.5;USI103574;OK;2,30;4;cc/min;;2;N
2026-07-29 19:47:01;Bloco;1.0;USI100841;OK;1,49;5;cc/min;;2;N
2026-07-29 19:47:01;Leak Zero;1.0;MON106247;OK;0,89;3;cc/min;;2;N
2026-07-29 19:47:01;Water Leak;1.0;MON108612;OK;1,79;6;cc/min;;2;N
2026-07-29 19:47:19;Bloco;1.0;USI100831;OK;2,45;5;cc/min;;2;N
2026-07-29 19:47:19;Leak Zero;1.0;MON106237;OK;1,47;3;cc/min;;2;N
2026-07-29 19:47:19;Water Leak;1.0;MON108602;OK;2,94;6;cc/min;;2;N
2026-07-29 19:47:56;Bloco;1.5;USI100817;OK;3,46;5;cc/min;;2;N
2026-07-29 19:47:56;Cabeçote;1.5;USI103583;OK;2,76;4;cc/min;;2;N
2026-07-29 19:48:14;Bloco;1.5;USI100851;OK;2,52;5;cc/min;;2;N
2026-07-29 19:48:20;Cabeçote;1.0;USI103550;OK;2,39;4;cc/min;;2;N
2026-07-29 19:49:25;Cabeçote;1.5 Turbo;USI103559;OK;2,74;4;cc/min;;2;N
2026-07-29 19:49:31;Bloco;1.0;USI100826;OK;2,62;5;cc/min;;2;N
2026-07-29 19:49:31;Cabeçote;1.0;USI103592;OK;2,09;4;cc/min;;2;N
2026-07-29 19:49:31;Leak Zero;1.0;MON106232;OK;1,57;3;cc/min;;2;N
2026-07-29 19:49:31;Water Leak;1.0;MON108597;OK;3,14;6;cc/min;;2;N
2026-07-29 19:50:45;Cabeçote;1.5 Turbo;USI103575;OK;2,91;4;cc/min;;2;N
2026-07-29 19:52:02;Leak Zero;1.0;MON106224;OK;1,04;3;cc/min;;2;N
2026-07-29 19:52:02;Water Leak;1.0;MON108589;OK;2,07;6;cc/min;;2;N
2026-07-29 19:53:11;Cabeçote;1.5;USI103562;OK;0,76;4;cc/min;;2;N
2026-07-29 19:54:13;Cabeçote;1.0;USI103571;NOK;8,64;4;cc/min;Guia de válvula;2;N
2026-07-29 19:55:43;Bloco;1.0;USI100825;OK;2,86;5;cc/min;;2;N
2026-07-29 19:55:43;Cabeçote;1.0;USI103591;OK;2,29;4;cc/min;;2;N
2026-07-29 19:55:43;Leak Zero;1.0;MON106231;OK;1,72;3;cc/min;;2;N
2026-07-29 19:55:43;Water Leak;1.0;MON108596;OK;3,44;6;cc/min;;2;N
2026-07-29 19:55:47;Cabeçote;1.0;USI103552;OK;1,53;4;cc/min;;2;N
2026-07-29 19:55:47;Cabeçote;1.5 Turbo;USI103553;OK;2,52;4;cc/min;;2;N
2026-07-29 19:56:07;Bloco;1.5 Turbo;USI100818;OK;2,34;5;cc/min;;2;N
2026-07-29 19:56:07;Cabeçote;1.5 Turbo;USI103584;OK;1,87;4;cc/min;;2;N
2026-07-29 19:56:12;Cabeçote;1.0;USI103572;OK;2,76;4;cc/min;;2;N
2026-07-29 19:56:19;Cabeçote;1.0;USI103549;OK;1,01;4;cc/min;;2;N
2026-07-29 19:57:07;Bloco;1.5 Turbo;USI100852;OK;1,08;5;cc/min;;2;N
2026-07-29 19:57:10;Cabeçote;1.5;USI103554;OK;2,31;4;cc/min;;2;N
2026-07-29 20:01:15;Bloco;1.0;USI100853;OK;3,50;5;cc/min;;2;N
2026-07-29 20:01:36;Bloco;1.5 Turbo;USI100812;OK;1,70;5;cc/min;;2;N
2026-07-29 20:01:36;Cabeçote;1.5 Turbo;USI103578;OK;1,36;4;cc/min;;2;N
2026-07-29 20:02:26;Cabeçote;1.5;USI103565;OK;1,56;4;cc/min;;2;N
2026-07-29 20:02:54;Cabeçote;1.5;USI103576;OK;2,37;4;cc/min;;2;N
2026-07-29 20:03:01;Bloco;1.0;USI100849;OK;2,56;5;cc/min;;2;N
2026-07-29 20:03:01;Leak Zero;1.0;MON106255;OK;1,54;3;cc/min;;2;N
2026-07-29 20:03:01;Water Leak;1.0;MON108620;OK;3,07;6;cc/min;;2;N
2026-07-29 20:03:02;Bloco;1.5 Turbo;USI100813;OK;3,62;5;cc/min;;2;N
2026-07-29 20:03:02;Cabeçote;1.5 Turbo;USI103579;OK;2,90;4;cc/min;;2;N
2026-07-29 20:03:25;Cabeçote;1.5;USI103570;OK;2,43;4;cc/min;;2;N
2026-07-29 20:03:41;Bloco;1.5;USI100850;OK;1,93;5;cc/min;;2;N
2026-07-29 20:04:09;Bloco;1.0;USI100836;OK;1,43;5;cc/min;;2;N
2026-07-29 20:04:09;Leak Zero;1.0;MON106242;OK;0,86;3;cc/min;;2;N
2026-07-29 20:04:09;Water Leak;1.0;MON108607;OK;1,72;6;cc/min;;2;N
2026-07-29 20:04:27;Cabeçote;1.5;USI103556;OK;1,72;4;cc/min;;2;N
2026-07-29 20:04:50;Bloco;1.5 Turbo;USI100845;OK;3,23;5;cc/min;;2;N
2026-07-29 20:04:50;Leak Zero;1.5 Turbo;MON106251;OK;1,94;3;cc/min;;2;N
2026-07-29 20:04:50;Water Leak;1.5 Turbo;MON108616;OK;3,88;6;cc/min;;2;N
2026-07-29 20:04:54;Bloco;1.5 Turbo;USI100837;OK;2,45;5;cc/min;;2;N
2026-07-29 20:04:54;Leak Zero;1.5 Turbo;MON106243;OK;1,47;3;cc/min;;2;N
2026-07-29 20:04:54;Water Leak;1.5 Turbo;MON108608;OK;2,94;6;cc/min;;2;N
2026-07-29 20:07:05;Bloco;1.5 Turbo;USI100855;OK;3,29;5;cc/min;;2;N
2026-07-29 20:08:06;Bloco;1.5;USI100814;OK;1,50;5;cc/min;;2;N
2026-07-29 20:08:06;Cabeçote;1.5;USI103580;OK;1,20;4;cc/min;;2;N
2026-07-29 20:08:12;Bloco;1.5;USI100848;OK;2,48;5;cc/min;;2;N
2026-07-29 20:08:12;Leak Zero;1.5;MON106254;OK;1,49;3;cc/min;;2;N
2026-07-29 20:08:12;Water Leak;1.5;MON108619;OK;2,98;6;cc/min;;2;N
2026-07-29 20:09:27;Bloco;1.5;USI100833;OK;2,04;5;cc/min;;2;N
2026-07-29 20:09:27;Leak Zero;1.5;MON106239;OK;1,23;3;cc/min;;2;N
2026-07-29 20:09:27;Water Leak;1.5;MON108604;OK;2,45;6;cc/min;;2;N
2026-07-29 20:10:09;Cabeçote;1.0;USI103560;OK;2,48;4;cc/min;;2;N
2026-07-29 20:11:27;Cabeçote;1.0;USI103568;OK;2,78;4;cc/min;;2;N
2026-07-29 20:11:38;Cabeçote;1.5;USI103564;OK;1,20;4;cc/min;;2;N
2026-07-29 20:12:24;Bloco;1.0;USI100822;NOK;14,21;5;cc/min;Face de fogo;2;N
2026-07-29 20:12:24;Cabeçote;1.0;USI103588;NOK;11,37;4;cc/min;Guia de válvula;2;N
2026-07-29 20:12:36;Cabeçote;1.5;USI103573;OK;1,11;4;cc/min;;2;N
2026-07-29 20:12:56;Cabeçote;1.5 Turbo;USI103561;OK;1,16;4;cc/min;;2;N
2026-07-29 20:12:59;Bloco;1.5 Turbo;USI100820;OK;3,49;5;cc/min;;2;N
2026-07-29 20:12:59;Cabeçote;1.5 Turbo;USI103586;OK;2,79;4;cc/min;;2;N
2026-07-29 20:13:15;Bloco;1.0;USI100840;OK;1,23;5;cc/min;;2;N
2026-07-29 20:13:15;Leak Zero;1.0;MON106246;OK;0,74;3;cc/min;;2;N
2026-07-29 20:13:15;Water Leak;1.0;MON108611;OK;1,48;6;cc/min;;2;N
2026-07-29 20:13:47;Bloco;1.5 Turbo;USI100854;OK;0,80;5;cc/min;;2;N
2026-07-29 20:13:54;Leak Zero;1.5 Turbo;MON106227;OK;0,46;3;cc/min;;2;N
2026-07-29 20:13:54;Water Leak;1.5 Turbo;MON108592;OK;0,92;6;cc/min;;2;N
2026-07-29 20:14:17;Leak Zero;1.5;MON106223;OK;1,96;3;cc/min;;2;N
2026-07-29 20:14:17;Water Leak;1.5;MON108588;OK;3,92;6;cc/min;;2;N
2026-07-29 20:14:54;Leak Zero;1.5;MON106226;OK;1,63;3;cc/min;;2;N
2026-07-29 20:14:54;Water Leak;1.5;MON108591;OK;3,26;6;cc/min;;2;N
2026-07-29 20:14:59;Bloco;1.5;USI100829;OK;1,45;5;cc/min;;2;N
2026-07-29 20:14:59;Leak Zero;1.5;MON106235;OK;0,87;3;cc/min;;2;N
2026-07-29 20:14:59;Water Leak;1.5;MON108600;OK;1,73;6;cc/min;;2;N
2026-07-29 20:15:23;Bloco;1.5;USI100846;OK;1,18;5;cc/min;;2;N
2026-07-29 20:15:23;Leak Zero;1.5;MON106252;OK;0,71;3;cc/min;;2;N
2026-07-29 20:15:23;Water Leak;1.5;MON108617;OK;1,42;6;cc/min;;2;N
2026-07-29 20:15:39;Leak Zero;1.5 Turbo;MON106222;OK;1,11;3;cc/min;;2;N
2026-07-29 20:15:39;Water Leak;1.5 Turbo;MON108587;OK;2,21;6;cc/min;;2;N
2026-07-29 20:15:45;Cabeçote;1.5 Turbo;USI103566;OK;2,01;4;cc/min;;2;N
2026-07-29 20:16:13;Cabeçote;1.0;USI103571;OK;2,00;4;cc/min;;2;S
2026-07-29 20:18:06;Cabeçote;1.5;USI103563;OK;2,72;4;cc/min;;2;N
2026-07-29 20:18:15;Leak Zero;1.5;MON106228;OK;0,99;3;cc/min;;2;N
2026-07-29 20:18:15;Water Leak;1.5;MON108593;OK;1,98;6;cc/min;;2;N
2026-07-29 20:19:28;Bloco;1.5;USI100811;OK;1,82;5;cc/min;;2;N
2026-07-29 20:19:28;Cabeçote;1.5;USI103577;OK;1,46;4;cc/min;;2;N
2026-07-29 20:20:07;Cabeçote;1.5 Turbo;USI103569;OK;0,66;4;cc/min;;2;N
2026-07-29 20:20:15;Cabeçote;1.0;USI103607;OK;0,78;4;cc/min;;2;N
2026-07-29 20:20:29;Bloco;1.5;USI100883;OK;1,92;5;cc/min;;2;N
2026-07-29 20:20:29;Leak Zero;1.5;MON106289;OK;1,15;3;cc/min;;2;N
2026-07-29 20:20:29;Water Leak;1.5;MON108654;OK;2,31;6;cc/min;;2;N
2026-07-29 20:22:57;Bloco;1.5 Turbo;USI100867;OK;1,58;5;cc/min;;2;N
2026-07-29 20:22:57;Cabeçote;1.5 Turbo;USI103633;OK;1,27;4;cc/min;;2;N
2026-07-29 20:22:57;Leak Zero;1.5 Turbo;MON106273;OK;0,95;3;cc/min;;2;N
2026-07-29 20:22:57;Water Leak;1.5 Turbo;MON108638;OK;1,90;6;cc/min;;2;N
2026-07-29 20:23:19;Bloco;1.5 Turbo;USI100885;OK;3,59;5;cc/min;;2;N
2026-07-29 20:23:19;Leak Zero;1.5 Turbo;MON106291;OK;2,15;3;cc/min;;2;N
2026-07-29 20:23:19;Water Leak;1.5 Turbo;MON108656;OK;4,30;6;cc/min;;2;N
2026-07-29 20:25:22;Bloco;1.0;USI100894;OK;2,44;5;cc/min;;2;N
2026-07-29 20:25:29;Cabeçote;1.5 Turbo;USI103619;OK;2,60;4;cc/min;;2;N
2026-07-29 20:25:29;Leak Zero;1.5 Turbo;MON106259;OK;1,95;3;cc/min;;2;N
2026-07-29 20:25:29;Water Leak;1.5 Turbo;MON108624;OK;3,90;6;cc/min;;2;N
2026-07-29 20:27:46;Cabeçote;1.0;USI103600;OK;1,78;4;cc/min;;2;N
2026-07-29 20:29:20;Cabeçote;1.5;USI103596;OK;1,37;4;cc/min;;2;N
2026-07-29 20:30:20;Bloco;1.5 Turbo;USI100864;OK;2,45;5;cc/min;;2;N
2026-07-29 20:30:20;Cabeçote;1.5 Turbo;USI103630;OK;1,96;4;cc/min;;2;N
2026-07-29 20:30:20;Leak Zero;1.5 Turbo;MON106270;OK;1,47;3;cc/min;;2;N
2026-07-29 20:30:20;Water Leak;1.5 Turbo;MON108635;OK;2,94;6;cc/min;;2;N
2026-07-29 20:31:39;Bloco;1.5 Turbo;USI100857;OK;3,32;5;cc/min;;2;N
2026-07-29 20:31:39;Cabeçote;1.5 Turbo;USI103623;OK;2,66;4;cc/min;;2;N
2026-07-29 20:31:39;Leak Zero;1.5 Turbo;MON106263;OK;1,99;3;cc/min;;2;N
2026-07-29 20:31:39;Water Leak;1.5 Turbo;MON108628;OK;3,99;6;cc/min;;2;N
2026-07-29 20:32:42;Cabeçote;1.5;USI103597;OK;1,64;4;cc/min;;2;N
2026-07-29 20:34:05;Bloco;1.5 Turbo;USI100891;OK;1,21;5;cc/min;;2;N
2026-07-29 20:34:24;Bloco;1.0;USI100822;OK;2,50;5;cc/min;;2;S
2026-07-29 20:34:24;Cabeçote;1.0;USI103588;OK;2,00;4;cc/min;;2;S
2026-07-29 20:35:19;Bloco;1.0;USI100876;OK;2,53;5;cc/min;;2;N
2026-07-29 20:35:19;Cabeçote;1.0;USI103642;OK;2,02;4;cc/min;;2;N
2026-07-29 20:35:19;Leak Zero;1.0;MON106282;OK;1,52;3;cc/min;;2;N
2026-07-29 20:35:19;Water Leak;1.0;MON108647;OK;3,04;6;cc/min;;2;N
2026-07-29 20:35:59;Cabeçote;1.5 Turbo;USI103598;OK;1,18;4;cc/min;;2;N
2026-07-29 20:37:40;Cabeçote;1.5 Turbo;USI103602;OK;2,78;4;cc/min;;2;N
2026-07-29 20:38:07;Bloco;1.5;USI100884;OK;1,45;5;cc/min;;2;N
2026-07-29 20:38:07;Leak Zero;1.5;MON106290;OK;0,87;3;cc/min;;2;N
2026-07-29 20:38:07;Water Leak;1.5;MON108655;OK;1,73;6;cc/min;;2;N
2026-07-29 20:39:30;Cabeçote;1.5 Turbo;USI103615;OK;2,37;4;cc/min;;2;N
2026-07-29 20:39:43;Bloco;1.5 Turbo;USI100880;OK;2,56;5;cc/min;;2;N
2026-07-29 20:39:43;Leak Zero;1.5 Turbo;MON106286;OK;1,53;3;cc/min;;2;N
2026-07-29 20:39:43;Water Leak;1.5 Turbo;MON108651;OK;3,07;6;cc/min;;2;N
2026-07-29 20:39:45;Cabeçote;1.5;USI103606;OK;1,61;4;cc/min;;2;N
2026-07-29 20:40:17;Cabeçote;1.5 Turbo;USI103601;OK;2,64;4;cc/min;;2;N
2026-07-29 20:40:25;Cabeçote;1.5 Turbo;USI103614;OK;0,67;4;cc/min;;2;N
2026-07-29 20:40:49;Bloco;1.5;USI100869;OK;2,22;5;cc/min;;2;N
2026-07-29 20:40:49;Cabeçote;1.5;USI103635;OK;1,78;4;cc/min;;2;N
2026-07-29 20:40:49;Leak Zero;1.5;MON106275;OK;1,33;3;cc/min;;2;N
2026-07-29 20:40:49;Water Leak;1.5;MON108640;OK;2,67;6;cc/min;;2;N
2026-07-29 20:42:04;Bloco;1.5;USI100878;OK;2,08;5;cc/min;;2;N
2026-07-29 20:42:04;Cabeçote;1.5;USI103644;OK;1,66;4;cc/min;;2;N
2026-07-29 20:42:04;Leak Zero;1.5;MON106284;OK;1,25;3;cc/min;;2;N
2026-07-29 20:42:04;Water Leak;1.5;MON108649;OK;2,49;6;cc/min;;2;N
2026-07-29 20:42:45;Bloco;1.0;USI100858;OK;2,86;5;cc/min;;2;N
2026-07-29 20:42:45;Cabeçote;1.0;USI103624;OK;2,29;4;cc/min;;2;N
2026-07-29 20:42:45;Leak Zero;1.0;MON106264;OK;1,72;3;cc/min;;2;N
2026-07-29 20:42:45;Water Leak;1.0;MON108629;OK;3,44;6;cc/min;;2;N
2026-07-29 20:43:11;Bloco;1.5 Turbo;USI100872;OK;2,42;5;cc/min;;2;N
2026-07-29 20:43:11;Cabeçote;1.5 Turbo;USI103638;OK;1,94;4;cc/min;;2;N
2026-07-29 20:43:11;Leak Zero;1.5 Turbo;MON106278;OK;1,45;3;cc/min;;2;N
2026-07-29 20:43:11;Water Leak;1.5 Turbo;MON108643;OK;2,91;6;cc/min;;2;N
2026-07-29 20:43:37;Cabeçote;1.5;USI103612;OK;2,02;4;cc/min;;2;N
2026-07-29 20:47:24;Cabeçote;1.5;USI103616;OK;1,08;4;cc/min;;2;N
2026-07-29 20:47:24;Leak Zero;1.5;MON106256;OK;0,81;3;cc/min;;2;N
2026-07-29 20:47:24;Water Leak;1.5;MON108621;OK;1,62;6;cc/min;;2;N
2026-07-29 20:50:59;Bloco;1.5;USI100877;OK;2,82;5;cc/min;;2;N
2026-07-29 20:50:59;Cabeçote;1.5;USI103643;OK;2,25;4;cc/min;;2;N
2026-07-29 20:50:59;Leak Zero;1.5;MON106283;OK;1,69;3;cc/min;;2;N
2026-07-29 20:50:59;Water Leak;1.5;MON108648;OK;3,38;6;cc/min;;2;N
2026-07-29 20:51:00;Bloco;1.5 Turbo;USI100871;OK;1,64;5;cc/min;;2;N
2026-07-29 20:51:00;Cabeçote;1.5 Turbo;USI103637;OK;1,32;4;cc/min;;2;N
2026-07-29 20:51:00;Leak Zero;1.5 Turbo;MON106277;OK;0,99;3;cc/min;;2;N
2026-07-29 20:51:00;Water Leak;1.5 Turbo;MON108642;OK;1,97;6;cc/min;;2;N
2026-07-29 20:51:21;Cabeçote;1.0;USI103604;OK;2,03;4;cc/min;;2;N
2026-07-29 20:52:13;Cabeçote;1.5;USI103617;OK;0,63;4;cc/min;;2;N
2026-07-29 20:52:13;Leak Zero;1.5;MON106257;OK;0,48;3;cc/min;;2;N
2026-07-29 20:52:13;Water Leak;1.5;MON108622;OK;0,95;6;cc/min;;2;N
2026-07-29 20:53:06;Bloco;1.5;USI100868;OK;0,86;5;cc/min;;2;N
2026-07-29 20:53:06;Cabeçote;1.5;USI103634;OK;0,68;4;cc/min;;2;N
2026-07-29 20:53:06;Leak Zero;1.5;MON106274;OK;0,51;3;cc/min;;2;N
2026-07-29 20:53:06;Water Leak;1.5;MON108639;OK;1,03;6;cc/min;;2;N
2026-07-29 20:53:58;Cabeçote;1.0;USI103599;OK;0,77;4;cc/min;;2;N
2026-07-29 20:54:13;Bloco;1.5;USI100893;OK;1,54;5;cc/min;;2;N
2026-07-29 20:54:37;Bloco;1.5;USI100859;OK;3,53;5;cc/min;;2;N
2026-07-29 20:54:37;Cabeçote;1.5;USI103625;OK;2,82;4;cc/min;;2;N
2026-07-29 20:54:37;Leak Zero;1.5;MON106265;OK;2,12;3;cc/min;;2;N
2026-07-29 20:54:37;Water Leak;1.5;MON108630;OK;4,23;6;cc/min;;2;N
2026-07-29 20:54:55;Bloco;1.0;USI100875;OK;2,77;5;cc/min;;2;N
2026-07-29 20:54:55;Cabeçote;1.0;USI103641;OK;2,22;4;cc/min;;2;N
2026-07-29 20:54:55;Leak Zero;1.0;MON106281;OK;1,66;3;cc/min;;2;N
2026-07-29 20:54:55;Water Leak;1.0;MON108646;OK;3,33;6;cc/min;;2;N
2026-07-29 20:56:34;Cabeçote;1.0;USI103595;OK;2,90;4;cc/min;;2;N
2026-07-29 20:56:53;Bloco;1.5;USI100860;OK;2,04;5;cc/min;;2;N
2026-07-29 20:56:53;Cabeçote;1.5;USI103626;OK;1,63;4;cc/min;;2;N
2026-07-29 20:56:53;Leak Zero;1.5;MON106266;OK;1,22;3;cc/min;;2;N
2026-07-29 20:56:53;Water Leak;1.5;MON108631;OK;2,44;6;cc/min;;2;N
2026-07-29 20:57:30;Bloco;1.5;USI100888;OK;2,69;5;cc/min;;2;N
2026-07-29 20:57:30;Leak Zero;1.5;MON106294;OK;1,61;3;cc/min;;2;N
2026-07-29 20:57:30;Water Leak;1.5;MON108659;OK;3,22;6;cc/min;;2;N
2026-07-29 20:58:32;Bloco;1.5;USI100866;OK;2,95;5;cc/min;;2;N
2026-07-29 20:58:32;Cabeçote;1.5;USI103632;OK;2,36;4;cc/min;;2;N
2026-07-29 20:58:32;Leak Zero;1.5;MON106272;OK;1,77;3;cc/min;;2;N
2026-07-29 20:58:32;Water Leak;1.5;MON108637;OK;3,54;6;cc/min;;2;N
2026-07-29 20:59:03;Bloco;1.5 Turbo;USI100890;OK;2,57;5;cc/min;;2;N
2026-07-29 20:59:03;Leak Zero;1.5 Turbo;MON106296;OK;1,54;3;cc/min;;2;N
2026-07-29 20:59:03;Water Leak;1.5 Turbo;MON108661;OK;3,08;6;cc/min;;2;N
2026-07-29 20:59:35;Bloco;1.5 Turbo;USI100882;OK;3,70;5;cc/min;;2;N
2026-07-29 20:59:35;Leak Zero;1.5 Turbo;MON106288;OK;2,22;3;cc/min;;2;N
2026-07-29 20:59:35;Water Leak;1.5 Turbo;MON108653;OK;4,44;6;cc/min;;2;N
2026-07-29 21:00:58;Bloco;1.0;USI100892;OK;1,38;5;cc/min;;2;N
2026-07-29 21:02:26;Bloco;1.5 Turbo;USI100886;OK;1,54;5;cc/min;;2;N
2026-07-29 21:02:26;Bloco;1.5 Turbo;USI100887;OK;1,05;5;cc/min;;2;N
2026-07-29 21:02:26;Leak Zero;1.5 Turbo;MON106292;OK;0,92;3;cc/min;;2;N
2026-07-29 21:02:26;Leak Zero;1.5 Turbo;MON106293;OK;0,63;3;cc/min;;2;N
2026-07-29 21:02:26;Water Leak;1.5 Turbo;MON108657;OK;1,84;6;cc/min;;2;N
2026-07-29 21:02:26;Water Leak;1.5 Turbo;MON108658;OK;1,26;6;cc/min;;2;N
2026-07-29 21:02:48;Cabeçote;1.0;USI103608;OK;2,05;4;cc/min;;2;N
2026-07-29 21:02:57;Bloco;1.5 Turbo;USI100873;OK;2,17;5;cc/min;;2;N
2026-07-29 21:02:57;Cabeçote;1.5 Turbo;USI103639;OK;1,73;4;cc/min;;2;N
2026-07-29 21:02:57;Leak Zero;1.5 Turbo;MON106279;OK;1,30;3;cc/min;;2;N
2026-07-29 21:02:57;Water Leak;1.5 Turbo;MON108644;OK;2,60;6;cc/min;;2;N
2026-07-29 21:03:21;Bloco;1.5 Turbo;USI100862;OK;3,75;5;cc/min;;2;N
2026-07-29 21:03:21;Cabeçote;1.5 Turbo;USI103628;OK;3,00;4;cc/min;;2;N
2026-07-29 21:03:21;Leak Zero;1.5 Turbo;MON106268;OK;2,25;3;cc/min;;2;N
2026-07-29 21:03:21;Water Leak;1.5 Turbo;MON108633;OK;4,50;6;cc/min;;2;N
2026-07-29 21:03:56;Bloco;1.5 Turbo;USI100874;OK;1,77;5;cc/min;;2;N
2026-07-29 21:03:56;Cabeçote;1.5 Turbo;USI103640;OK;1,42;4;cc/min;;2;N
2026-07-29 21:03:56;Leak Zero;1.5 Turbo;MON106280;OK;1,06;3;cc/min;;2;N
2026-07-29 21:03:56;Water Leak;1.5 Turbo;MON108645;OK;2,13;6;cc/min;;2;N
2026-07-29 21:05:51;Cabeçote;1.0;USI103603;OK;2,92;4;cc/min;;2;N
2026-07-29 21:06:29;Cabeçote;1.0;USI103621;OK;1,92;4;cc/min;;2;N
2026-07-29 21:06:29;Leak Zero;1.0;MON106261;OK;1,44;3;cc/min;;2;N
2026-07-29 21:06:29;Water Leak;1.0;MON108626;OK;2,88;6;cc/min;;2;N
2026-07-29 21:07:05;Cabeçote;1.5 Turbo;USI103610;OK;0,95;4;cc/min;;2;N
2026-07-29 21:08:15;Cabeçote;1.5 Turbo;USI103620;OK;2,71;4;cc/min;;2;N
2026-07-29 21:08:15;Leak Zero;1.5 Turbo;MON106260;OK;2,03;3;cc/min;;2;N
2026-07-29 21:08:15;Water Leak;1.5 Turbo;MON108625;OK;4,07;6;cc/min;;2;N
2026-07-29 21:08:48;Cabeçote;1.5 Turbo;USI103618;OK;1,77;4;cc/min;;2;N
2026-07-29 21:08:48;Leak Zero;1.5 Turbo;MON106258;OK;1,33;3;cc/min;;2;N
2026-07-29 21:08:48;Water Leak;1.5 Turbo;MON108623;OK;2,66;6;cc/min;;2;N
2026-07-29 21:09:04;Bloco;1.0;USI100881;OK;2,72;5;cc/min;;2;N
2026-07-29 21:09:04;Leak Zero;1.0;MON106287;OK;1,63;3;cc/min;;2;N
2026-07-29 21:09:04;Water Leak;1.0;MON108652;OK;3,26;6;cc/min;;2;N
2026-07-29 21:09:52;Bloco;1.5 Turbo;USI100870;OK;2,28;5;cc/min;;2;N
2026-07-29 21:09:52;Cabeçote;1.5 Turbo;USI103636;OK;1,82;4;cc/min;;2;N
2026-07-29 21:09:52;Leak Zero;1.5 Turbo;MON106276;OK;1,37;3;cc/min;;2;N
2026-07-29 21:09:52;Water Leak;1.5 Turbo;MON108641;OK;2,73;6;cc/min;;2;N
2026-07-29 21:10:32;Bloco;1.5;USI100879;OK;1,30;5;cc/min;;2;N
2026-07-29 21:10:32;Cabeçote;1.5;USI103645;OK;1,04;4;cc/min;;2;N
2026-07-29 21:10:32;Leak Zero;1.5;MON106285;OK;0,78;3;cc/min;;2;N
2026-07-29 21:10:32;Water Leak;1.5;MON108650;OK;1,56;6;cc/min;;2;N
2026-07-29 21:11:15;Cabeçote;1.5 Turbo;USI103613;OK;2,08;4;cc/min;;2;N
2026-07-29 21:11:43;Bloco;1.0;USI100863;OK;2,91;5;cc/min;;2;N
2026-07-29 21:11:43;Cabeçote;1.0;USI103629;OK;2,33;4;cc/min;;2;N
2026-07-29 21:11:43;Leak Zero;1.0;MON106269;OK;1,75;3;cc/min;;2;N
2026-07-29 21:11:43;Water Leak;1.0;MON108634;OK;3,50;6;cc/min;;2;N
2026-07-29 21:11:52;Bloco;1.0;USI100861;OK;3,31;5;cc/min;;2;N
2026-07-29 21:11:52;Cabeçote;1.0;USI103627;OK;2,65;4;cc/min;;2;N
2026-07-29 21:11:52;Leak Zero;1.0;MON106267;OK;1,99;3;cc/min;;2;N
2026-07-29 21:11:52;Water Leak;1.0;MON108632;OK;3,98;6;cc/min;;2;N
2026-07-29 21:14:07;Cabeçote;1.0;USI103609;OK;1,73;4;cc/min;;2;N
2026-07-29 21:14:09;Cabeçote;1.0;USI103622;OK;2,92;4;cc/min;;2;N
2026-07-29 21:14:09;Leak Zero;1.0;MON106262;OK;2,19;3;cc/min;;2;N
2026-07-29 21:14:09;Water Leak;1.0;MON108627;OK;4,38;6;cc/min;;2;N
2026-07-29 21:14:42;Cabeçote;1.5 Turbo;USI103611;OK;2,02;4;cc/min;;2;N
2026-07-29 21:16:18;Cabeçote;1.5 Turbo;USI103605;OK;2,02;4;cc/min;;2;N
2026-07-29 21:17:07;Bloco;1.5 Turbo;USI100889;OK;1,82;5;cc/min;;2;N
2026-07-29 21:17:07;Leak Zero;1.5 Turbo;MON106295;OK;1,09;3;cc/min;;2;N
2026-07-29 21:17:07;Water Leak;1.5 Turbo;MON108660;OK;2,18;6;cc/min;;2;N
2026-07-29 21:17:55;Bloco;1.5;USI100865;OK;3,06;5;cc/min;;2;N
2026-07-29 21:17:55;Cabeçote;1.5;USI103631;OK;2,45;4;cc/min;;2;N
2026-07-29 21:17:55;Leak Zero;1.5;MON106271;OK;1,84;3;cc/min;;2;N
2026-07-29 21:17:55;Water Leak;1.5;MON108636;OK;3,67;6;cc/min;;2;N
2026-07-29 21:21:00;Bloco;1.0;USI100913;OK;2,80;5;cc/min;;2;N
2026-07-29 21:21:00;Leak Zero;1.0;MON106319;OK;1,68;3;cc/min;;2;N
2026-07-29 21:21:00;Water Leak;1.0;MON108684;OK;3,37;6;cc/min;;2;N
2026-07-29 21:21:05;Cabeçote;1.5 Turbo;USI103680;OK;2,45;4;cc/min;;2;N
2026-07-29 21:21:50;Bloco;1.5;USI100910;OK;2,93;5;cc/min;;2;N
2026-07-29 21:21:50;Leak Zero;1.5;MON106316;OK;1,76;3;cc/min;;2;N
2026-07-29 21:21:50;Water Leak;1.5;MON108681;OK;3,51;6;cc/min;;2;N
2026-07-29 21:22:16;Bloco;1.5 Turbo;USI100930;OK;2,28;5;cc/min;;2;N
2026-07-29 21:23:24;Cabeçote;1.5 Turbo;USI103650;OK;2,29;4;cc/min;;2;N
2026-07-29 21:24:28;Cabeçote;1.5;USI103647;OK;2,75;4;cc/min;;2;N
2026-07-29 21:24:30;Bloco;1.5 Turbo;USI100895;OK;1,72;5;cc/min;;2;N
2026-07-29 21:24:30;Leak Zero;1.5 Turbo;MON106301;OK;1,03;3;cc/min;;2;N
2026-07-29 21:24:30;Water Leak;1.5 Turbo;MON108666;OK;2,07;6;cc/min;;2;N
2026-07-29 21:24:36;Bloco;1.5;USI100903;OK;0,97;5;cc/min;;2;N
2026-07-29 21:24:36;Leak Zero;1.5;MON106309;OK;0,58;3;cc/min;;2;N
2026-07-29 21:24:36;Water Leak;1.5;MON108674;OK;1,16;6;cc/min;;2;N
2026-07-29 21:25:22;Cabeçote;1.0;USI103658;OK;1,95;4;cc/min;;2;N
2026-07-29 21:25:28;Cabeçote;1.0;USI103670;OK;2,78;4;cc/min;;2;N
2026-07-29 21:26:44;Cabeçote;1.5;USI103678;OK;0,81;4;cc/min;;2;N
2026-07-29 21:28:46;Cabeçote;1.5;USI103672;OK;2,64;4;cc/min;;2;N
2026-07-29 21:28:56;Bloco;1.5 Turbo;USI100906;OK;3,51;5;cc/min;;2;N
2026-07-29 21:28:56;Leak Zero;1.5 Turbo;MON106312;OK;2,11;3;cc/min;;2;N
2026-07-29 21:28:56;Water Leak;1.5 Turbo;MON108677;OK;4,21;6;cc/min;;2;N
2026-07-29 21:29:49;Cabeçote;1.5;USI103666;OK;0,60;4;cc/min;;2;N
2026-07-29 21:32:12;Bloco;1.5;USI100912;OK;2,60;5;cc/min;;2;N
2026-07-29 21:32:12;Leak Zero;1.5;MON106318;OK;1,56;3;cc/min;;2;N
2026-07-29 21:32:12;Water Leak;1.5;MON108683;OK;3,12;6;cc/min;;2;N
2026-07-29 21:33:49;Cabeçote;1.5 Turbo;USI103662;OK;2,43;4;cc/min;;2;N
2026-07-29 21:34:07;Cabeçote;1.5;USI103669;OK;2,48;4;cc/min;;2;N
2026-07-29 21:34:36;Leak Zero;1.5;MON106300;OK;0,92;3;cc/min;;2;N
2026-07-29 21:34:36;Water Leak;1.5;MON108665;OK;1,84;6;cc/min;;2;N
2026-07-29 21:34:45;Cabeçote;1.0;USI103656;NOK;9,30;4;cc/min;Sede de válvula;2;N
2026-07-29 21:34:58;Cabeçote;1.0;USI103667;OK;2,31;4;cc/min;;2;N
2026-07-29 21:35:07;Cabeçote;1.5;USI103654;OK;2,16;4;cc/min;;2;N
2026-07-29 21:35:23;Cabeçote;1.0;USI103649;OK;0,73;4;cc/min;;2;N
2026-07-29 21:36:16;Cabeçote;1.5;USI103653;OK;2,88;4;cc/min;;2;N
2026-07-29 21:36:50;Bloco;1.0;USI100929;OK;2,09;5;cc/min;;2;N
2026-07-29 21:38:04;Bloco;1.5;USI100933;OK;2,82;5;cc/min;;2;N
2026-07-29 21:39:18;Leak Zero;1.5;MON106298;OK;1,22;3;cc/min;;2;N
2026-07-29 21:39:18;Water Leak;1.5;MON108663;OK;2,43;6;cc/min;;2;N
2026-07-29 21:39:39;Cabeçote;1.5;USI103665;OK;1,38;4;cc/min;;2;N
2026-07-29 21:40:36;Bloco;1.0;USI100936;OK;1,73;5;cc/min;;2;N
2026-07-29 21:41:03;Cabeçote;1.5;USI103664;OK;2,85;4;cc/min;;2;N
2026-07-29 21:43:42;Cabeçote;1.0;USI103676;OK;1,88;4;cc/min;;2;N
2026-07-29 21:45:25;Bloco;1.0;USI100902;OK;1,14;5;cc/min;;2;N
2026-07-29 21:45:25;Leak Zero;1.0;MON106308;OK;0,69;3;cc/min;;2;N
2026-07-29 21:45:25;Water Leak;1.0;MON108673;OK;1,37;6;cc/min;;2;N
2026-07-29 21:45:48;Cabeçote;1.5 Turbo;USI103682;OK;1,06;4;cc/min;;2;N
2026-07-29 21:45:53;Bloco;1.0;USI100922;OK;1,00;5;cc/min;;2;N
2026-07-29 21:45:53;Leak Zero;1.0;MON106328;OK;0,60;3;cc/min;;2;N
2026-07-29 21:45:53;Water Leak;1.0;MON108693;OK;1,20;6;cc/min;;2;N
2026-07-29 21:46:04;Cabeçote;1.0;USI103659;OK;0,90;4;cc/min;;2;N
2026-07-29 21:46:17;Leak Zero;1.0;MON106299;OK;1,93;3;cc/min;;2;N
2026-07-29 21:46:17;Water Leak;1.0;MON108664;OK;3,86;6;cc/min;;2;N
2026-07-29 21:48:20;Bloco;1.0;USI100905;OK;2,98;5;cc/min;;2;N
2026-07-29 21:48:20;Leak Zero;1.0;MON106311;OK;1,79;3;cc/min;;2;N
2026-07-29 21:48:20;Water Leak;1.0;MON108676;OK;3,58;6;cc/min;;2;N
2026-07-29 21:48:32;Bloco;1.5 Turbo;USI100935;OK;3,15;5;cc/min;;2;N
2026-07-29 21:49:25;Bloco;1.5 Turbo;USI100914;OK;3,43;5;cc/min;;2;N
2026-07-29 21:49:25;Leak Zero;1.5 Turbo;MON106320;OK;2,06;3;cc/min;;2;N
2026-07-29 21:49:25;Water Leak;1.5 Turbo;MON108685;OK;4,12;6;cc/min;;2;N
2026-07-29 21:49:31;Cabeçote;1.0;USI103652;OK;2,09;4;cc/min;;2;N
2026-07-29 21:49:35;Bloco;1.5;USI100896;OK;2,95;5;cc/min;;2;N
2026-07-29 21:49:35;Leak Zero;1.5;MON106302;OK;1,77;3;cc/min;;2;N
2026-07-29 21:49:35;Water Leak;1.5;MON108667;OK;3,54;6;cc/min;;2;N
2026-07-29 21:49:38;Bloco;1.5 Turbo;USI100931;OK;2,89;5;cc/min;;2;N
2026-07-29 21:50:41;Bloco;1.5 Turbo;USI100932;OK;3,71;5;cc/min;;2;N
2026-07-29 21:52:10;Cabeçote;1.5 Turbo;USI103683;OK;1,50;4;cc/min;;2;N
2026-07-29 21:53:11;Bloco;1.5;USI100917;OK;0,96;5;cc/min;;2;N
2026-07-29 21:53:11;Leak Zero;1.5;MON106323;OK;0,57;3;cc/min;;2;N
2026-07-29 21:53:11;Water Leak;1.5;MON108688;OK;1,15;6;cc/min;;2;N
2026-07-29 21:53:35;Bloco;1.0;USI100934;OK;2,89;5;cc/min;;2;N
2026-07-29 21:54:13;Bloco;1.0;USI100926;OK;2,52;5;cc/min;;2;N
2026-07-29 21:54:13;Cabeçote;1.5 Turbo;USI103663;OK;1,85;4;cc/min;;2;N
2026-07-29 21:54:13;Cabeçote;1.5;USI103657;OK;1,23;4;cc/min;;2;N
2026-07-29 21:54:51;Cabeçote;1.0;USI103674;OK;1,37;4;cc/min;;2;N
2026-07-29 21:55:28;Cabeçote;1.5 Turbo;USI103661;OK;1,30;4;cc/min;;2;N
2026-07-29 21:55:30;Cabeçote;1.5 Turbo;USI103684;OK;1,98;4;cc/min;;2;N
2026-07-29 21:55:32;Cabeçote;1.0;USI103677;OK;2,55;4;cc/min;;2;N
2026-07-29 21:55:43;Cabeçote;1.0;USI103651;OK;2,29;4;cc/min;;2;N
2026-07-29 21:55:43;Cabeçote;1.5;USI103668;OK;2,76;4;cc/min;;2;N
2026-07-29 21:55:46;Bloco;1.5 Turbo;USI100938;OK;2,14;5;cc/min;;2;N
2026-07-29 21:55:47;Bloco;1.0;USI100901;OK;2,09;5;cc/min;;2;N
2026-07-29 21:55:47;Bloco;1.0;USI100907;OK;1,91;5;cc/min;;2;N
2026-07-29 21:55:47;Bloco;1.5 Turbo;USI100908;OK;3,15;5;cc/min;;2;N
2026-07-29 21:55:47;Leak Zero;1.0;MON106307;OK;1,26;3;cc/min;;2;N
2026-07-29 21:55:47;Leak Zero;1.0;MON106313;OK;1,15;3;cc/min;;2;N
2026-07-29 21:55:47;Leak Zero;1.5 Turbo;MON106314;OK;1,89;3;cc/min;;2;N
2026-07-29 21:55:47;Water Leak;1.0;MON108672;OK;2,51;6;cc/min;;2;N
2026-07-29 21:55:47;Water Leak;1.0;MON108678;OK;2,29;6;cc/min;;2;N
2026-07-29 21:55:47;Water Leak;1.5 Turbo;MON108679;OK;3,78;6;cc/min;;2;N
2026-07-29 21:55:51;Bloco;1.0;USI100900;OK;3,40;5;cc/min;;2;N
2026-07-29 21:55:51;Leak Zero;1.0;MON106306;OK;2,04;3;cc/min;;2;N
2026-07-29 21:55:51;Water Leak;1.0;MON108671;OK;4,08;6;cc/min;;2;N
2026-07-29 21:56:15;Cabeçote;1.5 Turbo;USI103685;OK;2,07;4;cc/min;;2;N
2026-07-29 21:56:19;Bloco;1.0;USI100904;OK;1,26;5;cc/min;;2;N
2026-07-29 21:56:19;Leak Zero;1.0;MON106310;OK;0,76;3;cc/min;;2;N
2026-07-29 21:56:19;Water Leak;1.0;MON108675;OK;1,51;6;cc/min;;2;N
2026-07-29 21:56:20;Cabeçote;1.5 Turbo;USI103675;OK;1,69;4;cc/min;;2;N
2026-07-29 21:56:45;Cabeçote;1.0;USI103656;OK;2,00;4;cc/min;;2;S
2026-07-29 21:57:10;Bloco;1.5;USI100909;OK;2,89;5;cc/min;;2;N
2026-07-29 21:57:10;Leak Zero;1.5;MON106315;OK;1,74;3;cc/min;;2;N
2026-07-29 21:57:10;Water Leak;1.5;MON108680;OK;3,47;6;cc/min;;2;N
2026-07-29 22:00:27;Cabeçote;1.5;USI103686;OK;2,67;4;cc/min;;2;N
2026-07-29 22:00:37;Bloco;1.0;USI100937;OK;1,55;5;cc/min;;2;N
2026-07-29 22:01:31;Bloco;1.5 Turbo;USI100939;OK;2,55;5;cc/min;;2;N
2026-07-29 22:02:26;Bloco;1.5;USI100920;OK;1,95;5;cc/min;;2;N
2026-07-29 22:02:26;Leak Zero;1.5;MON106326;OK;1,17;3;cc/min;;2;N
2026-07-29 22:02:26;Water Leak;1.5;MON108691;OK;2,33;6;cc/min;;2;N
2026-07-29 22:03:25;Bloco;1.5;USI100925;OK;3,03;5;cc/min;;2;N
2026-07-29 22:04:11;Bloco;1.5 Turbo;USI100928;OK;3,37;5;cc/min;;2;N
2026-07-29 22:04:27;Bloco;1.5;USI100911;OK;2,15;5;cc/min;;2;N
2026-07-29 22:04:27;Leak Zero;1.5;MON106317;OK;1,29;3;cc/min;;2;N
2026-07-29 22:04:27;Water Leak;1.5;MON108682;OK;2,58;6;cc/min;;2;N
2026-07-29 22:06:23;Bloco;1.5 Turbo;USI100927;OK;2,55;5;cc/min;;2;N
2026-07-29 22:07:00;Cabeçote;1.5;USI103660;OK;1,40;4;cc/min;;2;N
2026-07-29 22:08:37;Cabeçote;1.5;USI103673;OK;1,41;4;cc/min;;2;N
2026-07-29 22:09:52;Cabeçote;1.5;USI103671;OK;1,54;4;cc/min;;2;N
2026-07-29 22:10:09;Bloco;1.0;USI100915;OK;3,10;5;cc/min;;2;N
2026-07-29 22:10:09;Leak Zero;1.0;MON106321;OK;1,86;3;cc/min;;2;N
2026-07-29 22:10:09;Water Leak;1.0;MON108686;OK;3,71;6;cc/min;;2;N
2026-07-29 22:10:56;Cabeçote;1.5;USI103681;OK;2,76;4;cc/min;;2;N
2026-07-29 22:11:10;Bloco;1.0;USI100897;OK;2,99;5;cc/min;;2;N
2026-07-29 22:11:10;Leak Zero;1.0;MON106303;OK;1,79;3;cc/min;;2;N
2026-07-29 22:11:10;Water Leak;1.0;MON108668;OK;3,58;6;cc/min;;2;N
2026-07-29 22:11:27;Bloco;1.0;USI100923;OK;3,48;5;cc/min;;2;N
2026-07-29 22:11:27;Leak Zero;1.0;MON106329;OK;2,09;3;cc/min;;2;N
2026-07-29 22:11:27;Water Leak;1.0;MON108694;OK;4,17;6;cc/min;;2;N
2026-07-29 22:11:38;Bloco;1.5;USI100919;OK;1,50;5;cc/min;;2;N
2026-07-29 22:11:38;Leak Zero;1.5;MON106325;OK;0,90;3;cc/min;;2;N
2026-07-29 22:11:38;Water Leak;1.5;MON108690;OK;1,80;6;cc/min;;2;N
2026-07-29 22:12:24;Cabeçote;1.0;USI103648;NOK;11,37;4;cc/min;Guia de válvula;2;N
2026-07-29 22:12:56;Bloco;1.5 Turbo;USI100916;OK;1,45;5;cc/min;;2;N
2026-07-29 22:12:56;Leak Zero;1.5 Turbo;MON106322;OK;0,87;3;cc/min;;2;N
2026-07-29 22:12:56;Water Leak;1.5 Turbo;MON108687;OK;1,74;6;cc/min;;2;N
2026-07-29 22:12:59;Cabeçote;1.5 Turbo;USI103646;OK;2,79;4;cc/min;;2;N
2026-07-29 22:14:42;Bloco;1.5;USI100898;OK;1,21;5;cc/min;;2;N
2026-07-29 22:14:42;Leak Zero;1.5;MON106304;OK;0,73;3;cc/min;;2;N
2026-07-29 22:14:42;Water Leak;1.5;MON108669;OK;1,45;6;cc/min;;2;N
2026-07-29 22:14:59;Cabeçote;1.5;USI103655;OK;1,16;4;cc/min;;2;N
2026-07-29 22:15:05;Cabeçote;1.5 Turbo;USI103679;OK;2,52;4;cc/min;;2;N
2026-07-29 22:15:45;Bloco;1.5 Turbo;USI100921;OK;2,51;5;cc/min;;2;N
2026-07-29 22:15:45;Leak Zero;1.5 Turbo;MON106327;OK;1,51;3;cc/min;;2;N
2026-07-29 22:15:45;Water Leak;1.5 Turbo;MON108692;OK;3,02;6;cc/min;;2;N
2026-07-29 22:17:37;Leak Zero;1.5 Turbo;MON106297;OK;1,26;3;cc/min;;2;N
2026-07-29 22:17:37;Water Leak;1.5 Turbo;MON108662;OK;2,53;6;cc/min;;2;N
2026-07-29 22:18:06;Bloco;1.5;USI100918;OK;3,40;5;cc/min;;2;N
2026-07-29 22:18:06;Leak Zero;1.5;MON106324;OK;2,04;3;cc/min;;2;N
2026-07-29 22:18:06;Water Leak;1.5;MON108689;OK;4,08;6;cc/min;;2;N
2026-07-29 22:18:16;Bloco;1.5;USI100899;OK;0,98;5;cc/min;;2;N
2026-07-29 22:18:16;Leak Zero;1.5;MON106305;OK;0,59;3;cc/min;;2;N
2026-07-29 22:18:16;Water Leak;1.5;MON108670;OK;1,18;6;cc/min;;2;N
2026-07-29 22:20:07;Bloco;1.5 Turbo;USI100924;OK;0,82;5;cc/min;;2;N
2026-07-29 22:20:07;Leak Zero;1.5 Turbo;MON106330;OK;0,49;3;cc/min;;2;N
2026-07-29 22:20:07;Water Leak;1.5 Turbo;MON108695;OK;0,99;6;cc/min;;2;N
2026-07-29 22:20:29;Leak Zero;1.5;MON106349;OK;1,15;3;cc/min;;2;N
2026-07-29 22:20:29;Water Leak;1.5;MON108714;OK;2,31;6;cc/min;;2;N
2026-07-29 22:23:19;Leak Zero;1.5 Turbo;MON106351;OK;2,15;3;cc/min;;2;N
2026-07-29 22:23:19;Water Leak;1.5 Turbo;MON108716;OK;4,30;6;cc/min;;2;N
2026-07-29 22:23:24;Bloco;1.5 Turbo;USI100946;OK;2,86;5;cc/min;;2;N
2026-07-29 22:24:28;Cabeçote;1.5;USI103706;OK;2,75;4;cc/min;;2;N
2026-07-29 22:24:52;Bloco;1.5 Turbo;USI100961;OK;1,72;5;cc/min;;2;N
2026-07-29 22:28:03;Bloco;1.5 Turbo;USI100964;OK;2,53;5;cc/min;;2;N
2026-07-29 22:29:23;Bloco;1.5;USI100960;OK;1,79;5;cc/min;;2;N
2026-07-29 22:32:44;Leak Zero;1.5 Turbo;MON106332;OK;1,60;3;cc/min;;2;N
2026-07-29 22:32:44;Water Leak;1.5 Turbo;MON108697;OK;3,20;6;cc/min;;2;N
2026-07-29 22:32:55;Leak Zero;1.0;MON106335;OK;1,07;3;cc/min;;2;N
2026-07-29 22:32:55;Water Leak;1.0;MON108700;OK;2,14;6;cc/min;;2;N
2026-07-29 22:34:24;Cabeçote;1.0;USI103648;OK;2,00;4;cc/min;;2;S
2026-07-29 22:34:45;Bloco;1.0;USI100952;OK;2,79;5;cc/min;;2;N
2026-07-29 22:35:07;Bloco;1.5;USI100950;OK;2,69;5;cc/min;;2;N
2026-07-29 22:35:19;Leak Zero;1.0;MON106342;OK;1,52;3;cc/min;;2;N
2026-07-29 22:35:19;Water Leak;1.0;MON108707;OK;3,04;6;cc/min;;2;N
2026-07-29 22:35:23;Bloco;1.0;USI100945;OK;0,91;5;cc/min;;2;N
2026-07-29 22:35:51;Bloco;1.5;USI100941;OK;3,19;5;cc/min;;2;N
2026-07-29 22:35:55;Bloco;1.0;USI100956;OK;3,09;5;cc/min;;2;N
2026-07-29 22:36:15;Cabeçote;1.5;USI103701;OK;2,82;4;cc/min;;2;N
2026-07-29 22:36:16;Bloco;1.5;USI100949;OK;3,60;5;cc/min;;2;N
2026-07-29 22:38:07;Leak Zero;1.5;MON106350;OK;0,87;3;cc/min;;2;N
2026-07-29 22:38:07;Water Leak;1.5;MON108715;OK;1,73;6;cc/min;;2;N
2026-07-29 22:39:39;Bloco;1.5;USI100957;OK;2,52;5;cc/min;;2;N
2026-07-29 22:39:41;Cabeçote;1.0;USI103700;OK;0,91;4;cc/min;;2;N
2026-07-29 22:39:43;Leak Zero;1.5 Turbo;MON106346;OK;1,53;3;cc/min;;2;N
2026-07-29 22:39:43;Water Leak;1.5 Turbo;MON108711;OK;3,07;6;cc/min;;2;N
2026-07-29 22:42:04;Leak Zero;1.5;MON106344;OK;1,25;3;cc/min;;3;N
2026-07-29 22:42:04;Water Leak;1.5;MON108709;OK;2,49;6;cc/min;;3;N
2026-07-29 22:45:41;Bloco;1.0;USI100954;OK;1,01;5;cc/min;;3;N
2026-07-29 22:45:41;Cabeçote;1.0;USI103704;OK;1,23;4;cc/min;;3;N
2026-07-29 22:46:58;Cabeçote;1.5;USI103693;OK;2,30;4;cc/min;;3;N
2026-07-29 22:47:01;Bloco;1.0;USI100963;OK;1,49;5;cc/min;;3;N
2026-07-29 22:47:19;Bloco;1.0;USI100953;OK;2,45;5;cc/min;;3;N
2026-07-29 22:47:56;Cabeçote;1.5;USI103702;OK;2,76;4;cc/min;;3;N
2026-07-29 22:49:31;Bloco;1.0;USI100948;OK;2,62;5;cc/min;;3;N
2026-07-29 22:50:45;Cabeçote;1.5 Turbo;USI103694;OK;2,91;4;cc/min;;3;N
2026-07-29 22:50:59;Leak Zero;1.5;MON106343;OK;1,69;3;cc/min;;3;N
2026-07-29 22:50:59;Water Leak;1.5;MON108708;OK;3,38;6;cc/min;;3;N
2026-07-29 22:52:02;Bloco;1.0;USI100940;OK;1,73;5;cc/min;;3;N
2026-07-29 22:54:13;Cabeçote;1.0;USI103690;NOK;8,64;4;cc/min;Guia de válvula;3;N
2026-07-29 22:54:55;Leak Zero;1.0;MON106341;OK;1,66;3;cc/min;;3;N
2026-07-29 22:54:55;Water Leak;1.0;MON108706;OK;3,33;6;cc/min;;3;N
2026-07-29 22:55:43;Bloco;1.0;USI100947;OK;2,86;5;cc/min;;3;N
2026-07-29 22:56:07;Cabeçote;1.5 Turbo;USI103703;OK;1,87;4;cc/min;;3;N
2026-07-29 22:56:12;Cabeçote;1.0;USI103691;OK;2,76;4;cc/min;;3;N
2026-07-29 22:59:27;Leak Zero;1.5;MON106331;OK;2,18;3;cc/min;;3;N
2026-07-29 22:59:27;Water Leak;1.5;MON108696;OK;4,36;6;cc/min;;3;N
2026-07-29 22:59:35;Leak Zero;1.5 Turbo;MON106348;OK;2,22;3;cc/min;;3;N
2026-07-29 22:59:35;Water Leak;1.5 Turbo;MON108713;OK;4,44;6;cc/min;;3;N
2026-07-29 23:01:36;Cabeçote;1.5 Turbo;USI103697;OK;1,36;4;cc/min;;3;N
2026-07-29 23:02:26;Leak Zero;1.5 Turbo;MON106352;OK;0,92;3;cc/min;;3;N
2026-07-29 23:02:26;Leak Zero;1.5 Turbo;MON106353;OK;0,63;3;cc/min;;3;N
2026-07-29 23:02:26;Water Leak;1.5 Turbo;MON108717;OK;1,84;6;cc/min;;3;N
2026-07-29 23:02:26;Water Leak;1.5 Turbo;MON108718;OK;1,26;6;cc/min;;3;N
2026-07-29 23:02:37;Leak Zero;1.5;MON106336;OK;1,94;3;cc/min;;3;N
2026-07-29 23:02:37;Water Leak;1.5;MON108701;OK;3,88;6;cc/min;;3;N
2026-07-29 23:02:54;Cabeçote;1.5;USI103695;OK;2,37;4;cc/min;;3;N
2026-07-29 23:02:57;Leak Zero;1.5 Turbo;MON106339;OK;1,30;3;cc/min;;3;N
2026-07-29 23:02:57;Water Leak;1.5 Turbo;MON108704;OK;2,60;6;cc/min;;3;N
2026-07-29 23:03:02;Cabeçote;1.5 Turbo;USI103698;OK;2,90;4;cc/min;;3;N
2026-07-29 23:03:25;Cabeçote;1.5;USI103689;OK;2,43;4;cc/min;;3;N
2026-07-29 23:03:56;Leak Zero;1.5 Turbo;MON106340;OK;1,06;3;cc/min;;3;N
2026-07-29 23:03:56;Water Leak;1.5 Turbo;MON108705;OK;2,13;6;cc/min;;3;N
2026-07-29 23:04:09;Bloco;1.0;USI100958;OK;1,43;5;cc/min;;3;N
2026-07-29 23:04:11;Leak Zero;1.5 Turbo;MON106333;OK;0,53;3;cc/min;;3;N
2026-07-29 23:04:11;Water Leak;1.5 Turbo;MON108698;OK;1,07;6;cc/min;;3;N
2026-07-29 23:04:19;Leak Zero;1.0;MON106338;NOK;5,37;3;cc/min;Cárter;3;N
2026-07-29 23:04:19;Water Leak;1.0;MON108703;NOK;10,74;6;cc/min;Carcaça do termostato;3;N
2026-07-29 23:04:54;Bloco;1.5 Turbo;USI100959;OK;2,45;5;cc/min;;3;N
2026-07-29 23:08:06;Cabeçote;1.5;USI103699;OK;1,20;4;cc/min;;3;N
2026-07-29 23:09:04;Leak Zero;1.0;MON106347;OK;1,63;3;cc/min;;3;N
2026-07-29 23:09:04;Water Leak;1.0;MON108712;OK;3,26;6;cc/min;;3;N
2026-07-29 23:09:27;Bloco;1.5;USI100955;OK;2,04;5;cc/min;;3;N
2026-07-29 23:10:32;Leak Zero;1.5;MON106345;OK;0,78;3;cc/min;;3;N
2026-07-29 23:10:32;Water Leak;1.5;MON108710;OK;1,56;6;cc/min;;3;N
2026-07-29 23:11:27;Cabeçote;1.0;USI103687;OK;2,78;4;cc/min;;3;N
2026-07-29 23:12:36;Cabeçote;1.5;USI103692;OK;1,11;4;cc/min;;3;N
2026-07-29 23:12:59;Cabeçote;1.5 Turbo;USI103705;OK;2,79;4;cc/min;;3;N
2026-07-29 23:13:15;Bloco;1.0;USI100962;OK;1,23;5;cc/min;;3;N
2026-07-29 23:13:54;Bloco;1.5 Turbo;USI100943;OK;0,77;5;cc/min;;3;N
2026-07-29 23:14:11;Leak Zero;1.0;MON106334;OK;1,44;3;cc/min;;3;N
2026-07-29 23:14:11;Water Leak;1.0;MON108699;OK;2,88;6;cc/min;;3;N
2026-07-29 23:14:54;Bloco;1.5;USI100942;OK;2,72;5;cc/min;;3;N
2026-07-29 23:14:59;Bloco;1.5;USI100951;OK;1,45;5;cc/min;;3;N
2026-07-29 23:16:13;Cabeçote;1.0;USI103690;OK;2,00;4;cc/min;;3;S
2026-07-29 23:17:51;Leak Zero;1.5;MON106337;OK;1,38;3;cc/min;;3;N
2026-07-29 23:17:51;Water Leak;1.5;MON108702;OK;2,75;6;cc/min;;3;N
2026-07-29 23:18:15;Bloco;1.5;USI100944;OK;1,65;5;cc/min;;3;N
2026-07-29 23:19:28;Cabeçote;1.5;USI103696;OK;1,46;4;cc/min;;3;N
2026-07-29 23:20:07;Cabeçote;1.5 Turbo;USI103688;OK;0,66;4;cc/min;;3;N
2026-07-29 23:20:29;Cabeçote;1.5;USI103707;OK;1,54;4;cc/min;;3;N
2026-07-29 23:23:19;Cabeçote;1.5 Turbo;USI103709;OK;2,87;4;cc/min;;3;N
2026-07-29 23:24:30;Leak Zero;1.5 Turbo;MON106361;OK;1,03;3;cc/min;;3;N
2026-07-29 23:24:30;Water Leak;1.5 Turbo;MON108726;OK;2,07;6;cc/min;;3;N
2026-07-29 23:24:36;Leak Zero;1.5;MON106369;OK;0,58;3;cc/min;;3;N
2026-07-29 23:24:36;Water Leak;1.5;MON108734;OK;1,16;6;cc/min;;3;N
2026-07-29 23:25:22;Cabeçote;1.0;USI103718;OK;1,95;4;cc/min;;3;N
2026-07-29 23:25:28;Cabeçote;1.0;USI103730;OK;2,78;4;cc/min;;3;N
2026-07-29 23:25:29;Bloco;1.5 Turbo;USI100975;OK;3,25;5;cc/min;;3;N
2026-07-29 23:26:19;Leak Zero;1.0;MON106338;OK;1,50;3;cc/min;;3;S
2026-07-29 23:26:19;Water Leak;1.0;MON108703;OK;3,00;6;cc/min;;3;S
2026-07-29 23:28:46;Cabeçote;1.5;USI103732;OK;2,64;4;cc/min;;3;N
2026-07-29 23:28:56;Leak Zero;1.5 Turbo;MON106372;OK;2,11;3;cc/min;;3;N
2026-07-29 23:28:56;Water Leak;1.5 Turbo;MON108737;OK;4,21;6;cc/min;;3;N
2026-07-29 23:29:49;Cabeçote;1.5;USI103726;OK;0,60;4;cc/min;;3;N
2026-07-29 23:31:39;Bloco;1.5 Turbo;USI100979;OK;3,32;5;cc/min;;3;N
2026-07-29 23:33:49;Cabeçote;1.5 Turbo;USI103722;OK;2,43;4;cc/min;;3;N
2026-07-29 23:34:05;Cabeçote;1.5 Turbo;USI103715;OK;0,97;4;cc/min;;3;N
2026-07-29 23:34:07;Cabeçote;1.5;USI103729;OK;2,48;4;cc/min;;3;N
2026-07-29 23:34:36;Leak Zero;1.5;MON106360;OK;0,92;3;cc/min;;3;N
2026-07-29 23:34:36;Water Leak;1.5;MON108725;OK;1,84;6;cc/min;;3;N
2026-07-29 23:34:58;Cabeçote;1.0;USI103727;OK;2,31;4;cc/min;;3;N
2026-07-29 23:38:07;Cabeçote;1.5;USI103708;OK;1,16;4;cc/min;;3;N
2026-07-29 23:39:18;Leak Zero;1.5;MON106358;OK;1,22;3;cc/min;;3;N
2026-07-29 23:39:18;Water Leak;1.5;MON108723;OK;2,43;6;cc/min;;3;N
2026-07-29 23:39:30;Bloco;1.5 Turbo;USI100971;OK;2,96;5;cc/min;;3;N
2026-07-29 23:39:39;Cabeçote;1.5;USI103725;OK;1,38;4;cc/min;;3;N
2026-07-29 23:40:25;Bloco;1.5 Turbo;USI100970;OK;0,83;5;cc/min;;3;N
2026-07-29 23:41:03;Cabeçote;1.5;USI103724;OK;2,85;4;cc/min;;3;N
2026-07-29 23:42:45;Bloco;1.0;USI100980;OK;2,86;5;cc/min;;3;N
2026-07-29 23:43:37;Bloco;1.5;USI100968;OK;2,53;5;cc/min;;3;N
2026-07-29 23:45:25;Leak Zero;1.0;MON106368;OK;0,69;3;cc/min;;3;N
2026-07-29 23:45:25;Water Leak;1.0;MON108733;OK;1,37;6;cc/min;;3;N
2026-07-29 23:46:04;Cabeçote;1.0;USI103719;OK;0,90;4;cc/min;;3;N
2026-07-29 23:46:17;Leak Zero;1.0;MON106359;OK;1,93;3;cc/min;;3;N
2026-07-29 23:46:17;Water Leak;1.0;MON108724;OK;3,86;6;cc/min;;3;N
2026-07-29 23:47:24;Bloco;1.5;USI100972;OK;1,35;5;cc/min;;3;N
2026-07-29 23:48:20;Leak Zero;1.0;MON106371;OK;1,79;3;cc/min;;3;N
2026-07-29 23:48:20;Water Leak;1.0;MON108736;OK;3,58;6;cc/min;;3;N
2026-07-29 23:49:35;Leak Zero;1.5;MON106362;OK;1,77;3;cc/min;;3;N
2026-07-29 23:49:35;Water Leak;1.5;MON108727;OK;3,54;6;cc/min;;3;N
2026-07-29 23:52:13;Bloco;1.5;USI100973;OK;0,79;5;cc/min;;3;N
2026-07-29 23:54:13;Cabeçote;1.5 Turbo;USI103723;OK;1,85;4;cc/min;;3;N
2026-07-29 23:54:13;Cabeçote;1.5;USI103717;OK;1,23;4;cc/min;;3;N
2026-07-29 23:54:37;Bloco;1.5;USI100981;OK;3,53;5;cc/min;;3;N
2026-07-29 23:54:44;Leak Zero;1.5 Turbo;MON106354;OK;0,90;3;cc/min;;3;N
2026-07-29 23:54:44;Water Leak;1.5 Turbo;MON108719;OK;1,80;6;cc/min;;3;N
2026-07-29 23:54:51;Cabeçote;1.0;USI103734;OK;1,37;4;cc/min;;3;N
2026-07-29 23:55:28;Cabeçote;1.5 Turbo;USI103721;OK;1,30;4;cc/min;;3;N
2026-07-29 23:55:43;Cabeçote;1.5;USI103728;OK;2,76;4;cc/min;;3;N
2026-07-29 23:55:47;Leak Zero;1.0;MON106367;OK;1,26;3;cc/min;;3;N
2026-07-29 23:55:47;Leak Zero;1.0;MON106373;OK;1,15;3;cc/min;;3;N
2026-07-29 23:55:47;Leak Zero;1.5 Turbo;MON106374;OK;1,89;3;cc/min;;3;N
2026-07-29 23:55:47;Water Leak;1.0;MON108732;OK;2,51;6;cc/min;;3;N
2026-07-29 23:55:47;Water Leak;1.0;MON108738;OK;2,29;6;cc/min;;3;N
2026-07-29 23:55:47;Water Leak;1.5 Turbo;MON108739;OK;3,78;6;cc/min;;3;N
2026-07-29 23:55:51;Leak Zero;1.0;MON106366;OK;2,04;3;cc/min;;3;N
2026-07-29 23:55:51;Water Leak;1.0;MON108731;OK;4,08;6;cc/min;;3;N
2026-07-29 23:56:19;Leak Zero;1.0;MON106370;OK;0,76;3;cc/min;;3;N
2026-07-29 23:56:19;Water Leak;1.0;MON108735;OK;1,51;6;cc/min;;3;N
2026-07-29 23:56:53;Bloco;1.5;USI100982;OK;2,04;5;cc/min;;3;N
2026-07-29 23:57:10;Leak Zero;1.5;MON106375;OK;1,74;3;cc/min;;3;N
2026-07-29 23:57:10;Water Leak;1.5;MON108740;OK;3,47;6;cc/min;;3;N
2026-07-29 23:57:30;Cabeçote;1.5;USI103712;OK;2,15;4;cc/min;;3;N
2026-07-29 23:59:03;Cabeçote;1.5 Turbo;USI103714;OK;2,06;4;cc/min;;3;N
2026-07-30 00:00:58;Cabeçote;1.0;USI103716;OK;1,10;4;cc/min;;3;N
2026-07-30 00:02:26;Cabeçote;1.5 Turbo;USI103710;OK;1,23;4;cc/min;;3;N
2026-07-30 00:02:26;Cabeçote;1.5 Turbo;USI103711;OK;0,84;4;cc/min;;3;N
2026-07-30 00:03:21;Bloco;1.5 Turbo;USI100984;OK;3,75;5;cc/min;;3;N
2026-07-30 00:04:56;Leak Zero;1.5;MON106355;OK;2,09;3;cc/min;;3;N
2026-07-30 00:04:56;Water Leak;1.5;MON108720;OK;4,19;6;cc/min;;3;N
2026-07-30 00:05:16;Leak Zero;1.0;MON106356;OK;0,89;3;cc/min;;3;N
2026-07-30 00:05:16;Water Leak;1.0;MON108721;OK;1,77;6;cc/min;;3;N
2026-07-30 00:06:29;Bloco;1.0;USI100977;OK;2,40;5;cc/min;;3;N
2026-07-30 00:07:00;Cabeçote;1.5;USI103720;OK;1,40;4;cc/min;;3;N
2026-07-30 00:07:05;Bloco;1.5 Turbo;USI100966;OK;1,19;5;cc/min;;3;N
2026-07-30 00:08:15;Bloco;1.5 Turbo;USI100976;OK;3,39;5;cc/min;;3;N
2026-07-30 00:08:37;Cabeçote;1.5;USI103733;OK;1,41;4;cc/min;;3;N
2026-07-30 00:08:48;Bloco;1.5 Turbo;USI100974;OK;2,21;5;cc/min;;3;N
2026-07-30 00:09:52;Cabeçote;1.5;USI103731;OK;1,54;4;cc/min;;3;N
2026-07-30 00:11:10;Leak Zero;1.0;MON106363;OK;1,79;3;cc/min;;3;N
2026-07-30 00:11:10;Water Leak;1.0;MON108728;OK;3,58;6;cc/min;;3;N
2026-07-30 00:11:15;Bloco;1.5 Turbo;USI100969;OK;2,60;5;cc/min;;3;N
2026-07-30 00:11:43;Bloco;1.0;USI100985;OK;2,91;5;cc/min;;3;N
2026-07-30 00:11:52;Bloco;1.0;USI100983;OK;3,31;5;cc/min;;3;N
2026-07-30 00:14:07;Bloco;1.0;USI100965;OK;2,16;5;cc/min;;3;N
2026-07-30 00:14:09;Bloco;1.0;USI100978;OK;3,65;5;cc/min;;3;N
2026-07-30 00:14:42;Bloco;1.5 Turbo;USI100967;OK;2,53;5;cc/min;;3;N
2026-07-30 00:14:42;Leak Zero;1.5;MON106364;OK;0,73;3;cc/min;;3;N
2026-07-30 00:14:42;Water Leak;1.5;MON108729;OK;1,45;6;cc/min;;3;N
2026-07-30 00:17:07;Cabeçote;1.5 Turbo;USI103713;OK;1,46;4;cc/min;;3;N
2026-07-30 00:17:37;Leak Zero;1.5 Turbo;MON106357;OK;1,26;3;cc/min;;3;N
2026-07-30 00:17:37;Water Leak;1.5 Turbo;MON108722;OK;2,53;6;cc/min;;3;N
2026-07-30 00:18:16;Leak Zero;1.5;MON106365;OK;0,59;3;cc/min;;3;N
2026-07-30 00:18:16;Water Leak;1.5;MON108730;OK;1,18;6;cc/min;;3;N
2026-07-30 00:21:00;Cabeçote;1.0;USI103737;OK;2,24;4;cc/min;;3;N
2026-07-30 00:21:05;Leak Zero;1.5 Turbo;MON106381;OK;1,84;3;cc/min;;3;N
2026-07-30 00:21:05;Water Leak;1.5 Turbo;MON108746;OK;3,68;6;cc/min;;3;N
2026-07-30 00:22:16;Cabeçote;1.5 Turbo;USI103754;OK;1,82;4;cc/min;;3;N
2026-07-30 00:23:13;Leak Zero;1.5 Turbo;MON106388;OK;1,75;3;cc/min;;3;N
2026-07-30 00:23:13;Water Leak;1.5 Turbo;MON108753;OK;3,49;6;cc/min;;3;N
2026-07-30 00:23:24;Bloco;1.5 Turbo;USI101006;OK;2,86;5;cc/min;;3;N
2026-07-30 00:24:28;Bloco;1.5;USI101003;OK;3,44;5;cc/min;;3;N
2026-07-30 00:26:44;Leak Zero;1.5;MON106379;OK;0,61;3;cc/min;;3;N
2026-07-30 00:26:44;Water Leak;1.5;MON108744;OK;1,22;6;cc/min;;3;N
2026-07-30 00:31:52;Leak Zero;1.5 Turbo;MON106389;OK;2,00;3;cc/min;;3;N
2026-07-30 00:31:52;Water Leak;1.5 Turbo;MON108754;OK;3,99;6;cc/min;;3;N
2026-07-30 00:32:12;Cabeçote;1.5;USI103736;OK;2,08;4;cc/min;;3;N
2026-07-30 00:32:44;Leak Zero;1.5 Turbo;MON106392;OK;1,60;3;cc/min;;3;N
2026-07-30 00:32:44;Water Leak;1.5 Turbo;MON108757;OK;3,20;6;cc/min;;3;N
2026-07-30 00:35:23;Bloco;1.0;USI101005;OK;0,91;5;cc/min;;3;N
2026-07-30 00:36:15;Bloco;1.5;USI100998;OK;3,52;5;cc/min;;3;N
2026-07-30 00:36:50;Cabeçote;1.0;USI103753;OK;1,67;4;cc/min;;3;N
2026-07-30 00:38:04;Cabeçote;1.5;USI103757;OK;2,26;4;cc/min;;3;N
2026-07-30 00:39:41;Bloco;1.0;USI100997;OK;1,14;5;cc/min;;3;N
2026-07-30 00:43:42;Leak Zero;1.0;MON106377;OK;1,41;3;cc/min;;3;N
2026-07-30 00:43:42;Water Leak;1.0;MON108742;OK;2,82;6;cc/min;;3;N
2026-07-30 00:45:41;Bloco;1.0;USI101001;OK;1,53;5;cc/min;;3;N
2026-07-30 00:45:48;Leak Zero;1.5 Turbo;MON106383;OK;0,79;3;cc/min;;3;N
2026-07-30 00:45:48;Water Leak;1.5 Turbo;MON108748;OK;1,59;6;cc/min;;3;N
2026-07-30 00:45:53;Cabeçote;1.0;USI103746;OK;0,80;4;cc/min;;3;N
2026-07-30 00:46:58;Bloco;1.5;USI100990;OK;2,87;5;cc/min;;3;N
2026-07-30 00:47:56;Bloco;1.5;USI100999;OK;3,46;5;cc/min;;3;N
2026-07-30 00:48:32;Cabeçote;1.5 Turbo;USI103759;OK;2,52;4;cc/min;;3;N
2026-07-30 00:49:25;Cabeçote;1.5 Turbo;USI103738;OK;2,74;4;cc/min;;3;N
2026-07-30 00:49:38;Cabeçote;1.5 Turbo;USI103755;OK;2,31;4;cc/min;;3;N
2026-07-30 00:50:41;Cabeçote;1.5 Turbo;USI103756;OK;2,97;4;cc/min;;3;N
2026-07-30 00:50:45;Bloco;1.5 Turbo;USI100991;OK;3,63;5;cc/min;;3;N
2026-07-30 00:52:10;Leak Zero;1.5 Turbo;MON106384;OK;1,13;3;cc/min;;3;N
2026-07-30 00:52:10;Water Leak;1.5 Turbo;MON108749;OK;2,25;6;cc/min;;3;N
2026-07-30 00:53:11;Cabeçote;1.5;USI103741;OK;0,76;4;cc/min;;3;N
2026-07-30 00:53:35;Cabeçote;1.0;USI103758;OK;2,31;4;cc/min;;3;N
2026-07-30 00:54:13;Cabeçote;1.0;USI103750;OK;2,01;4;cc/min;;3;N
2026-07-30 00:55:30;Leak Zero;1.5 Turbo;MON106385;OK;1,48;3;cc/min;;3;N
2026-07-30 00:55:30;Water Leak;1.5 Turbo;MON108750;OK;2,97;6;cc/min;;3;N
2026-07-30 00:55:32;Bloco;1.5;USI100987;OK;2,95;5;cc/min;;3;N
2026-07-30 00:55:32;Leak Zero;1.0;MON106378;OK;1,91;3;cc/min;;3;N
2026-07-30 00:55:32;Water Leak;1.0;MON108743;OK;3,82;6;cc/min;;3;N
2026-07-30 00:55:43;Bloco;1.0;USI101007;OK;2,86;5;cc/min;;3;N
2026-07-30 00:56:07;Bloco;1.5 Turbo;USI101000;OK;2,34;5;cc/min;;3;N
2026-07-30 00:56:12;Bloco;1.0;USI100988;OK;3,45;5;cc/min;;3;N
2026-07-30 00:56:15;Leak Zero;1.5 Turbo;MON106386;OK;1,55;3;cc/min;;3;N
2026-07-30 00:56:15;Water Leak;1.5 Turbo;MON108751;OK;3,10;6;cc/min;;3;N
2026-07-30 00:56:20;Leak Zero;1.5 Turbo;MON106376;OK;1,27;3;cc/min;;3;N
2026-07-30 00:56:20;Water Leak;1.5 Turbo;MON108741;OK;2,53;6;cc/min;;3;N
2026-07-30 00:59:27;Leak Zero;1.5;MON106391;OK;2,18;3;cc/min;;3;N
2026-07-30 00:59:27;Water Leak;1.5;MON108756;OK;4,36;6;cc/min;;3;N
2026-07-30 01:00:27;Leak Zero;1.5;MON106387;OK;2,00;3;cc/min;;3;N
2026-07-30 01:00:27;Water Leak;1.5;MON108752;OK;4,00;6;cc/min;;3;N
2026-07-30 01:01:36;Bloco;1.5 Turbo;USI100994;OK;1,70;5;cc/min;;3;N
2026-07-30 01:02:26;Cabeçote;1.5;USI103744;OK;1,56;4;cc/min;;3;N
2026-07-30 01:02:54;Bloco;1.5;USI100992;OK;2,96;5;cc/min;;3;N
2026-07-30 01:03:02;Bloco;1.5 Turbo;USI100995;OK;3,62;5;cc/min;;3;N
2026-07-30 01:03:25;Cabeçote;1.5;USI103749;OK;2,43;4;cc/min;;3;N
2026-07-30 01:03:48;Leak Zero;1.5 Turbo;MON106390;OK;0,75;3;cc/min;;3;N
2026-07-30 01:03:48;Water Leak;1.5 Turbo;MON108755;OK;1,51;6;cc/min;;3;N
2026-07-30 01:04:11;Cabeçote;1.5 Turbo;USI103752;OK;2,70;4;cc/min;;3;N
2026-07-30 01:04:27;Cabeçote;1.5;USI103735;OK;1,72;4;cc/min;;3;N
2026-07-30 01:05:50;Bloco;1.5 Turbo;USI100986;OK;1,38;5;cc/min;;3;N
2026-07-30 01:06:23;Cabeçote;1.5 Turbo;USI103751;OK;2,04;4;cc/min;;3;N
2026-07-30 01:08:06;Bloco;1.5;USI100996;OK;1,50;5;cc/min;;3;N
2026-07-30 01:10:09;Cabeçote;1.0;USI103739;OK;2,48;4;cc/min;;3;N
2026-07-30 01:10:56;Leak Zero;1.5;MON106382;OK;2,07;3;cc/min;;3;N
2026-07-30 01:10:56;Water Leak;1.5;MON108747;OK;4,14;6;cc/min;;3;N
2026-07-30 01:11:27;Cabeçote;1.0;USI103747;OK;2,78;4;cc/min;;3;N
2026-07-30 01:11:38;Cabeçote;1.5;USI103743;OK;1,20;4;cc/min;;3;N
2026-07-30 01:12:24;Bloco;1.0;USI101004;NOK;14,21;5;cc/min;Face de fogo;3;N
2026-07-30 01:12:36;Bloco;1.5;USI100989;OK;1,39;5;cc/min;;3;N
2026-07-30 01:12:56;Cabeçote;1.5 Turbo;USI103740;OK;1,16;4;cc/min;;3;N
2026-07-30 01:12:59;Bloco;1.5 Turbo;USI101002;OK;3,49;5;cc/min;;3;N
2026-07-30 01:15:05;Leak Zero;1.5 Turbo;MON106380;OK;1,89;3;cc/min;;3;N
2026-07-30 01:15:05;Water Leak;1.5 Turbo;MON108745;OK;3,78;6;cc/min;;3;N
2026-07-30 01:15:45;Cabeçote;1.5 Turbo;USI103745;OK;2,01;4;cc/min;;3;N
2026-07-30 01:18:06;Cabeçote;1.5;USI103742;OK;2,72;4;cc/min;;3;N
2026-07-30 01:19:28;Bloco;1.5;USI100993;OK;1,82;5;cc/min;;3;N
2026-07-30 01:20:07;Cabeçote;1.5 Turbo;USI103748;OK;0,66;4;cc/min;;3;N
2026-07-30 01:20:15;Bloco;1.0;USI101023;OK;0,97;5;cc/min;;3;N
2026-07-30 01:22:16;Leak Zero;1.5 Turbo;MON106395;OK;1,37;3;cc/min;;3;N
2026-07-30 01:22:16;Water Leak;1.5 Turbo;MON108760;OK;2,73;6;cc/min;;3;N
2026-07-30 01:23:24;Cabeçote;1.5 Turbo;USI103770;OK;2,29;4;cc/min;;3;N
2026-07-30 01:26:09;Bloco;1.0;USI101008;OK;2,48;5;cc/min;;3;N
2026-07-30 01:26:09;Leak Zero;1.0;MON106414;OK;1,49;3;cc/min;;3;N
2026-07-30 01:26:09;Water Leak;1.0;MON108779;OK;2,97;6;cc/min;;3;N
2026-07-30 01:27:46;Bloco;1.0;USI101016;OK;2,22;5;cc/min;;3;N
2026-07-30 01:27:53;Cabeçote;1.5;USI103761;OK;1,83;4;cc/min;;3;N
2026-07-30 01:29:20;Bloco;1.5;USI101012;OK;1,71;5;cc/min;;3;N
2026-07-30 01:31:11;Leak Zero;1.0;MON106406;OK;2,03;3;cc/min;;3;N
2026-07-30 01:31:11;Water Leak;1.0;MON108771;OK;4,07;6;cc/min;;3;N
2026-07-30 01:32:42;Bloco;1.5;USI101013;OK;2,06;5;cc/min;;3;N
2026-07-30 01:34:04;Leak Zero;1.0;MON106411;OK;1,89;3;cc/min;;3;N
2026-07-30 01:34:04;Water Leak;1.0;MON108776;OK;3,77;6;cc/min;;3;N
2026-07-30 01:34:24;Bloco;1.0;USI101004;OK;2,50;5;cc/min;;3;S
2026-07-30 01:34:45;Cabeçote;1.0;USI103776;OK;2,23;4;cc/min;;3;N
2026-07-30 01:35:07;Cabeçote;1.5;USI103774;OK;2,16;4;cc/min;;3;N
2026-07-30 01:35:11;Cabeçote;1.5 Turbo;USI103760;OK;1,21;4;cc/min;;3;N
2026-07-30 01:35:23;Cabeçote;1.0;USI103769;OK;0,73;4;cc/min;;3;N
2026-07-30 01:35:51;Cabeçote;1.5;USI103765;OK;2,56;4;cc/min;;3;N
2026-07-30 01:35:55;Cabeçote;1.0;USI103780;OK;2,47;4;cc/min;;3;N
2026-07-30 01:35:55;Leak Zero;1.5;MON106413;OK;1,89;3;cc/min;;3;N
2026-07-30 01:35:55;Water Leak;1.5;MON108778;OK;3,78;6;cc/min;;3;N
2026-07-30 01:35:59;Bloco;1.5 Turbo;USI101014;OK;1,47;5;cc/min;;3;N
2026-07-30 01:36:16;Cabeçote;1.5;USI103773;OK;2,88;4;cc/min;;3;N
2026-07-30 01:36:50;Leak Zero;1.0;MON106394;OK;1,25;3;cc/min;;3;N
2026-07-30 01:36:50;Water Leak;1.0;MON108759;OK;2,51;6;cc/min;;3;N
2026-07-30 01:37:40;Bloco;1.5 Turbo;USI101018;OK;3,48;5;cc/min;;3;N
2026-07-30 01:38:04;Leak Zero;1.5;MON106398;OK;1,69;3;cc/min;;3;N
2026-07-30 01:38:04;Water Leak;1.5;MON108763;OK;3,39;6;cc/min;;3;N
2026-07-30 01:39:30;Bloco;1.5 Turbo;USI101031;OK;2,96;5;cc/min;;3;N
2026-07-30 01:39:39;Cabeçote;1.5;USI103781;OK;2,01;4;cc/min;;3;N
2026-07-30 01:39:45;Bloco;1.5;USI101022;OK;2,01;5;cc/min;;3;N
2026-07-30 01:40:17;Bloco;1.5 Turbo;USI101017;OK;3,30;5;cc/min;;3;N
2026-07-30 01:40:25;Bloco;1.5 Turbo;USI101030;OK;0,83;5;cc/min;;3;N
2026-07-30 01:40:36;Leak Zero;1.0;MON106401;OK;1,04;3;cc/min;;3;N
2026-07-30 01:40:36;Water Leak;1.0;MON108766;OK;2,07;6;cc/min;;3;N
2026-07-30 01:41:33;Bloco;1.5 Turbo;USI101010;OK;3,00;5;cc/min;;3;N
2026-07-30 01:43:37;Bloco;1.5;USI101028;OK;2,53;5;cc/min;;3;N
2026-07-30 01:43:37;Leak Zero;1.0;MON106410;OK;1,60;3;cc/min;;3;N
2026-07-30 01:43:37;Water Leak;1.0;MON108775;OK;3,20;6;cc/min;;3;N
2026-07-30 01:45:41;Cabeçote;1.0;USI103778;OK;0,81;4;cc/min;;3;N
2026-07-30 01:46:41;Leak Zero;1.5;MON106405;OK;1,22;3;cc/min;;3;N
2026-07-30 01:46:41;Water Leak;1.5;MON108770;OK;2,43;6;cc/min;;3;N
2026-07-30 01:47:19;Cabeçote;1.0;USI103777;OK;1,96;4;cc/min;;3;N
2026-07-30 01:47:24;Bloco;1.5;USI101032;OK;1,35;5;cc/min;;3;N
2026-07-30 01:48:32;Leak Zero;1.5 Turbo;MON106400;OK;1,89;3;cc/min;;3;N
2026-07-30 01:48:32;Water Leak;1.5 Turbo;MON108765;OK;3,78;6;cc/min;;3;N
2026-07-30 01:49:31;Cabeçote;1.0;USI103772;OK;2,09;4;cc/min;;3;N
2026-07-30 01:49:38;Leak Zero;1.5 Turbo;MON106396;OK;1,73;3;cc/min;;3;N
2026-07-30 01:49:38;Water Leak;1.5 Turbo;MON108761;OK;3,46;6;cc/min;;3;N
2026-07-30 01:50:41;Leak Zero;1.5 Turbo;MON106397;OK;2,23;3;cc/min;;3;N
2026-07-30 01:50:41;Water Leak;1.5 Turbo;MON108762;OK;4,46;6;cc/min;;3;N
2026-07-30 01:51:21;Bloco;1.0;USI101020;OK;2,53;5;cc/min;;3;N
2026-07-30 01:52:02;Cabeçote;1.0;USI103764;OK;1,38;4;cc/min;;3;N
2026-07-30 01:53:35;Leak Zero;1.0;MON106399;OK;1,74;3;cc/min;;3;N
2026-07-30 01:53:35;Water Leak;1.0;MON108764;OK;3,47;6;cc/min;;3;N
2026-07-30 01:53:58;Bloco;1.0;USI101015;OK;0,97;5;cc/min;;3;N
2026-07-30 01:55:43;Cabeçote;1.0;USI103771;OK;2,29;4;cc/min;;3;N
2026-07-30 01:55:46;Leak Zero;1.5 Turbo;MON106403;OK;1,28;3;cc/min;;3;N
2026-07-30 01:55:46;Water Leak;1.5 Turbo;MON108768;OK;2,57;6;cc/min;;3;N
2026-07-30 01:56:19;Leak Zero;1.5 Turbo;MON106407;OK;0,58;3;cc/min;;3;N
2026-07-30 01:56:19;Water Leak;1.5 Turbo;MON108772;OK;1,16;6;cc/min;;3;N
2026-07-30 01:56:34;Bloco;1.0;USI101011;OK;3,62;5;cc/min;;3;N
2026-07-30 01:58:55;Bloco;1.0;USI101009;OK;2,99;5;cc/min;;3;N
2026-07-30 01:58:55;Leak Zero;1.0;MON106415;OK;1,79;3;cc/min;;3;N
2026-07-30 01:58:55;Water Leak;1.0;MON108780;OK;3,59;6;cc/min;;3;N
2026-07-30 01:59:29;Leak Zero;1.5 Turbo;MON106408;OK;2,02;3;cc/min;;3;N
2026-07-30 01:59:29;Water Leak;1.5 Turbo;MON108773;OK;4,03;6;cc/min;;3;N
2026-07-30 02:00:37;Leak Zero;1.0;MON106402;OK;0,93;3;cc/min;;3;N
2026-07-30 02:00:37;Water Leak;1.0;MON108767;OK;1,87;6;cc/min;;3;N
2026-07-30 02:01:31;Leak Zero;1.5 Turbo;MON106404;OK;1,53;3;cc/min;;3;N
2026-07-30 02:01:31;Water Leak;1.5 Turbo;MON108769;OK;3,06;6;cc/min;;3;N
2026-07-30 02:02:48;Bloco;1.0;USI101024;OK;2,56;5;cc/min;;3;N
2026-07-30 02:04:09;Cabeçote;1.0;USI103782;OK;1,15;4;cc/min;;3;N
2026-07-30 02:04:11;Leak Zero;1.5 Turbo;MON106393;OK;2,02;3;cc/min;;3;N
2026-07-30 02:04:11;Water Leak;1.5 Turbo;MON108758;OK;4,05;6;cc/min;;3;N
2026-07-30 02:05:51;Bloco;1.0;USI101019;OK;3,65;5;cc/min;;3;N
2026-07-30 02:07:05;Bloco;1.5 Turbo;USI101026;OK;1,19;5;cc/min;;3;N
2026-07-30 02:09:27;Cabeçote;1.5;USI103779;OK;1,64;4;cc/min;;3;N
2026-07-30 02:11:15;Bloco;1.5 Turbo;USI101029;OK;2,60;5;cc/min;;3;N
2026-07-30 02:13:54;Cabeçote;1.5 Turbo;USI103767;OK;0,61;4;cc/min;;3;N
2026-07-30 02:14:07;Bloco;1.0;USI101025;OK;2,16;5;cc/min;;3;N
2026-07-30 02:14:17;Cabeçote;1.5;USI103763;OK;2,61;4;cc/min;;3;N
2026-07-30 02:14:42;Bloco;1.5 Turbo;USI101027;OK;2,53;5;cc/min;;3;N
2026-07-30 02:14:54;Cabeçote;1.5;USI103766;OK;2,18;4;cc/min;;3;N
2026-07-30 02:14:59;Cabeçote;1.5;USI103775;OK;1,16;4;cc/min;;3;N
2026-07-30 02:15:39;Cabeçote;1.5 Turbo;USI103762;OK;1,48;4;cc/min;;3;N
2026-07-30 02:16:18;Bloco;1.5 Turbo;USI101021;OK;2,53;5;cc/min;;3;N
2026-07-30 02:16:53;Leak Zero;1.5;MON106412;OK;1,90;3;cc/min;;3;N
2026-07-30 02:16:53;Water Leak;1.5;MON108777;OK;3,80;6;cc/min;;3;N
2026-07-30 02:18:15;Cabeçote;1.5;USI103768;OK;1,32;4;cc/min;;3;N
2026-07-30 02:19:09;Leak Zero;1.5 Turbo;MON106409;OK;1,62;3;cc/min;;3;N
2026-07-30 02:19:09;Water Leak;1.5 Turbo;MON108774;OK;3,24;6;cc/min;;3;N
2026-07-30 02:20:15;Cabeçote;1.0;USI103787;OK;0,78;4;cc/min;;3;N
2026-07-30 02:22:57;Bloco;1.5 Turbo;USI101048;OK;1,58;5;cc/min;;3;N
2026-07-30 02:24:17;Bloco;1.0;USI101038;OK;2,35;5;cc/min;;3;N
2026-07-30 02:24:33;Leak Zero;1.5 Turbo;MON106430;OK;0,87;3;cc/min;;3;N
2026-07-30 02:24:33;Water Leak;1.5 Turbo;MON108795;OK;1,74;6;cc/min;;3;N
2026-07-30 02:24:52;Leak Zero;1.5 Turbo;MON106426;OK;1,03;3;cc/min;;3;N
2026-07-30 02:24:52;Water Leak;1.5 Turbo;MON108791;OK;2,07;6;cc/min;;3;N
2026-07-30 02:25:14;Bloco;1.5 Turbo;USI101043;OK;1,34;5;cc/min;;3;N
2026-07-30 02:25:29;Cabeçote;1.5 Turbo;USI103799;OK;2,60;4;cc/min;;3;N
2026-07-30 02:28:03;Leak Zero;1.5 Turbo;MON106429;OK;1,52;3;cc/min;;3;N
2026-07-30 02:28:03;Water Leak;1.5 Turbo;MON108794;OK;3,03;6;cc/min;;3;N
2026-07-30 02:29:23;Leak Zero;1.5;MON106425;OK;1,08;3;cc/min;;3;N
2026-07-30 02:29:23;Water Leak;1.5;MON108790;OK;2,15;6;cc/min;;3;N
2026-07-30 02:30:20;Bloco;1.5 Turbo;USI101045;OK;2,45;5;cc/min;;3;N
2026-07-30 02:30:23;Leak Zero;1.5 Turbo;MON106431;OK;0,61;3;cc/min;;3;N
2026-07-30 02:30:23;Water Leak;1.5 Turbo;MON108796;OK;1,22;6;cc/min;;3;N
2026-07-30 02:31:39;Cabeçote;1.5 Turbo;USI103803;OK;2,66;4;cc/min;;3;N
2026-07-30 02:34:11;Bloco;1.5 Turbo;USI101037;OK;2,03;5;cc/min;;3;N
2026-07-30 02:34:45;Leak Zero;1.0;MON106417;OK;1,67;3;cc/min;;3;N
2026-07-30 02:34:45;Water Leak;1.0;MON108782;OK;3,35;6;cc/min;;3;N
2026-07-30 02:35:08;Bloco;1.5;USI101040;OK;2,55;5;cc/min;;3;N
2026-07-30 02:35:19;Bloco;1.0;USI101057;OK;2,53;5;cc/min;;3;N
2026-07-30 02:35:55;Leak Zero;1.0;MON106421;OK;1,86;3;cc/min;;3;N
2026-07-30 02:35:55;Water Leak;1.0;MON108786;OK;3,71;6;cc/min;;3;N
2026-07-30 02:39:30;Cabeçote;1.5 Turbo;USI103795;OK;2,37;4;cc/min;;3;N
2026-07-30 02:39:39;Leak Zero;1.5;MON106422;OK;1,51;3;cc/min;;3;N
2026-07-30 02:39:39;Water Leak;1.5;MON108787;OK;3,02;6;cc/min;;3;N
2026-07-30 02:39:45;Cabeçote;1.5;USI103786;OK;1,61;4;cc/min;;3;N
2026-07-30 02:40:25;Cabeçote;1.5 Turbo;USI103794;OK;0,67;4;cc/min;;3;N
2026-07-30 02:40:49;Bloco;1.5;USI101050;OK;2,22;5;cc/min;;3;N
2026-07-30 02:42:45;Cabeçote;1.0;USI103804;OK;2,29;4;cc/min;;3;N
2026-07-30 02:43:11;Bloco;1.5 Turbo;USI101053;OK;2,42;5;cc/min;;3;N
2026-07-30 02:43:21;Leak Zero;1.5 Turbo;MON106434;OK;1,90;3;cc/min;;3;N
2026-07-30 02:43:21;Water Leak;1.5 Turbo;MON108799;OK;3,81;6;cc/min;;3;N
2026-07-30 02:43:37;Cabeçote;1.5;USI103792;OK;2,02;4;cc/min;;3;N
2026-07-30 02:44:05;Bloco;1.5;USI101041;OK;2,76;5;cc/min;;3;N
2026-07-30 02:45:41;Leak Zero;1.0;MON106419;OK;0,61;3;cc/min;;3;N
2026-07-30 02:45:41;Water Leak;1.0;MON108784;OK;1,21;6;cc/min;;3;N
2026-07-30 02:47:01;Leak Zero;1.0;MON106428;OK;0,89;3;cc/min;;3;N
2026-07-30 02:47:01;Water Leak;1.0;MON108793;OK;1,79;6;cc/min;;3;N
2026-07-30 02:47:19;Leak Zero;1.0;MON106418;OK;1,47;3;cc/min;;3;N
2026-07-30 02:47:19;Water Leak;1.0;MON108783;OK;2,94;6;cc/min;;3;N
2026-07-30 02:47:24;Cabeçote;1.5;USI103796;OK;1,08;4;cc/min;;3;N
2026-07-30 02:50:59;Bloco;1.5;USI101058;OK;2,82;5;cc/min;;3;N
2026-07-30 02:51:00;Bloco;1.5 Turbo;USI101052;OK;1,64;5;cc/min;;3;N
2026-07-30 02:51:21;Cabeçote;1.0;USI103784;OK;2,03;4;cc/min;;3;N
2026-07-30 02:52:13;Cabeçote;1.5;USI103797;OK;0,63;4;cc/min;;3;N
2026-07-30 02:53:06;Bloco;1.5;USI101049;OK;0,86;5;cc/min;;3;N
2026-07-30 02:54:37;Cabeçote;1.5;USI103805;OK;2,82;4;cc/min;;3;N
2026-07-30 02:54:55;Bloco;1.0;USI101056;OK;2,77;5;cc/min;;3;N
2026-07-30 02:55:27;Bloco;1.5 Turbo;USI101042;OK;0,90;5;cc/min;;3;N
2026-07-30 02:56:53;Cabeçote;1.5;USI103806;OK;1,63;4;cc/min;;3;N
2026-07-30 02:57:07;Bloco;1.5 Turbo;USI101033;OK;1,08;5;cc/min;;3;N
2026-07-30 02:58:32;Bloco;1.5;USI101047;OK;2,95;5;cc/min;;3;N
2026-07-30 03:01:15;Bloco;1.0;USI101034;OK;3,50;5;cc/min;;3;N
2026-07-30 03:02:48;Cabeçote;1.0;USI103788;OK;2,05;4;cc/min;;3;N
2026-07-30 03:02:57;Bloco;1.5 Turbo;USI101054;OK;2,17;5;cc/min;;3;N
2026-07-30 03:03:21;Cabeçote;1.5 Turbo;USI103808;OK;3,00;4;cc/min;;3;N
2026-07-30 03:03:56;Bloco;1.5 Turbo;USI101055;OK;1,77;5;cc/min;;3;N
2026-07-30 03:04:09;Leak Zero;1.0;MON106423;OK;0,86;3;cc/min;;3;N
2026-07-30 03:04:09;Water Leak;1.0;MON108788;OK;1,72;6;cc/min;;3;N
2026-07-30 03:04:50;Leak Zero;1.5 Turbo;MON106432;OK;1,94;3;cc/min;;3;N
2026-07-30 03:04:50;Water Leak;1.5 Turbo;MON108797;OK;3,88;6;cc/min;;3;N
2026-07-30 03:04:54;Leak Zero;1.5 Turbo;MON106424;OK;1,47;3;cc/min;;3;N
2026-07-30 03:04:54;Water Leak;1.5 Turbo;MON108789;OK;2,94;6;cc/min;;3;N
2026-07-30 03:05:51;Cabeçote;1.0;USI103783;OK;2,92;4;cc/min;;3;N
2026-07-30 03:06:29;Cabeçote;1.0;USI103801;OK;1,92;4;cc/min;;3;N
2026-07-30 03:07:05;Bloco;1.5 Turbo;USI101036;OK;3,29;5;cc/min;;3;N
2026-07-30 03:07:05;Cabeçote;1.5 Turbo;USI103790;OK;0,95;4;cc/min;;3;N
2026-07-30 03:08:12;Leak Zero;1.5;MON106435;OK;1,49;3;cc/min;;3;N
2026-07-30 03:08:12;Water Leak;1.5;MON108800;OK;2,98;6;cc/min;;3;N
2026-07-30 03:08:15;Cabeçote;1.5 Turbo;USI103800;OK;2,71;4;cc/min;;3;N
2026-07-30 03:08:48;Cabeçote;1.5 Turbo;USI103798;OK;1,77;4;cc/min;;3;N
2026-07-30 03:09:27;Leak Zero;1.5;MON106420;OK;1,23;3;cc/min;;3;N
2026-07-30 03:09:27;Water Leak;1.5;MON108785;OK;2,45;6;cc/min;;3;N
2026-07-30 03:09:52;Bloco;1.5 Turbo;USI101051;OK;2,28;5;cc/min;;3;N
2026-07-30 03:11:15;Cabeçote;1.5 Turbo;USI103793;OK;2,08;4;cc/min;;3;N
2026-07-30 03:11:43;Cabeçote;1.0;USI103809;OK;2,33;4;cc/min;;3;N
2026-07-30 03:11:52;Cabeçote;1.0;USI103807;OK;2,65;4;cc/min;;3;N
2026-07-30 03:13:08;Bloco;1.5;USI101039;OK;2,52;5;cc/min;;3;N
2026-07-30 03:13:15;Leak Zero;1.0;MON106427;OK;0,74;3;cc/min;;3;N
2026-07-30 03:13:15;Water Leak;1.0;MON108792;OK;1,48;6;cc/min;;3;N
2026-07-30 03:13:47;Bloco;1.5 Turbo;USI101035;OK;0,80;5;cc/min;;3;N
2026-07-30 03:14:07;Cabeçote;1.0;USI103789;OK;1,73;4;cc/min;;3;N
2026-07-30 03:14:09;Cabeçote;1.0;USI103802;OK;2,92;4;cc/min;;3;N
2026-07-30 03:14:42;Cabeçote;1.5 Turbo;USI103791;OK;2,02;4;cc/min;;3;N
2026-07-30 03:14:44;Bloco;1.5 Turbo;USI101044;NOK;12,05;5;cc/min;Galeria de água;3;N
2026-07-30 03:14:59;Leak Zero;1.5;MON106416;OK;0,87;3;cc/min;;3;N
2026-07-30 03:14:59;Water Leak;1.5;MON108781;OK;1,73;6;cc/min;;3;N
2026-07-30 03:15:23;Leak Zero;1.5;MON106433;OK;0,71;3;cc/min;;3;N
2026-07-30 03:15:23;Water Leak;1.5;MON108798;OK;1,42;6;cc/min;;3;N
2026-07-30 03:16:18;Cabeçote;1.5 Turbo;USI103785;OK;2,02;4;cc/min;;3;N
2026-07-30 03:17:55;Bloco;1.5;USI101046;OK;3,06;5;cc/min;;3;N
2026-07-30 03:22:57;Leak Zero;1.5 Turbo;MON106454;OK;0,95;3;cc/min;;3;N
2026-07-30 03:22:57;Water Leak;1.5 Turbo;MON108819;OK;1,90;6;cc/min;;3;N
2026-07-30 03:23:24;Cabeçote;1.5 Turbo;USI103830;OK;2,29;4;cc/min;;3;N
2026-07-30 03:24:28;Bloco;1.5;USI101062;OK;3,44;5;cc/min;;3;N
2026-07-30 03:24:28;Cabeçote;1.5;USI103827;OK;2,75;4;cc/min;;3;N
2026-07-30 03:24:30;Bloco;1.5 Turbo;USI101076;OK;1,72;5;cc/min;;3;N
2026-07-30 03:25:29;Leak Zero;1.5 Turbo;MON106440;OK;1,95;3;cc/min;;3;N
2026-07-30 03:25:29;Water Leak;1.5 Turbo;MON108805;OK;3,90;6;cc/min;;3;N
2026-07-30 03:30:20;Leak Zero;1.5 Turbo;MON106451;OK;1,47;3;cc/min;;3;N
2026-07-30 03:30:20;Water Leak;1.5 Turbo;MON108816;OK;2,94;6;cc/min;;3;N
2026-07-30 03:31:39;Leak Zero;1.5 Turbo;MON106444;OK;1,99;3;cc/min;;3;N
2026-07-30 03:31:39;Water Leak;1.5 Turbo;MON108809;OK;3,99;6;cc/min;;3;N
2026-07-30 03:34:36;Bloco;1.5;USI101075;OK;1,54;5;cc/min;;3;N
2026-07-30 03:35:23;Cabeçote;1.0;USI103829;OK;0,73;4;cc/min;;3;N
2026-07-30 03:36:15;Cabeçote;1.5;USI103822;OK;2,82;4;cc/min;;3;N
2026-07-30 03:39:18;Bloco;1.5;USI101073;OK;2,03;5;cc/min;;3;N
2026-07-30 03:39:30;Leak Zero;1.5 Turbo;MON106436;OK;1,78;3;cc/min;;3;N
2026-07-30 03:39:30;Water Leak;1.5 Turbo;MON108801;OK;3,56;6;cc/min;;3;N
2026-07-30 03:39:41;Cabeçote;1.0;USI103821;OK;0,91;4;cc/min;;3;N
2026-07-30 03:40:49;Leak Zero;1.5;MON106456;OK;1,33;3;cc/min;;3;N
2026-07-30 03:40:49;Water Leak;1.5;MON108821;OK;2,67;6;cc/min;;3;N
2026-07-30 03:42:45;Leak Zero;1.0;MON106445;OK;1,72;3;cc/min;;3;N
2026-07-30 03:42:45;Water Leak;1.0;MON108810;OK;3,44;6;cc/min;;3;N
2026-07-30 03:45:41;Bloco;1.0;USI101060;OK;1,53;5;cc/min;;3;N
2026-07-30 03:45:41;Cabeçote;1.0;USI103825;OK;1,23;4;cc/min;;3;N
2026-07-30 03:46:17;Bloco;1.0;USI101074;OK;3,21;5;cc/min;;3;N
2026-07-30 03:46:58;Cabeçote;1.5;USI103814;OK;2,30;4;cc/min;;3;N
2026-07-30 03:47:24;Leak Zero;1.5;MON106437;OK;0,81;3;cc/min;;3;N
2026-07-30 03:47:24;Water Leak;1.5;MON108802;OK;1,62;6;cc/min;;3;N
2026-07-30 03:47:56;Cabeçote;1.5;USI103823;OK;2,76;4;cc/min;;3;N
2026-07-30 03:49:35;Bloco;1.5;USI101077;OK;2,95;5;cc/min;;3;N
2026-07-30 03:50:45;Cabeçote;1.5 Turbo;USI103815;OK;2,91;4;cc/min;;3;N
2026-07-30 03:51:00;Leak Zero;1.5 Turbo;MON106458;OK;0,99;3;cc/min;;3;N
2026-07-30 03:51:00;Water Leak;1.5 Turbo;MON108823;OK;1,97;6;cc/min;;3;N
2026-07-30 03:52:13;Leak Zero;1.5;MON106438;OK;0,48;3;cc/min;;3;N
2026-07-30 03:52:13;Water Leak;1.5;MON108803;OK;0,95;6;cc/min;;3;N
2026-07-30 03:53:06;Leak Zero;1.5;MON106455;OK;0,51;3;cc/min;;3;N
2026-07-30 03:53:06;Water Leak;1.5;MON108820;OK;1,03;6;cc/min;;3;N
2026-07-30 03:54:37;Leak Zero;1.5;MON106446;OK;2,12;3;cc/min;;3;N
2026-07-30 03:54:37;Water Leak;1.5;MON108811;OK;4,23;6;cc/min;;3;N
2026-07-30 03:54:44;Bloco;1.5 Turbo;USI101069;OK;1,50;5;cc/min;;3;N
2026-07-30 03:55:32;Cabeçote;1.5;USI103811;OK;2,36;4;cc/min;;3;N
2026-07-30 03:55:47;Bloco;1.0;USI101082;OK;2,09;5;cc/min;;3;N
2026-07-30 03:55:51;Bloco;1.0;USI101081;OK;3,40;5;cc/min;;3;N
2026-07-30 03:56:07;Bloco;1.5 Turbo;USI101059;OK;2,34;5;cc/min;;3;N
2026-07-30 03:56:07;Cabeçote;1.5 Turbo;USI103824;OK;1,87;4;cc/min;;3;N
2026-07-30 03:56:12;Cabeçote;1.0;USI103812;OK;2,76;4;cc/min;;3;N
2026-07-30 03:56:53;Leak Zero;1.5;MON106447;OK;1,22;3;cc/min;;3;N
2026-07-30 03:56:53;Water Leak;1.5;MON108812;OK;2,44;6;cc/min;;3;N
2026-07-30 03:58:28;Bloco;1.0;USI101065;OK;0,91;5;cc/min;;3;N
2026-07-30 03:58:32;Leak Zero;1.5;MON106453;OK;1,77;3;cc/min;;3;N
2026-07-30 03:58:32;Water Leak;1.5;MON108818;OK;3,54;6;cc/min;;3;N
2026-07-30 03:59:09;Bloco;1.0;USI101064;OK;1,51;5;cc/min;;3;N
2026-07-30 04:01:36;Cabeçote;1.5 Turbo;USI103818;OK;1,36;4;cc/min;;3;N
2026-07-30 04:02:54;Cabeçote;1.5;USI103816;OK;2,37;4;cc/min;;3;N
2026-07-30 04:03:02;Cabeçote;1.5 Turbo;USI103819;OK;2,90;4;cc/min;;3;N
2026-07-30 04:03:21;Leak Zero;1.5 Turbo;MON106449;OK;2,25;3;cc/min;;3;N
2026-07-30 04:03:21;Water Leak;1.5 Turbo;MON108814;OK;4,50;6;cc/min;;3;N
2026-07-30 04:04:56;Bloco;1.5;USI101070;OK;3,49;5;cc/min;;3;N
2026-07-30 04:05:16;Bloco;1.0;USI101071;OK;1,48;5;cc/min;;3;N
2026-07-30 04:05:50;Cabeçote;1.5 Turbo;USI103810;OK;1,10;4;cc/min;;3;N
2026-07-30 04:06:29;Leak Zero;1.0;MON106442;OK;1,44;3;cc/min;;3;N
2026-07-30 04:06:29;Water Leak;1.0;MON108807;OK;2,88;6;cc/min;;3;N
2026-07-30 04:08:01;Bloco;1.5 Turbo;USI101066;OK;2,53;5;cc/min;;3;N
2026-07-30 04:08:06;Bloco;1.5;USI101068;OK;1,55;5;cc/min;;3;N
2026-07-30 04:08:06;Cabeçote;1.5;USI103820;OK;1,20;4;cc/min;;3;N
2026-07-30 04:08:15;Leak Zero;1.5 Turbo;MON106441;OK;2,03;3;cc/min;;3;N
2026-07-30 04:08:15;Water Leak;1.5 Turbo;MON108806;OK;4,07;6;cc/min;;3;N
2026-07-30 04:08:35;Bloco;1.5 Turbo;USI101067;OK;2,22;5;cc/min;;3;N
2026-07-30 04:08:48;Leak Zero;1.5 Turbo;MON106439;OK;1,33;3;cc/min;;3;N
2026-07-30 04:08:48;Water Leak;1.5 Turbo;MON108804;OK;2,66;6;cc/min;;3;N
2026-07-30 04:09:52;Leak Zero;1.5 Turbo;MON106457;OK;1,37;3;cc/min;;3;N
2026-07-30 04:09:52;Water Leak;1.5 Turbo;MON108822;OK;2,73;6;cc/min;;3;N
2026-07-30 04:11:10;Bloco;1.0;USI101078;OK;2,99;5;cc/min;;3;N
2026-07-30 04:11:43;Leak Zero;1.0;MON106450;OK;1,75;3;cc/min;;3;N
2026-07-30 04:11:43;Water Leak;1.0;MON108815;OK;3,50;6;cc/min;;3;N
2026-07-30 04:11:52;Leak Zero;1.0;MON106448;OK;1,99;3;cc/min;;3;N
2026-07-30 04:11:52;Water Leak;1.0;MON108813;OK;3,98;6;cc/min;;3;N
2026-07-30 04:12:24;Bloco;1.0;USI101063;OK;3,65;5;cc/min;;3;N
2026-07-30 04:12:24;Cabeçote;1.0;USI103828;NOK;11,37;4;cc/min;Guia de válvula;3;N
2026-07-30 04:12:36;Cabeçote;1.5;USI103813;OK;1,11;4;cc/min;;3;N
2026-07-30 04:12:59;Bloco;1.5 Turbo;USI101061;OK;3,49;5;cc/min;;3;N
2026-07-30 04:12:59;Cabeçote;1.5 Turbo;USI103826;OK;2,79;4;cc/min;;3;N
2026-07-30 04:14:09;Leak Zero;1.0;MON106443;OK;2,19;3;cc/min;;3;N
2026-07-30 04:14:09;Water Leak;1.0;MON108808;OK;4,38;6;cc/min;;3;N
2026-07-30 04:14:42;Bloco;1.5;USI101079;OK;1,21;5;cc/min;;3;N
2026-07-30 04:17:37;Bloco;1.5 Turbo;USI101072;OK;2,11;5;cc/min;;3;N
2026-07-30 04:17:55;Leak Zero;1.5;MON106452;OK;1,84;3;cc/min;;3;N
2026-07-30 04:17:55;Water Leak;1.5;MON108817;OK;3,67;6;cc/min;;3;N
2026-07-30 04:18:16;Bloco;1.5;USI101080;OK;0,98;5;cc/min;;3;N
2026-07-30 04:19:28;Cabeçote;1.5;USI103817;OK;1,46;4;cc/min;;3;N
2026-07-30 04:20:15;Cabeçote;1.0;USI103847;OK;0,78;4;cc/min;;3;N
2026-07-30 04:21:05;Bloco;1.5 Turbo;USI101096;OK;3,07;5;cc/min;;3;N
2026-07-30 04:23:13;Bloco;1.5 Turbo;USI101103;OK;2,91;5;cc/min;;3;N
2026-07-30 04:23:24;Water Leak;1.5 Turbo;MON108836;OK;3,44;6;cc/min;;3;N
2026-07-30 04:24:28;Leak Zero;1.5;MON106468;OK;2,06;3;cc/min;;3;N
2026-07-30 04:24:28;Water Leak;1.5;MON108833;OK;4,12;6;cc/min;;3;N
2026-07-30 04:25:28;Bloco;1.0;USI101086;OK;3,48;5;cc/min;;3;N
2026-07-30 04:26:09;Cabeçote;1.0;USI103832;OK;1,98;4;cc/min;;3;N
2026-07-30 04:26:44;Bloco;1.5;USI101094;OK;1,02;5;cc/min;;3;N
2026-07-30 04:27:46;Cabeçote;1.0;USI103840;OK;1,78;4;cc/min;;3;N
2026-07-30 04:28:46;Bloco;1.5;USI101088;OK;3,30;5;cc/min;;3;N
2026-07-30 04:29:20;Cabeçote;1.5;USI103836;OK;1,37;4;cc/min;;3;N
2026-07-30 04:31:52;Bloco;1.5 Turbo;USI101104;OK;3,33;5;cc/min;;3;N
2026-07-30 04:32:42;Cabeçote;1.5;USI103837;OK;1,64;4;cc/min;;3;N
2026-07-30 04:34:07;Bloco;1.5;USI101085;OK;3,10;5;cc/min;;3;N
2026-07-30 04:34:24;Cabeçote;1.0;USI103828;OK;2,00;4;cc/min;;3;S
2026-07-30 04:34:45;Water Leak;1.0;MON108842;OK;3,35;6;cc/min;;3;N
2026-07-30 04:34:58;Bloco;1.0;USI101083;OK;2,88;5;cc/min;;3;N
2026-07-30 04:35:07;Water Leak;1.5;MON108840;OK;3,23;6;cc/min;;3;N
2026-07-30 04:35:23;Water Leak;1.0;MON108835;OK;1,09;6;cc/min;;3;N
2026-07-30 04:35:55;Cabeçote;1.5;USI103831;OK;2,52;4;cc/min;;3;N
2026-07-30 04:35:59;Cabeçote;1.5 Turbo;USI103838;OK;1,18;4;cc/min;;3;N
2026-07-30 04:36:15;Leak Zero;1.5;MON106463;OK;2,11;3;cc/min;;3;N
2026-07-30 04:36:15;Water Leak;1.5;MON108828;OK;4,23;6;cc/min;;3;N
2026-07-30 04:36:16;Water Leak;1.5;MON108839;OK;4,32;6;cc/min;;3;N
2026-07-30 04:37:40;Cabeçote;1.5 Turbo;USI103842;OK;2,78;4;cc/min;;3;N
2026-07-30 04:39:30;Cabeçote;1.5 Turbo;USI103855;OK;2,37;4;cc/min;;3;N
2026-07-30 04:39:41;Leak Zero;1.0;MON106462;OK;0,68;3;cc/min;;3;N
2026-07-30 04:39:41;Water Leak;1.0;MON108827;OK;1,36;6;cc/min;;3;N
2026-07-30 04:39:45;Cabeçote;1.5;USI103846;OK;1,61;4;cc/min;;3;N
2026-07-30 04:40:17;Cabeçote;1.5 Turbo;USI103841;OK;2,64;4;cc/min;;3;N
2026-07-30 04:40:25;Cabeçote;1.5 Turbo;USI103854;OK;0,67;4;cc/min;;3;N
2026-07-30 04:41:33;Cabeçote;1.5 Turbo;USI103834;OK;2,40;4;cc/min;;3;N
2026-07-30 04:43:37;Cabeçote;1.5;USI103852;OK;2,02;4;cc/min;;3;N
2026-07-30 04:43:42;Bloco;1.0;USI101092;OK;2,35;5;cc/min;;3;N
2026-07-30 04:45:41;Leak Zero;1.0;MON106466;OK;0,92;3;cc/min;;3;N
2026-07-30 04:45:41;Water Leak;1.0;MON108831;OK;1,84;6;cc/min;;3;N
2026-07-30 04:45:48;Bloco;1.5 Turbo;USI101098;OK;1,32;5;cc/min;;3;N
2026-07-30 04:47:19;Water Leak;1.0;MON108843;OK;2,94;6;cc/min;;3;N
2026-07-30 04:47:56;Leak Zero;1.5;MON106464;OK;2,07;3;cc/min;;3;N
2026-07-30 04:47:56;Water Leak;1.5;MON108829;OK;4,15;6;cc/min;;3;N
2026-07-30 04:49:31;Water Leak;1.0;MON108838;OK;3,14;6;cc/min;;3;N
2026-07-30 04:51:21;Cabeçote;1.0;USI103844;OK;2,03;4;cc/min;;3;N
2026-07-30 04:52:10;Bloco;1.5 Turbo;USI101099;OK;1,88;5;cc/min;;3;N
2026-07-30 04:53:58;Cabeçote;1.0;USI103839;OK;0,77;4;cc/min;;3;N
2026-07-30 04:54:44;Leak Zero;1.5 Turbo;MON106475;OK;0,90;3;cc/min;;3;N
2026-07-30 04:54:51;Bloco;1.0;USI101090;OK;1,72;5;cc/min;;3;N
2026-07-30 04:55:30;Bloco;1.5 Turbo;USI101100;OK;2,47;5;cc/min;;3;N
2026-07-30 04:55:32;Bloco;1.0;USI101093;OK;3,18;5;cc/min;;3;N
2026-07-30 04:55:43;Bloco;1.5;USI101084;OK;3,45;5;cc/min;;3;N
2026-07-30 04:55:43;Water Leak;1.0;MON108837;OK;3,44;6;cc/min;;3;N
2026-07-30 04:56:07;Leak Zero;1.5 Turbo;MON106465;OK;1,41;3;cc/min;;3;N
2026-07-30 04:56:07;Water Leak;1.5 Turbo;MON108830;OK;2,81;6;cc/min;;3;N
2026-07-30 04:56:15;Bloco;1.5 Turbo;USI101101;OK;2,59;5;cc/min;;3;N
2026-07-30 04:56:20;Bloco;1.5 Turbo;USI101091;OK;2,11;5;cc/min;;3;N
2026-07-30 04:56:34;Cabeçote;1.0;USI103835;OK;2,90;4;cc/min;;3;N
2026-07-30 04:58:28;Leak Zero;1.0;MON106471;OK;0,55;3;cc/min;;3;N
2026-07-30 04:58:55;Cabeçote;1.0;USI103833;OK;2,39;4;cc/min;;3;N
2026-07-30 04:59:09;Leak Zero;1.0;MON106470;OK;0,91;3;cc/min;;3;N
2026-07-30 04:59:27;Bloco;1.5;USI101106;OK;3,64;5;cc/min;;3;N
2026-07-30 05:00:27;Bloco;1.5;USI101102;OK;3,33;5;cc/min;;3;N
2026-07-30 05:01:36;Leak Zero;1.5 Turbo;MON106459;OK;1,02;3;cc/min;;3;N
2026-07-30 05:01:36;Water Leak;1.5 Turbo;MON108824;OK;2,04;6;cc/min;;3;N
2026-07-30 05:02:48;Cabeçote;1.0;USI103848;OK;2,05;4;cc/min;;3;N
2026-07-30 05:03:02;Leak Zero;1.5 Turbo;MON106460;OK;2,17;3;cc/min;;3;N
2026-07-30 05:03:02;Water Leak;1.5 Turbo;MON108825;OK;4,35;6;cc/min;;3;N
2026-07-30 05:03:48;Bloco;1.5 Turbo;USI101105;OK;1,26;5;cc/min;;3;N
2026-07-30 05:04:56;Leak Zero;1.5;MON106476;OK;2,09;3;cc/min;;3;N
2026-07-30 05:05:16;Leak Zero;1.0;MON106477;OK;0,89;3;cc/min;;3;N
2026-07-30 05:05:51;Cabeçote;1.0;USI103843;OK;2,92;4;cc/min;;3;N
2026-07-30 05:07:05;Cabeçote;1.5 Turbo;USI103850;OK;0,95;4;cc/min;;3;N
2026-07-30 05:08:01;Leak Zero;1.5 Turbo;MON106472;OK;1,52;3;cc/min;;3;N
2026-07-30 05:08:06;Leak Zero;1.5;MON106461;OK;0,90;3;cc/min;;3;N
2026-07-30 05:08:06;Leak Zero;1.5;MON106474;OK;0,93;3;cc/min;;3;N
2026-07-30 05:08:06;Water Leak;1.5;MON108826;OK;1,80;6;cc/min;;3;N
2026-07-30 05:08:35;Leak Zero;1.5 Turbo;MON106473;OK;1,33;3;cc/min;;3;N
2026-07-30 05:08:37;Bloco;1.5;USI101089;OK;1,76;5;cc/min;;3;N
2026-07-30 05:09:52;Bloco;1.5;USI101087;OK;1,92;5;cc/min;;3;N
2026-07-30 05:10:56;Bloco;1.5;USI101097;OK;3,45;5;cc/min;;3;N
2026-07-30 05:11:15;Cabeçote;1.5 Turbo;USI103853;OK;2,08;4;cc/min;;3;N
2026-07-30 05:12:24;Leak Zero;1.0;MON106469;OK;2,19;3;cc/min;;3;N
2026-07-30 05:12:24;Water Leak;1.0;MON108834;NOK;17,06;6;cc/min;Junta do cabeçote;3;N
2026-07-30 05:12:59;Leak Zero;1.5 Turbo;MON106467;OK;2,09;3;cc/min;;3;N
2026-07-30 05:12:59;Water Leak;1.5 Turbo;MON108832;OK;4,18;6;cc/min;;3;N
2026-07-30 05:14:07;Cabeçote;1.0;USI103849;OK;1,73;4;cc/min;;3;N
2026-07-30 05:14:42;Cabeçote;1.5 Turbo;USI103851;OK;2,02;4;cc/min;;3;N
2026-07-30 05:14:59;Water Leak;1.5;MON108841;OK;1,73;6;cc/min;;3;N
2026-07-30 05:15:05;Bloco;1.5 Turbo;USI101095;OK;3,15;5;cc/min;;3;N
2026-07-30 05:16:18;Cabeçote;1.5 Turbo;USI103845;OK;2,02;4;cc/min;;3;N
2026-07-30 05:17:37;Leak Zero;1.5 Turbo;MON106478;OK;1,26;3;cc/min;;3;N
2026-07-30 05:20:15;Water Leak;1.0;MON108853;OK;1,17;6;cc/min;;3;N
2026-07-30 05:22:16;Bloco;1.5 Turbo;USI101110;OK;2,28;5;cc/min;;3;N
2026-07-30 05:22:57;Cabeçote;1.5 Turbo;USI103872;OK;1,27;4;cc/min;;3;N
2026-07-30 05:24:17;Cabeçote;1.0;USI103862;NOK;8,24;4;cc/min;Porosidade;3;N
2026-07-30 05:25:22;Leak Zero;1.0;MON106480;OK;1,46;3;cc/min;;3;N
2026-07-30 05:25:28;Leak Zero;1.0;MON106492;OK;2,09;3;cc/min;;3;N
2026-07-30 05:27:46;Water Leak;1.0;MON108846;OK;2,67;6;cc/min;;3;N
2026-07-30 05:28:46;Leak Zero;1.5;MON106494;OK;1,98;3;cc/min;;3;N
2026-07-30 05:29:49;Leak Zero;1.5;MON106488;OK;0,45;3;cc/min;;3;N
2026-07-30 05:30:20;Cabeçote;1.5 Turbo;USI103869;OK;1,96;4;cc/min;;3;N
2026-07-30 05:31:11;Bloco;1.0;USI101121;OK;3,39;5;cc/min;;3;N
2026-07-30 05:33:49;Leak Zero;1.5 Turbo;MON106484;OK;1,82;3;cc/min;;3;N
2026-07-30 05:34:04;Bloco;1.0;USI101126;OK;3,14;5;cc/min;;3;N
2026-07-30 05:34:07;Leak Zero;1.5;MON106491;OK;1,86;3;cc/min;;3;N
2026-07-30 05:34:11;Cabeçote;1.5 Turbo;USI103861;OK;1,63;4;cc/min;;3;N
2026-07-30 05:34:24;Water Leak;1.0;MON108834;OK;3,00;6;cc/min;;3;S
2026-07-30 05:34:58;Leak Zero;1.0;MON106489;OK;1,73;3;cc/min;;3;N
2026-07-30 05:35:55;Bloco;1.5;USI101128;OK;3,15;5;cc/min;;3;N
2026-07-30 05:35:59;Water Leak;1.5 Turbo;MON108844;OK;1,77;6;cc/min;;3;N
2026-07-30 05:36:50;Bloco;1.0;USI101109;OK;2,09;5;cc/min;;3;N
2026-07-30 05:37:40;Water Leak;1.5 Turbo;MON108848;OK;4,17;6;cc/min;;3;N
2026-07-30 05:38:04;Bloco;1.5;USI101113;OK;2,82;5;cc/min;;3;N
2026-07-30 05:39:30;Water Leak;1.5 Turbo;MON108861;OK;3,56;6;cc/min;;3;N
2026-07-30 05:39:39;Leak Zero;1.5;MON106487;OK;1,04;3;cc/min;;3;N
2026-07-30 05:39:45;Water Leak;1.5;MON108852;OK;2,42;6;cc/min;;3;N
2026-07-30 05:40:17;Water Leak;1.5 Turbo;MON108847;OK;3,96;6;cc/min;;3;N
2026-07-30 05:40:25;Water Leak;1.5 Turbo;MON108860;OK;1,00;6;cc/min;;3;N
2026-07-30 05:40:36;Bloco;1.0;USI101116;OK;1,73;5;cc/min;;3;N
2026-07-30 05:40:49;Cabeçote;1.5;USI103874;OK;1,78;4;cc/min;;3;N
2026-07-30 05:41:03;Leak Zero;1.5;MON106486;OK;2,13;3;cc/min;;3;N
2026-07-30 05:42:45;Cabeçote;1.0;USI103863;OK;2,29;4;cc/min;;3;N
2026-07-30 05:43:37;Bloco;1.0;USI101125;OK;2,67;5;cc/min;;3;N
2026-07-30 05:43:37;Water Leak;1.5;MON108858;OK;3,04;6;cc/min;;3;N
2026-07-30 05:46:04;Leak Zero;1.0;MON106481;OK;0,68;3;cc/min;;3;N
2026-07-30 05:46:41;Bloco;1.5;USI101120;OK;2,03;5;cc/min;;3;N
2026-07-30 05:47:24;Water Leak;1.5;MON108862;OK;1,62;6;cc/min;;3;N
2026-07-30 05:48:14;Cabeçote;1.5;USI103856;OK;2,01;4;cc/min;;3;N
2026-07-30 05:48:32;Bloco;1.5 Turbo;USI101115;OK;3,15;5;cc/min;;3;N
2026-07-30 05:49:38;Bloco;1.5 Turbo;USI101111;OK;2,89;5;cc/min;;3;N
2026-07-30 05:50:41;Bloco;1.5 Turbo;USI101112;OK;3,71;5;cc/min;;3;N
2026-07-30 05:51:21;Water Leak;1.0;MON108850;OK;3,04;6;cc/min;;3;N
2026-07-30 05:52:13;Water Leak;1.5;MON108863;OK;0,95;6;cc/min;;3;N
2026-07-30 05:53:06;Cabeçote;1.5;USI103873;OK;0,68;4;cc/min;;3;N
2026-07-30 05:53:35;Bloco;1.0;USI101114;OK;2,89;5;cc/min;;3;N
2026-07-30 05:53:58;Water Leak;1.0;MON108845;OK;1,16;6;cc/min;;3;N
2026-07-30 05:54:13;Leak Zero;1.5 Turbo;MON106485;OK;1,39;3;cc/min;;3;N
2026-07-30 05:54:13;Leak Zero;1.5;MON106479;OK;0,92;3;cc/min;;3;N
2026-07-30 05:54:37;Cabeçote;1.5;USI103864;OK;2,82;4;cc/min;;3;N
2026-07-30 05:54:51;Leak Zero;1.0;MON106496;OK;1,03;3;cc/min;;3;N
2026-07-30 05:55:28;Leak Zero;1.5 Turbo;MON106483;OK;0,97;3;cc/min;;3;N
2026-07-30 05:55:43;Leak Zero;1.5;MON106490;OK;2,07;3;cc/min;;3;N
2026-07-30 05:55:46;Bloco;1.5 Turbo;USI101118;OK;2,14;5;cc/min;;3;N
2026-07-30 05:56:19;Bloco;1.5 Turbo;USI101122;OK;0,97;5;cc/min;;3;N
2026-07-30 05:56:20;Leak Zero;1.5 Turbo;MON106497;OK;1,27;3;cc/min;;3;N
2026-07-30 05:56:53;Cabeçote;1.5;USI103865;OK;1,63;4;cc/min;;3;N
2026-07-30 05:57:07;Cabeçote;1.5 Turbo;USI103857;OK;0,86;4;cc/min;;3;N
2026-07-30 05:58:32;Cabeçote;1.5;USI103871;OK;2,36;4;cc/min;;3;N
2026-07-30 05:59:29;Bloco;1.5 Turbo;USI101123;OK;3,36;5;cc/min;;3;N
2026-07-30 06:00:37;Bloco;1.0;USI101117;OK;1,55;5;cc/min;;1;N
2026-07-30 06:01:15;Cabeçote;1.0;USI103858;OK;2,80;4;cc/min;;1;N
2026-07-30 06:01:31;Bloco;1.5 Turbo;USI101119;OK;2,55;5;cc/min;;1;N
2026-07-30 06:01:36;Cabeçote;1.5 Turbo;USI103877;OK;1,36;4;cc/min;;1;N
2026-07-30 06:02:48;Water Leak;1.0;MON108854;OK;3,07;6;cc/min;;1;N
2026-07-30 06:03:02;Cabeçote;1.5 Turbo;USI103878;OK;2,90;4;cc/min;;1;N
2026-07-30 06:03:21;Cabeçote;1.5 Turbo;USI103867;OK;3,00;4;cc/min;;1;N
2026-07-30 06:04:11;Bloco;1.5 Turbo;USI101108;OK;3,37;5;cc/min;;1;N
2026-07-30 06:05:51;Water Leak;1.0;MON108849;OK;4,39;6;cc/min;;1;N
2026-07-30 06:06:23;Bloco;1.5 Turbo;USI101107;OK;2,55;5;cc/min;;1;N
2026-07-30 06:07:00;Leak Zero;1.5;MON106482;OK;1,05;3;cc/min;;1;N
2026-07-30 06:07:05;Cabeçote;1.5 Turbo;USI103860;OK;2,63;4;cc/min;;1;N
2026-07-30 06:07:05;Water Leak;1.5 Turbo;MON108856;OK;1,43;6;cc/min;;1;N
2026-07-30 06:08:06;Cabeçote;1.5;USI103879;OK;1,20;4;cc/min;;1;N
2026-07-30 06:08:37;Leak Zero;1.5;MON106495;OK;1,06;3;cc/min;;1;N
2026-07-30 06:09:52;Cabeçote;1.5 Turbo;USI103875;NOK;8,06;4;cc/min;Sede de válvula;1;N
2026-07-30 06:09:52;Leak Zero;1.5;MON106493;OK;1,15;3;cc/min;;1;N
2026-07-30 06:11:15;Water Leak;1.5 Turbo;MON108859;OK;3,12;6;cc/min;;1;N
2026-07-30 06:11:43;Cabeçote;1.0;USI103868;OK;2,33;4;cc/min;;1;N
2026-07-30 06:11:52;Cabeçote;1.0;USI103866;OK;2,65;4;cc/min;;1;N
2026-07-30 06:13:47;Cabeçote;1.5 Turbo;USI103859;OK;0,64;4;cc/min;;1;N
2026-07-30 06:14:07;Water Leak;1.0;MON108855;OK;2,59;6;cc/min;;1;N
2026-07-30 06:14:42;Water Leak;1.5 Turbo;MON108857;OK;3,04;6;cc/min;;1;N
2026-07-30 06:16:18;Water Leak;1.5 Turbo;MON108851;OK;3,04;6;cc/min;;1;N
2026-07-30 06:16:53;Bloco;1.5;USI101127;OK;3,17;5;cc/min;;1;N
2026-07-30 06:17:55;Cabeçote;1.5;USI103870;OK;2,45;4;cc/min;;1;N
2026-07-30 06:19:09;Bloco;1.5 Turbo;USI101124;OK;2,70;5;cc/min;;1;N
2026-07-30 06:19:28;Cabeçote;1.5;USI103876;OK;1,46;4;cc/min;;1;N
2026-07-30 06:20:29;Cabeçote;1.5;USI103887;OK;1,54;4;cc/min;;1;N
2026-07-30 06:20:29;Water Leak;1.5;MON108894;OK;2,31;6;cc/min;;1;N
2026-07-30 06:21:00;Leak Zero;1.0;MON106499;OK;1,68;3;cc/min;;1;N
2026-07-30 06:21:05;Cabeçote;1.5 Turbo;USI103920;OK;2,45;4;cc/min;;1;N
2026-07-30 06:22:16;Leak Zero;1.5 Turbo;MON106516;OK;1,37;3;cc/min;;1;N
2026-07-30 06:22:57;Water Leak;1.5 Turbo;MON108878;OK;1,90;6;cc/min;;1;N
2026-07-30 06:23:19;Cabeçote;1.5 Turbo;USI103889;OK;2,87;4;cc/min;;1;N
2026-07-30 06:23:19;Water Leak;1.5 Turbo;MON108896;OK;4,30;6;cc/min;;1;N
2026-07-30 06:24:17;Bloco;1.0;USI101159;OK;2,35;5;cc/min;;1;N
2026-07-30 06:24:17;Water Leak;1.0;MON108868;OK;2,82;6;cc/min;;1;N
2026-07-30 06:24:33;Bloco;1.5 Turbo;USI101145;OK;1,45;5;cc/min;;1;N
2026-07-30 06:24:52;Bloco;1.5 Turbo;USI101141;OK;1,72;5;cc/min;;1;N
2026-07-30 06:25:14;Bloco;1.5 Turbo;USI101164;OK;1,34;5;cc/min;;1;N
2026-07-30 06:25:14;Water Leak;1.5 Turbo;MON108873;OK;1,60;6;cc/min;;1;N
2026-07-30 06:25:22;Cabeçote;1.0;USI103898;OK;1,95;4;cc/min;;1;N
2026-07-30 06:25:22;Water Leak;1.0;MON108905;OK;2,93;6;cc/min;;1;N
2026-07-30 06:25:28;Cabeçote;1.0;USI103910;OK;2,78;4;cc/min;;1;N
2026-07-30 06:26:44;Cabeçote;1.5;USI103918;OK;0,81;4;cc/min;;1;N
2026-07-30 06:28:03;Bloco;1.5 Turbo;USI101144;OK;2,53;5;cc/min;;1;N
2026-07-30 06:28:46;Cabeçote;1.5;USI103912;OK;2,64;4;cc/min;;1;N
2026-07-30 06:29:23;Bloco;1.5;USI101140;OK;1,79;5;cc/min;;1;N
2026-07-30 06:29:49;Cabeçote;1.5;USI103906;OK;0,60;4;cc/min;;1;N
2026-07-30 06:30:20;Bloco;1.5 Turbo;USI101166;OK;2,45;5;cc/min;;1;N
2026-07-30 06:30:20;Water Leak;1.5 Turbo;MON108875;OK;2,94;6;cc/min;;1;N
2026-07-30 06:30:23;Bloco;1.5 Turbo;USI101146;OK;1,02;5;cc/min;;1;N
2026-07-30 06:31:11;Leak Zero;1.0;MON106527;OK;2,03;3;cc/min;;1;N
2026-07-30 06:32:12;Leak Zero;1.5;MON106498;OK;1,56;3;cc/min;;1;N
2026-07-30 06:33:49;Cabeçote;1.5 Turbo;USI103902;OK;2,43;4;cc/min;;1;N
2026-07-30 06:34:04;Leak Zero;1.0;MON106532;OK;1,89;3;cc/min;;1;N
2026-07-30 06:34:05;Cabeçote;1.5 Turbo;USI103895;OK;0,97;4;cc/min;;1;N
2026-07-30 06:34:05;Water Leak;1.5 Turbo;MON108902;OK;1,45;6;cc/min;;1;N
2026-07-30 06:34:07;Cabeçote;1.5;USI103909;OK;2,48;4;cc/min;;1;N
2026-07-30 06:34:11;Bloco;1.5 Turbo;USI101158;OK;2,03;5;cc/min;;1;N
2026-07-30 06:34:11;Water Leak;1.5 Turbo;MON108867;OK;2,44;6;cc/min;;1;N
2026-07-30 06:34:45;Bloco;1.0;USI101132;OK;2,79;5;cc/min;;1;N
2026-07-30 06:34:58;Cabeçote;1.0;USI103907;OK;2,31;4;cc/min;;1;N
2026-07-30 06:35:07;Bloco;1.5;USI101130;OK;2,69;5;cc/min;;1;N
2026-07-30 06:35:08;Bloco;1.5;USI101161;OK;2,55;5;cc/min;;1;N
2026-07-30 06:35:08;Water Leak;1.5;MON108870;OK;3,07;6;cc/min;;1;N
2026-07-30 06:35:19;Cabeçote;1.0;USI103880;OK;2,02;4;cc/min;;1;N
2026-07-30 06:35:19;Water Leak;1.0;MON108887;OK;3,04;6;cc/min;;1;N
2026-07-30 06:35:55;Bloco;1.0;USI101136;OK;3,09;5;cc/min;;1;N
2026-07-30 06:36:16;Bloco;1.5;USI101129;OK;3,60;5;cc/min;;1;N
2026-07-30 06:36:50;Leak Zero;1.0;MON106515;OK;1,25;3;cc/min;;1;N
2026-07-30 06:38:04;Leak Zero;1.5;MON106519;OK;1,69;3;cc/min;;1;N
2026-07-30 06:38:07;Cabeçote;1.5;USI103888;OK;1,16;4;cc/min;;1;N
2026-07-30 06:38:07;Water Leak;1.5;MON108895;OK;1,73;6;cc/min;;1;N
2026-07-30 06:39:39;Bloco;1.5;USI101137;OK;2,52;5;cc/min;;1;N
2026-07-30 06:39:39;Cabeçote;1.5;USI103905;OK;1,38;4;cc/min;;1;N
2026-07-30 06:39:43;Cabeçote;1.5 Turbo;USI103884;OK;2,05;4;cc/min;;1;N
2026-07-30 06:39:43;Water Leak;1.5 Turbo;MON108891;OK;3,07;6;cc/min;;1;N
2026-07-30 06:40:36;Leak Zero;1.0;MON106522;OK;1,04;3;cc/min;;1;N
2026-07-30 06:40:49;Water Leak;1.5;MON108880;OK;2,67;6;cc/min;;1;N
2026-07-30 06:41:03;Cabeçote;1.5;USI103904;OK;2,85;4;cc/min;;1;N
2026-07-30 06:42:04;Cabeçote;1.5;USI103882;OK;1,66;4;cc/min;;1;N
2026-07-30 06:42:04;Water Leak;1.5;MON108889;OK;2,49;6;cc/min;;1;N
2026-07-30 06:43:11;Water Leak;1.5 Turbo;MON108883;OK;2,91;6;cc/min;;1;N
2026-07-30 06:43:21;Bloco;1.5 Turbo;USI101149;OK;3,17;5;cc/min;;1;N
2026-07-30 06:43:37;Leak Zero;1.0;MON106531;OK;1,60;3;cc/min;;1;N
2026-07-30 06:43:42;Cabeçote;1.0;USI103916;OK;1,88;4;cc/min;;1;N
2026-07-30 06:44:05;Bloco;1.5;USI101162;OK;2,76;5;cc/min;;1;N
2026-07-30 06:44:05;Water Leak;1.5;MON108871;OK;3,32;6;cc/min;;1;N
2026-07-30 06:45:41;Bloco;1.0;USI101134;OK;1,01;5;cc/min;;1;N
2026-07-30 06:45:53;Leak Zero;1.0;MON106508;OK;0,60;3;cc/min;;1;N
2026-07-30 06:46:04;Cabeçote;1.0;USI103899;OK;0,90;4;cc/min;;1;N
2026-07-30 06:46:04;Water Leak;1.0;MON108906;OK;1,36;6;cc/min;;1;N
2026-07-30 06:46:41;Leak Zero;1.5;MON106526;OK;1,22;3;cc/min;;1;N
2026-07-30 06:47:01;Bloco;1.0;USI101143;OK;1,49;5;cc/min;;1;N
2026-07-30 06:47:19;Bloco;1.0;USI101133;OK;2,45;5;cc/min;;1;N
2026-07-30 06:48:14;Bloco;1.5;USI101153;OK;2,52;5;cc/min;;1;N
2026-07-30 06:48:32;Leak Zero;1.5 Turbo;MON106521;OK;1,89;3;cc/min;;1;N
2026-07-30 06:49:25;Leak Zero;1.5 Turbo;MON106500;OK;2,06;3;cc/min;;1;N
2026-07-30 06:49:38;Leak Zero;1.5 Turbo;MON106517;OK;1,73;3;cc/min;;1;N
2026-07-30 06:50:41;Leak Zero;1.5 Turbo;MON106518;OK;2,23;3;cc/min;;1;N
2026-07-30 06:50:59;Cabeçote;1.5;USI103881;OK;2,25;4;cc/min;;1;N
2026-07-30 06:50:59;Water Leak;1.5;MON108888;OK;3,38;6;cc/min;;1;N
2026-07-30 06:51:00;Water Leak;1.5 Turbo;MON108882;OK;1,97;6;cc/min;;1;N
2026-07-30 06:53:06;Water Leak;1.5;MON108879;OK;1,03;6;cc/min;;1;N
2026-07-30 06:53:11;Leak Zero;1.5;MON106503;OK;0,57;3;cc/min;;1;N
2026-07-30 06:53:35;Leak Zero;1.0;MON106520;OK;1,74;3;cc/min;;1;N
2026-07-30 06:54:13;Cabeçote;1.5 Turbo;USI103903;OK;1,85;4;cc/min;;1;N
2026-07-30 06:54:13;Cabeçote;1.5;USI103897;OK;1,23;4;cc/min;;1;N
2026-07-30 06:54:13;Leak Zero;1.0;MON106512;OK;1,51;3;cc/min;;1;N
2026-07-30 06:54:13;Water Leak;1.5;MON108904;OK;1,85;6;cc/min;;1;N
2026-07-30 06:54:51;Cabeçote;1.0;USI103914;OK;1,37;4;cc/min;;1;N
2026-07-30 06:54:55;Water Leak;1.0;MON108886;OK;3,33;6;cc/min;;1;N
2026-07-30 06:55:27;Bloco;1.5 Turbo;USI101163;OK;0,90;5;cc/min;;1;N
2026-07-30 06:55:27;Water Leak;1.5 Turbo;MON108872;OK;1,08;6;cc/min;;1;N
2026-07-30 06:55:28;Cabeçote;1.5 Turbo;USI103901;OK;1,30;4;cc/min;;1;N
2026-07-30 06:55:32;Cabeçote;1.0;USI103917;OK;2,55;4;cc/min;;1;N
2026-07-30 06:55:43;Cabeçote;1.5;USI103908;OK;2,76;4;cc/min;;1;N
2026-07-30 06:55:46;Leak Zero;1.5 Turbo;MON106524;OK;1,28;3;cc/min;;1;N
2026-07-30 06:56:19;Leak Zero;1.5 Turbo;MON106528;OK;0,58;3;cc/min;;1;N
2026-07-30 06:56:20;Cabeçote;1.5 Turbo;USI103915;OK;1,69;4;cc/min;;1;N
2026-07-30 06:57:07;Bloco;1.5 Turbo;USI101154;OK;1,08;5;cc/min;;1;N
2026-07-30 06:57:30;Cabeçote;1.5;USI103892;OK;2,15;4;cc/min;;1;N
2026-07-30 06:57:30;Water Leak;1.5;MON108899;OK;3,22;6;cc/min;;1;N
2026-07-30 06:58:32;Water Leak;1.5;MON108877;OK;3,54;6;cc/min;;1;N
2026-07-30 06:59:03;Cabeçote;1.5 Turbo;USI103894;OK;2,06;4;cc/min;;1;N
2026-07-30 06:59:03;Water Leak;1.5 Turbo;MON108901;OK;3,08;6;cc/min;;1;N
2026-07-30 06:59:29;Leak Zero;1.5 Turbo;MON106529;OK;2,02;3;cc/min;;1;N
2026-07-30 06:59:35;Cabeçote;1.5 Turbo;USI103886;OK;2,96;4;cc/min;;1;N
2026-07-30 06:59:35;Water Leak;1.5 Turbo;MON108893;OK;4,44;6;cc/min;;1;N
2026-07-30 07:00:37;Leak Zero;1.0;MON106523;OK;0,93;3;cc/min;;1;N
2026-07-30 07:00:58;Cabeçote;1.0;USI103896;OK;1,10;4;cc/min;;1;N
2026-07-30 07:00:58;Water Leak;1.0;MON108903;OK;1,65;6;cc/min;;1;N
2026-07-30 07:01:15;Bloco;1.0;USI101155;OK;3,50;5;cc/min;;1;N
2026-07-30 07:01:15;Water Leak;1.0;MON108864;OK;4,19;6;cc/min;;1;N
2026-07-30 07:01:31;Leak Zero;1.5 Turbo;MON106525;OK;1,53;3;cc/min;;1;N
2026-07-30 07:02:26;Cabeçote;1.5 Turbo;USI103890;OK;1,23;4;cc/min;;1;N
2026-07-30 07:02:26;Cabeçote;1.5 Turbo;USI103891;OK;0,84;4;cc/min;;1;N
2026-07-30 07:02:26;Leak Zero;1.5;MON106506;OK;1,17;3;cc/min;;1;N
2026-07-30 07:02:26;Water Leak;1.5 Turbo;MON108897;OK;1,84;6;cc/min;;1;N
2026-07-30 07:02:26;Water Leak;1.5 Turbo;MON108898;OK;1,26;6;cc/min;;1;N
2026-07-30 07:02:57;Water Leak;1.5 Turbo;MON108884;OK;2,60;6;cc/min;;1;N
2026-07-30 07:03:01;Bloco;1.0;USI101151;OK;2,56;5;cc/min;;1;N
2026-07-30 07:03:25;Leak Zero;1.5;MON106511;OK;1,82;3;cc/min;;1;N
2026-07-30 07:03:41;Bloco;1.5;USI101152;OK;1,93;5;cc/min;;1;N
2026-07-30 07:03:56;Water Leak;1.5 Turbo;MON108885;OK;2,13;6;cc/min;;1;N
2026-07-30 07:04:09;Bloco;1.0;USI101138;OK;1,43;5;cc/min;;1;N
2026-07-30 07:04:11;Leak Zero;1.5 Turbo;MON106514;OK;2,02;3;cc/min;;1;N
2026-07-30 07:04:50;Bloco;1.5 Turbo;USI101147;OK;3,23;5;cc/min;;1;N
2026-07-30 07:04:54;Bloco;1.5 Turbo;USI101139;OK;2,45;5;cc/min;;1;N
2026-07-30 07:06:23;Leak Zero;1.5 Turbo;MON106513;OK;1,53;3;cc/min;;1;N
2026-07-30 07:07:00;Cabeçote;1.5;USI103900;OK;1,40;4;cc/min;;1;N
2026-07-30 07:07:05;Bloco;1.5 Turbo;USI101157;OK;3,29;5;cc/min;;1;N
2026-07-30 07:07:05;Water Leak;1.5 Turbo;MON108866;OK;3,95;6;cc/min;;1;N
2026-07-30 07:08:12;Bloco;1.5;USI101150;OK;2,48;5;cc/min;;1;N
2026-07-30 07:08:37;Cabeçote;1.5;USI103913;OK;1,41;4;cc/min;;1;N
2026-07-30 07:09:04;Cabeçote;1.0;USI103885;OK;2,17;4;cc/min;;1;N
2026-07-30 07:09:04;Water Leak;1.0;MON108892;OK;3,26;6;cc/min;;1;N
2026-07-30 07:09:27;Bloco;1.5;USI101135;OK;2,04;5;cc/min;;1;N
2026-07-30 07:09:52;Cabeçote;1.5;USI103911;OK;1,54;4;cc/min;;1;N
2026-07-30 07:09:52;Water Leak;1.5 Turbo;MON108881;OK;2,73;6;cc/min;;1;N
2026-07-30 07:10:09;Leak Zero;1.0;MON106501;OK;1,86;3;cc/min;;1;N
2026-07-30 07:10:32;Cabeçote;1.5;USI103883;OK;1,04;4;cc/min;;1;N
2026-07-30 07:10:32;Water Leak;1.5;MON108890;OK;1,56;6;cc/min;;1;N
2026-07-30 07:11:27;Leak Zero;1.0;MON106509;OK;2,09;3;cc/min;;1;N
2026-07-30 07:11:38;Leak Zero;1.5;MON106505;OK;0,90;3;cc/min;;1;N
2026-07-30 07:12:56;Leak Zero;1.5 Turbo;MON106502;OK;0,87;3;cc/min;;1;N
2026-07-30 07:13:08;Bloco;1.5;USI101160;OK;2,52;5;cc/min;;1;N
2026-07-30 07:13:08;Water Leak;1.5;MON108869;OK;3,02;6;cc/min;;1;N
2026-07-30 07:13:15;Bloco;1.0;USI101142;OK;1,23;5;cc/min;;1;N
2026-07-30 07:13:47;Bloco;1.5 Turbo;USI101156;OK;0,80;5;cc/min;;1;N
2026-07-30 07:13:47;Water Leak;1.5 Turbo;MON108865;OK;0,95;6;cc/min;;1;N
2026-07-30 07:14:44;Bloco;1.5 Turbo;USI101165;NOK;12,05;5;cc/min;Galeria de água;1;N
2026-07-30 07:14:44;Water Leak;1.5 Turbo;MON108874;NOK;14,45;6;cc/min;Bomba d'água;1;N
2026-07-30 07:14:59;Bloco;1.5;USI101131;OK;1,45;5;cc/min;;1;N
2026-07-30 07:15:05;Cabeçote;1.5 Turbo;USI103919;OK;2,52;4;cc/min;;1;N
2026-07-30 07:15:23;Bloco;1.5;USI101148;OK;1,18;5;cc/min;;1;N
2026-07-30 07:15:45;Leak Zero;1.5 Turbo;MON106507;OK;1,51;3;cc/min;;1;N
2026-07-30 07:16:53;Leak Zero;1.5;MON106533;OK;1,90;3;cc/min;;1;N
2026-07-30 07:17:07;Cabeçote;1.5 Turbo;USI103893;OK;1,46;4;cc/min;;1;N
2026-07-30 07:17:07;Water Leak;1.5 Turbo;MON108900;OK;2,18;6;cc/min;;1;N
2026-07-30 07:17:55;Bloco;1.5;USI101167;OK;3,06;5;cc/min;;1;N
2026-07-30 07:17:55;Water Leak;1.5;MON108876;OK;3,67;6;cc/min;;1;N
2026-07-30 07:18:06;Leak Zero;1.5;MON106504;OK;2,04;3;cc/min;;1;N
2026-07-30 07:19:09;Leak Zero;1.5 Turbo;MON106530;OK;1,62;3;cc/min;;1;N
2026-07-30 07:20:07;Leak Zero;1.5 Turbo;MON106510;OK;0,49;3;cc/min;;1;N
2026-07-30 07:21:00;Water Leak;1.0;MON108924;OK;3,37;6;cc/min;;1;N
2026-07-30 07:21:50;Water Leak;1.5;MON108921;OK;3,51;6;cc/min;;1;N
2026-07-30 07:22:16;Water Leak;1.5 Turbo;MON108941;OK;2,73;6;cc/min;;1;N
2026-07-30 07:23:24;Bloco;1.5 Turbo;USI101186;OK;2,86;5;cc/min;;1;N
2026-07-30 07:23:24;Cabeçote;1.5 Turbo;USI103949;OK;2,29;4;cc/min;;1;N
2026-07-30 07:24:17;Leak Zero;1.0;MON106565;OK;1,41;3;cc/min;;1;N
2026-07-30 07:24:28;Bloco;1.5;USI101183;OK;3,44;5;cc/min;;1;N
2026-07-30 07:24:28;Cabeçote;1.5;USI103946;OK;2,75;4;cc/min;;1;N
2026-07-30 07:24:33;Bloco;1.5 Turbo;USI101205;OK;1,45;5;cc/min;;1;N
2026-07-30 07:24:33;Leak Zero;1.5 Turbo;MON106551;OK;0,87;3;cc/min;;1;N
2026-07-30 07:24:36;Water Leak;1.5;MON108914;OK;1,16;6;cc/min;;1;N
2026-07-30 07:24:52;Bloco;1.5 Turbo;USI101201;OK;1,72;5;cc/min;;1;N
2026-07-30 07:24:52;Leak Zero;1.5 Turbo;MON106547;OK;1,03;3;cc/min;;1;N
2026-07-30 07:25:22;Cabeçote;1.0;USI103957;OK;1,95;4;cc/min;;1;N
2026-07-30 07:25:28;Cabeçote;1.0;USI103969;OK;2,78;4;cc/min;;1;N
2026-07-30 07:28:03;Bloco;1.5 Turbo;USI101204;OK;2,53;5;cc/min;;1;N
2026-07-30 07:28:03;Leak Zero;1.5 Turbo;MON106550;OK;1,52;3;cc/min;;1;N
2026-07-30 07:28:56;Water Leak;1.5 Turbo;MON108917;OK;4,21;6;cc/min;;1;N
2026-07-30 07:29:23;Bloco;1.5;USI101200;OK;1,79;5;cc/min;;1;N
2026-07-30 07:29:23;Leak Zero;1.5;MON106546;OK;1,08;3;cc/min;;1;N
2026-07-30 07:29:49;Cabeçote;1.5;USI103965;OK;0,60;4;cc/min;;1;N
2026-07-30 07:30:23;Bloco;1.5 Turbo;USI101206;OK;1,02;5;cc/min;;1;N
2026-07-30 07:30:23;Leak Zero;1.5 Turbo;MON106552;OK;0,61;3;cc/min;;1;N
2026-07-30 07:32:12;Water Leak;1.5;MON108923;OK;3,12;6;cc/min;;1;N
2026-07-30 07:33:49;Cabeçote;1.5 Turbo;USI103961;OK;2,43;4;cc/min;;1;N
2026-07-30 07:34:07;Cabeçote;1.5;USI103968;OK;2,48;4;cc/min;;1;N
2026-07-30 07:34:11;Leak Zero;1.5 Turbo;MON106564;OK;1,22;3;cc/min;;1;N
2026-07-30 07:34:45;Bloco;1.0;USI101192;OK;2,79;5;cc/min;;1;N
2026-07-30 07:34:45;Cabeçote;1.0;USI103955;NOK;9,30;4;cc/min;Sede de válvula;1;N
2026-07-30 07:34:45;Leak Zero;1.0;MON106538;OK;1,67;3;cc/min;;1;N
2026-07-30 07:34:58;Cabeçote;1.0;USI103966;OK;2,31;4;cc/min;;1;N
2026-07-30 07:35:07;Bloco;1.5;USI101190;OK;2,69;5;cc/min;;1;N
2026-07-30 07:35:07;Cabeçote;1.5;USI103953;OK;2,16;4;cc/min;;1;N
2026-07-30 07:35:07;Leak Zero;1.5;MON106536;OK;1,62;3;cc/min;;1;N
2026-07-30 07:35:08;Leak Zero;1.5;MON106567;OK;1,53;3;cc/min;;1;N
2026-07-30 07:35:23;Bloco;1.0;USI101185;OK;0,91;5;cc/min;;1;N
2026-07-30 07:35:23;Cabeçote;1.0;USI103948;OK;0,73;4;cc/min;;1;N
2026-07-30 07:35:55;Bloco;1.0;USI101196;OK;3,09;5;cc/min;;1;N
2026-07-30 07:35:55;Leak Zero;1.0;MON106542;OK;1,86;3;cc/min;;1;N
2026-07-30 07:36:15;Bloco;1.5;USI101178;OK;3,52;5;cc/min;;1;N
2026-07-30 07:36:15;Cabeçote;1.5;USI103941;OK;2,82;4;cc/min;;1;N
2026-07-30 07:36:16;Bloco;1.5;USI101189;OK;3,60;5;cc/min;;1;N
2026-07-30 07:36:16;Cabeçote;1.5;USI103952;OK;2,88;4;cc/min;;1;N
2026-07-30 07:36:16;Leak Zero;1.5;MON106535;OK;2,16;3;cc/min;;1;N
2026-07-30 07:36:50;Water Leak;1.0;MON108940;OK;2,51;6;cc/min;;1;N
2026-07-30 07:38:04;Water Leak;1.5;MON108944;OK;3,39;6;cc/min;;1;N
2026-07-30 07:39:39;Bloco;1.5;USI101197;OK;2,52;5;cc/min;;1;N
2026-07-30 07:39:39;Cabeçote;1.5;USI103964;OK;1,38;4;cc/min;;1;N
2026-07-30 07:39:39;Leak Zero;1.5;MON106543;OK;1,51;3;cc/min;;1;N
2026-07-30 07:39:41;Bloco;1.0;USI101177;OK;1,14;5;cc/min;;1;N
2026-07-30 07:39:41;Cabeçote;1.0;USI103940;OK;0,91;4;cc/min;;1;N
2026-07-30 07:40:36;Water Leak;1.0;MON108947;OK;2,07;6;cc/min;;1;N
2026-07-30 07:41:03;Cabeçote;1.5;USI103963;OK;2,85;4;cc/min;;1;N
2026-07-30 07:43:21;Bloco;1.5 Turbo;USI101209;OK;3,17;5;cc/min;;1;N
2026-07-30 07:43:21;Leak Zero;1.5 Turbo;MON106555;OK;1,90;3;cc/min;;1;N
2026-07-30 07:45:25;Water Leak;1.0;MON108913;OK;1,37;6;cc/min;;1;N
2026-07-30 07:45:41;Bloco;1.0;USI101181;OK;1,53;5;cc/min;;1;N
2026-07-30 07:45:41;Bloco;1.0;USI101194;OK;1,01;5;cc/min;;1;N
2026-07-30 07:45:41;Cabeçote;1.0;USI103944;OK;1,23;4;cc/min;;1;N
2026-07-30 07:45:41;Leak Zero;1.0;MON106540;OK;0,61;3;cc/min;;1;N
2026-07-30 07:45:53;Cabeçote;1.0;USI103926;OK;0,80;4;cc/min;;1;N
2026-07-30 07:45:53;Water Leak;1.0;MON108933;OK;1,20;6;cc/min;;1;N
2026-07-30 07:46:04;Cabeçote;1.0;USI103958;OK;0,90;4;cc/min;;1;N
2026-07-30 07:46:58;Bloco;1.5;USI101170;OK;2,87;5;cc/min;;1;N
2026-07-30 07:46:58;Cabeçote;1.5;USI103933;OK;2,30;4;cc/min;;1;N
2026-07-30 07:47:01;Bloco;1.0;USI101203;OK;1,49;5;cc/min;;1;N
2026-07-30 07:47:01;Leak Zero;1.0;MON106549;OK;0,89;3;cc/min;;1;N
2026-07-30 07:47:19;Bloco;1.0;USI101193;OK;2,45;5;cc/min;;1;N
2026-07-30 07:47:19;Leak Zero;1.0;MON106539;OK;1,47;3;cc/min;;1;N
2026-07-30 07:47:56;Bloco;1.5;USI101179;OK;3,46;5;cc/min;;1;N
2026-07-30 07:47:56;Cabeçote;1.5;USI103942;OK;2,76;4;cc/min;;1;N
2026-07-30 07:48:14;Bloco;1.5;USI101213;OK;2,52;5;cc/min;;1;N
2026-07-30 07:48:14;Leak Zero;1.5;MON106559;OK;1,51;3;cc/min;;1;N
2026-07-30 07:48:20;Water Leak;1.0;MON108916;OK;3,58;6;cc/min;;1;N
2026-07-30 07:48:32;Water Leak;1.5 Turbo;MON108946;OK;3,78;6;cc/min;;1;N
2026-07-30 07:49:25;Water Leak;1.5 Turbo;MON108925;OK;4,12;6;cc/min;;1;N
2026-07-30 07:49:31;Bloco;1.0;USI101188;OK;2,62;5;cc/min;;1;N
2026-07-30 07:49:31;Cabeçote;1.0;USI103951;OK;2,09;4;cc/min;;1;N
2026-07-30 07:49:31;Leak Zero;1.0;MON106534;OK;1,57;3;cc/min;;1;N
2026-07-30 07:49:35;Water Leak;1.5;MON108907;OK;3,54;6;cc/min;;1;N
2026-07-30 07:49:38;Water Leak;1.5 Turbo;MON108942;OK;3,46;6;cc/min;;1;N
2026-07-30 07:50:41;Water Leak;1.5 Turbo;MON108943;OK;4,46;6;cc/min;;1;N
2026-07-30 07:50:45;Bloco;1.5 Turbo;USI101171;OK;3,63;5;cc/min;;1;N
2026-07-30 07:50:45;Cabeçote;1.5 Turbo;USI103934;OK;2,91;4;cc/min;;1;N
2026-07-30 07:53:11;Cabeçote;1.5;USI103921;OK;0,76;4;cc/min;;1;N
2026-07-30 07:53:11;Water Leak;1.5;MON108928;OK;1,15;6;cc/min;;1;N
2026-07-30 07:53:35;Water Leak;1.0;MON108945;OK;3,47;6;cc/min;;1;N
2026-07-30 07:54:13;Cabeçote;1.0;USI103930;NOK;8,64;4;cc/min;Guia de válvula;1;N
2026-07-30 07:54:13;Cabeçote;1.5 Turbo;USI103962;OK;1,85;4;cc/min;;1;N
2026-07-30 07:54:13;Cabeçote;1.5;USI103956;OK;1,23;4;cc/min;;1;N
2026-07-30 07:54:13;Water Leak;1.0;MON108937;OK;3,02;6;cc/min;;1;N
2026-07-30 07:55:28;Cabeçote;1.5 Turbo;USI103960;OK;1,30;4;cc/min;;1;N
2026-07-30 07:55:43;Bloco;1.0;USI101187;OK;2,86;5;cc/min;;1;N
2026-07-30 07:55:43;Cabeçote;1.0;USI103950;OK;2,29;4;cc/min;;1;N
2026-07-30 07:55:43;Cabeçote;1.5;USI103967;OK;2,76;4;cc/min;;1;N
2026-07-30 07:55:47;Water Leak;1.0;MON108912;OK;2,51;6;cc/min;;1;N
2026-07-30 07:55:47;Water Leak;1.0;MON108918;OK;2,29;6;cc/min;;1;N
2026-07-30 07:55:47;Water Leak;1.5 Turbo;MON108919;OK;3,78;6;cc/min;;1;N
2026-07-30 07:55:51;Water Leak;1.0;MON108911;OK;4,08;6;cc/min;;1;N
2026-07-30 07:56:07;Bloco;1.5 Turbo;USI101180;OK;2,34;5;cc/min;;1;N
2026-07-30 07:56:07;Cabeçote;1.5 Turbo;USI103943;OK;1,87;4;cc/min;;1;N
2026-07-30 07:56:12;Bloco;1.0;USI101168;OK;3,45;5;cc/min;;1;N
2026-07-30 07:56:12;Cabeçote;1.0;USI103931;OK;2,76;4;cc/min;;1;N
2026-07-30 07:56:19;Water Leak;1.0;MON108915;OK;1,51;6;cc/min;;1;N
2026-07-30 07:56:45;Cabeçote;1.0;USI103955;OK;2,00;4;cc/min;;1;S
2026-07-30 07:57:07;Bloco;1.5 Turbo;USI101214;OK;1,08;5;cc/min;;1;N
2026-07-30 07:57:07;Leak Zero;1.5 Turbo;MON106560;OK;0,65;3;cc/min;;1;N
2026-07-30 07:57:10;Water Leak;1.5;MON108920;OK;3,47;6;cc/min;;1;N
2026-07-30 08:00:37;Water Leak;1.0;MON108948;OK;1,87;6;cc/min;;1;N
2026-07-30 08:01:15;Bloco;1.0;USI101215;OK;3,50;5;cc/min;;1;N
2026-07-30 08:01:15;Leak Zero;1.0;MON106561;OK;2,10;3;cc/min;;1;N
2026-07-30 08:01:36;Bloco;1.5 Turbo;USI101174;OK;1,70;5;cc/min;;1;N
2026-07-30 08:01:36;Cabeçote;1.5 Turbo;USI103937;OK;1,36;4;cc/min;;1;N
2026-07-30 08:02:26;Cabeçote;1.5;USI103924;OK;1,56;4;cc/min;;1;N
2026-07-30 08:02:26;Water Leak;1.5;MON108931;OK;2,33;6;cc/min;;1;N
2026-07-30 08:02:54;Bloco;1.5;USI101172;OK;2,96;5;cc/min;;1;N
2026-07-30 08:02:54;Cabeçote;1.5;USI103935;OK;2,37;4;cc/min;;1;N
2026-07-30 08:03:01;Bloco;1.0;USI101211;OK;2,56;5;cc/min;;1;N
2026-07-30 08:03:01;Leak Zero;1.0;MON106557;OK;1,54;3;cc/min;;1;N
2026-07-30 08:03:02;Bloco;1.5 Turbo;USI101175;OK;3,62;5;cc/min;;1;N
2026-07-30 08:03:02;Cabeçote;1.5 Turbo;USI103938;OK;2,90;4;cc/min;;1;N
2026-07-30 08:03:25;Cabeçote;1.5;USI103929;OK;2,43;4;cc/min;;1;N
2026-07-30 08:03:25;Water Leak;1.5;MON108936;OK;3,64;6;cc/min;;1;N
2026-07-30 08:03:41;Bloco;1.5;USI101212;OK;1,93;5;cc/min;;1;N
2026-07-30 08:03:41;Leak Zero;1.5;MON106558;OK;1,16;3;cc/min;;1;N
2026-07-30 08:04:09;Bloco;1.0;USI101198;OK;1,43;5;cc/min;;1;N
2026-07-30 08:04:09;Leak Zero;1.0;MON106544;OK;0,86;3;cc/min;;1;N
2026-07-30 08:04:11;Water Leak;1.5 Turbo;MON108939;OK;4,05;6;cc/min;;1;N
2026-07-30 08:04:27;Water Leak;1.5;MON108922;OK;2,58;6;cc/min;;1;N
2026-07-30 08:04:50;Bloco;1.5 Turbo;USI101207;OK;3,23;5;cc/min;;1;N
2026-07-30 08:04:50;Leak Zero;1.5 Turbo;MON106553;OK;1,94;3;cc/min;;1;N
2026-07-30 08:04:54;Bloco;1.5 Turbo;USI101199;OK;2,45;5;cc/min;;1;N
2026-07-30 08:04:54;Leak Zero;1.5 Turbo;MON106545;OK;1,47;3;cc/min;;1;N
2026-07-30 08:06:23;Water Leak;1.5 Turbo;MON108938;OK;3,06;6;cc/min;;1;N
2026-07-30 08:07:00;Cabeçote;1.5;USI103959;OK;1,40;4;cc/min;;1;N
2026-07-30 08:07:05;Leak Zero;1.5 Turbo;MON106563;OK;1,97;3;cc/min;;1;N
2026-07-30 08:08:06;Bloco;1.5;USI101176;OK;1,50;5;cc/min;;1;N
2026-07-30 08:08:06;Cabeçote;1.5;USI103939;OK;1,20;4;cc/min;;1;N
2026-07-30 08:08:12;Bloco;1.5;USI101210;OK;2,48;5;cc/min;;1;N
2026-07-30 08:08:12;Leak Zero;1.5;MON106556;OK;1,49;3;cc/min;;1;N
2026-07-30 08:09:27;Bloco;1.5;USI101195;OK;2,04;5;cc/min;;1;N
2026-07-30 08:09:27;Leak Zero;1.5;MON106541;OK;1,23;3;cc/min;;1;N
2026-07-30 08:09:52;Cabeçote;1.5;USI103970;OK;1,54;4;cc/min;;1;N
2026-07-30 08:10:09;Water Leak;1.0;MON108926;OK;3,71;6;cc/min;;1;N
2026-07-30 08:11:10;Water Leak;1.0;MON108908;OK;3,58;6;cc/min;;1;N
2026-07-30 08:11:27;Cabeçote;1.0;USI103927;OK;2,78;4;cc/min;;1;N
2026-07-30 08:11:27;Water Leak;1.0;MON108934;OK;4,17;6;cc/min;;1;N
2026-07-30 08:11:38;Cabeçote;1.5;USI103923;OK;1,20;4;cc/min;;1;N
2026-07-30 08:11:38;Water Leak;1.5;MON108930;OK;1,80;6;cc/min;;1;N
2026-07-30 08:12:24;Bloco;1.0;USI101184;NOK;14,21;5;cc/min;Face de fogo;1;N
2026-07-30 08:12:24;Cabeçote;1.0;USI103947;NOK;11,37;4;cc/min;Guia de válvula;1;N
2026-07-30 08:12:36;Bloco;1.5;USI101169;OK;1,39;5;cc/min;;1;N
2026-07-30 08:12:36;Cabeçote;1.5;USI103932;OK;1,11;4;cc/min;;1;N
2026-07-30 08:12:56;Water Leak;1.5 Turbo;MON108927;OK;1,74;6;cc/min;;1;N
2026-07-30 08:12:59;Bloco;1.5 Turbo;USI101182;OK;3,49;5;cc/min;;1;N
2026-07-30 08:12:59;Cabeçote;1.5 Turbo;USI103945;OK;2,79;4;cc/min;;1;N
2026-07-30 08:13:08;Leak Zero;1.5;MON106566;OK;1,51;3;cc/min;;1;N
2026-07-30 08:13:15;Bloco;1.0;USI101202;OK;1,23;5;cc/min;;1;N
2026-07-30 08:13:15;Leak Zero;1.0;MON106548;OK;0,74;3;cc/min;;1;N
2026-07-30 08:13:47;Bloco;1.5 Turbo;USI101216;OK;0,80;5;cc/min;;1;N
2026-07-30 08:13:47;Leak Zero;1.5 Turbo;MON106562;OK;0,48;3;cc/min;;1;N
2026-07-30 08:14:42;Water Leak;1.5;MON108909;OK;1,45;6;cc/min;;1;N
2026-07-30 08:14:59;Bloco;1.5;USI101191;OK;1,45;5;cc/min;;1;N
2026-07-30 08:14:59;Cabeçote;1.5;USI103954;OK;1,16;4;cc/min;;1;N
2026-07-30 08:14:59;Leak Zero;1.5;MON106537;OK;0,87;3;cc/min;;1;N
2026-07-30 08:15:23;Bloco;1.5;USI101208;OK;1,18;5;cc/min;;1;N
2026-07-30 08:15:23;Leak Zero;1.5;MON106554;OK;0,71;3;cc/min;;1;N
2026-07-30 08:15:45;Cabeçote;1.5 Turbo;USI103925;OK;2,01;4;cc/min;;1;N
2026-07-30 08:15:45;Water Leak;1.5 Turbo;MON108932;OK;3,02;6;cc/min;;1;N
2026-07-30 08:16:13;Cabeçote;1.0;USI103930;OK;2,00;4;cc/min;;1;S
2026-07-30 08:18:06;Cabeçote;1.5;USI103922;OK;2,72;4;cc/min;;1;N
2026-07-30 08:18:06;Water Leak;1.5;MON108929;OK;4,08;6;cc/min;;1;N
2026-07-30 08:18:16;Water Leak;1.5;MON108910;OK;1,18;6;cc/min;;1;N
2026-07-30 08:19:28;Bloco;1.5;USI101173;OK;1,82;5;cc/min;;1;N
2026-07-30 08:19:28;Cabeçote;1.5;USI103936;OK;1,46;4;cc/min;;1;N
2026-07-30 08:20:07;Cabeçote;1.5 Turbo;USI103928;OK;0,66;4;cc/min;;1;N
2026-07-30 08:20:07;Water Leak;1.5 Turbo;MON108935;OK;0,99;6;cc/min;;1;N
2026-07-30 08:20:29;Bloco;1.5;USI101245;OK;1,92;5;cc/min;;1;N
2026-07-30 08:20:29;Leak Zero;1.5;MON106591;OK;1,15;3;cc/min;;1;N
2026-07-30 08:21:00;Cabeçote;1.0;USI103976;OK;2,24;4;cc/min;;1;N
2026-07-30 08:21:50;Cabeçote;1.5;USI103973;OK;2,34;4;cc/min;;1;N
2026-07-30 08:22:57;Bloco;1.5 Turbo;USI101229;OK;1,58;5;cc/min;;1;N
2026-07-30 08:22:57;Leak Zero;1.5 Turbo;MON106575;OK;0,95;3;cc/min;;1;N
2026-07-30 08:23:19;Bloco;1.5 Turbo;USI101247;OK;3,59;5;cc/min;;1;N
2026-07-30 08:23:19;Leak Zero;1.5 Turbo;MON106593;OK;2,15;3;cc/min;;1;N
2026-07-30 08:23:24;Cabeçote;1.5 Turbo;USI104008;OK;2,29;4;cc/min;;1;N
2026-07-30 08:23:24;Water Leak;1.5 Turbo;MON108957;OK;3,44;6;cc/min;;1;N
2026-07-30 08:24:28;Cabeçote;1.5;USI104005;OK;2,75;4;cc/min;;1;N
2026-07-30 08:24:33;Water Leak;1.5 Turbo;MON108976;OK;1,74;6;cc/min;;1;N
2026-07-30 08:24:52;Water Leak;1.5 Turbo;MON108972;OK;2,07;6;cc/min;;1;N
2026-07-30 08:25:22;Bloco;1.0;USI101256;OK;2,44;5;cc/min;;1;N
2026-07-30 08:25:22;Leak Zero;1.0;MON106602;OK;1,46;3;cc/min;;1;N
2026-07-30 08:28:03;Water Leak;1.5 Turbo;MON108975;OK;3,03;6;cc/min;;1;N
2026-07-30 08:29:23;Water Leak;1.5;MON108971;OK;2,15;6;cc/min;;1;N
2026-07-30 08:29:49;Bloco;1.5;USI101264;OK;0,75;5;cc/min;;1;N
2026-07-30 08:30:20;Bloco;1.5 Turbo;USI101226;OK;2,45;5;cc/min;;1;N
2026-07-30 08:30:20;Leak Zero;1.5 Turbo;MON106572;OK;1,47;3;cc/min;;1;N
2026-07-30 08:30:23;Water Leak;1.5 Turbo;MON108977;OK;1,22;6;cc/min;;1;N
2026-07-30 08:31:39;Bloco;1.5 Turbo;USI101219;OK;3,32;5;cc/min;;1;N
2026-07-30 08:32:12;Cabeçote;1.5;USI103975;OK;2,08;4;cc/min;;1;N
2026-07-30 08:33:49;Bloco;1.5 Turbo;USI101260;OK;3,03;5;cc/min;;1;N
2026-07-30 08:34:05;Bloco;1.5 Turbo;USI101253;OK;1,21;5;cc/min;;1;N
2026-07-30 08:34:05;Leak Zero;1.5 Turbo;MON106599;OK;0,72;3;cc/min;;1;N
2026-07-30 08:34:07;Bloco;1.5;USI101267;OK;3,10;5;cc/min;;1;N
2026-07-30 08:34:24;Bloco;1.0;USI101184;OK;2,50;5;cc/min;;1;S
2026-07-30 08:34:24;Cabeçote;1.0;USI103947;OK;2,00;4;cc/min;;1;S
2026-07-30 08:34:45;Water Leak;1.0;MON108963;OK;3,35;6;cc/min;;1;N
2026-07-30 08:34:58;Bloco;1.0;USI101265;OK;2,88;5;cc/min;;1;N
2026-07-30 08:35:07;Water Leak;1.5;MON108961;OK;3,23;6;cc/min;;1;N
2026-07-30 08:35:19;Bloco;1.0;USI101238;OK;2,53;5;cc/min;;1;N
2026-07-30 08:35:19;Leak Zero;1.0;MON106584;OK;1,52;3;cc/min;;1;N
2026-07-30 08:35:23;Cabeçote;1.0;USI104007;OK;0,73;4;cc/min;;1;N
2026-07-30 08:35:23;Water Leak;1.0;MON108956;OK;1,09;6;cc/min;;1;N
2026-07-30 08:35:51;Water Leak;1.5;MON108952;OK;3,83;6;cc/min;;1;N
2026-07-30 08:35:55;Water Leak;1.0;MON108967;OK;3,71;6;cc/min;;1;N
2026-07-30 08:36:15;Cabeçote;1.5;USI104000;OK;2,82;4;cc/min;;1;N
2026-07-30 08:36:16;Water Leak;1.5;MON108960;OK;4,32;6;cc/min;;1;N
2026-07-30 08:38:07;Bloco;1.5;USI101246;OK;1,45;5;cc/min;;1;N
2026-07-30 08:38:07;Leak Zero;1.5;MON106592;OK;0,87;3;cc/min;;1;N
2026-07-30 08:39:39;Bloco;1.5;USI101263;OK;1,73;5;cc/min;;1;N
2026-07-30 08:39:39;Water Leak;1.5;MON108968;OK;3,02;6;cc/min;;1;N
2026-07-30 08:39:41;Cabeçote;1.0;USI103999;OK;0,91;4;cc/min;;1;N
2026-07-30 08:39:43;Bloco;1.5 Turbo;USI101242;OK;2,56;5;cc/min;;1;N
2026-07-30 08:39:43;Leak Zero;1.5 Turbo;MON106588;OK;1,53;3;cc/min;;1;N
2026-07-30 08:40:49;Bloco;1.5;USI101231;OK;2,22;5;cc/min;;1;N
2026-07-30 08:40:49;Leak Zero;1.5;MON106577;OK;1,33;3;cc/min;;1;N
2026-07-30 08:41:03;Bloco;1.5;USI101262;OK;3,56;5;cc/min;;1;N
2026-07-30 08:42:04;Bloco;1.5;USI101240;OK;2,08;5;cc/min;;1;N
2026-07-30 08:42:04;Leak Zero;1.5;MON106586;OK;1,25;3;cc/min;;1;N
2026-07-30 08:42:45;Bloco;1.0;USI101220;OK;2,86;5;cc/min;;1;N
2026-07-30 08:43:11;Bloco;1.5 Turbo;USI101234;OK;2,42;5;cc/min;;1;N
2026-07-30 08:43:11;Leak Zero;1.5 Turbo;MON106580;OK;1,45;3;cc/min;;1;N
2026-07-30 08:43:21;Water Leak;1.5 Turbo;MON108980;OK;3,81;6;cc/min;;1;N
2026-07-30 08:45:41;Cabeçote;1.0;USI104003;OK;1,23;4;cc/min;;1;N
2026-07-30 08:45:41;Water Leak;1.0;MON108965;OK;1,21;6;cc/min;;1;N
2026-07-30 08:45:53;Cabeçote;1.0;USI103985;OK;0,80;4;cc/min;;1;N
2026-07-30 08:46:04;Bloco;1.0;USI101257;OK;1,13;5;cc/min;;1;N
2026-07-30 08:46:04;Leak Zero;1.0;MON106603;OK;0,68;3;cc/min;;1;N
2026-07-30 08:46:58;Cabeçote;1.5;USI103992;OK;2,30;4;cc/min;;1;N
2026-07-30 08:47:01;Water Leak;1.0;MON108974;OK;1,79;6;cc/min;;1;N
2026-07-30 08:47:19;Water Leak;1.0;MON108964;OK;2,94;6;cc/min;;1;N
2026-07-30 08:47:56;Cabeçote;1.5;USI104001;OK;2,76;4;cc/min;;1;N
2026-07-30 08:48:14;Water Leak;1.5;MON108984;OK;3,02;6;cc/min;;1;N
2026-07-30 08:49:25;Cabeçote;1.5 Turbo;USI103977;OK;2,74;4;cc/min;;1;N
2026-07-30 08:49:31;Water Leak;1.0;MON108959;OK;3,14;6;cc/min;;1;N
2026-07-30 08:50:45;Cabeçote;1.5 Turbo;USI103993;OK;2,91;4;cc/min;;1;N
2026-07-30 08:50:59;Bloco;1.5;USI101239;OK;2,82;5;cc/min;;1;N
2026-07-30 08:50:59;Leak Zero;1.5;MON106585;OK;1,69;3;cc/min;;1;N
2026-07-30 08:51:00;Bloco;1.5 Turbo;USI101233;OK;1,64;5;cc/min;;1;N
2026-07-30 08:51:00;Leak Zero;1.5 Turbo;MON106579;OK;0,99;3;cc/min;;1;N
2026-07-30 08:52:02;Water Leak;1.0;MON108951;OK;2,07;6;cc/min;;1;N
2026-07-30 08:53:06;Bloco;1.5;USI101230;OK;0,86;5;cc/min;;1;N
2026-07-30 08:53:06;Leak Zero;1.5;MON106576;OK;0,51;3;cc/min;;1;N
2026-07-30 08:53:11;Cabeçote;1.5;USI103980;OK;0,76;4;cc/min;;1;N
2026-07-30 08:54:13;Bloco;1.5 Turbo;USI101261;OK;2,31;5;cc/min;;1;N
2026-07-30 08:54:13;Bloco;1.5;USI101255;OK;1,54;5;cc/min;;1;N
2026-07-30 08:54:13;Cabeçote;1.0;USI103989;NOK;8,64;4;cc/min;Guia de válvula;1;N
2026-07-30 08:54:13;Leak Zero;1.5;MON106601;OK;0,92;3;cc/min;;1;N
2026-07-30 08:54:37;Bloco;1.5;USI101221;OK;3,53;5;cc/min;;1;N
2026-07-30 08:54:55;Bloco;1.0;USI101237;OK;2,77;5;cc/min;;1;N
2026-07-30 08:54:55;Leak Zero;1.0;MON106583;OK;1,66;3;cc/min;;1;N
2026-07-30 08:55:28;Bloco;1.5 Turbo;USI101259;OK;1,62;5;cc/min;;1;N
2026-07-30 08:55:43;Bloco;1.5;USI101266;OK;3,45;5;cc/min;;1;N
2026-07-30 08:55:43;Water Leak;1.0;MON108958;OK;3,44;6;cc/min;;1;N
2026-07-30 08:55:47;Cabeçote;1.5 Turbo;USI103971;OK;2,52;4;cc/min;;1;N
2026-07-30 08:56:07;Cabeçote;1.5 Turbo;USI104002;OK;1,87;4;cc/min;;1;N
2026-07-30 08:56:12;Cabeçote;1.0;USI103990;OK;2,76;4;cc/min;;1;N
2026-07-30 08:56:53;Bloco;1.5;USI101222;OK;2,04;5;cc/min;;1;N
2026-07-30 08:56:53;Leak Zero;1.5;MON106568;OK;1,22;3;cc/min;;1;N
2026-07-30 08:57:07;Water Leak;1.5 Turbo;MON108985;OK;1,29;6;cc/min;;1;N
2026-07-30 08:57:10;Cabeçote;1.5;USI103972;OK;2,31;4;cc/min;;1;N
2026-07-30 08:57:30;Bloco;1.5;USI101250;OK;2,69;5;cc/min;;1;N
2026-07-30 08:57:30;Leak Zero;1.5;MON106596;OK;1,61;3;cc/min;;1;N
2026-07-30 08:58:32;Bloco;1.5;USI101228;OK;2,95;5;cc/min;;1;N
2026-07-30 08:58:32;Leak Zero;1.5;MON106574;OK;1,77;3;cc/min;;1;N
2026-07-30 08:59:03;Bloco;1.5 Turbo;USI101252;OK;2,57;5;cc/min;;1;N
2026-07-30 08:59:03;Leak Zero;1.5 Turbo;MON106598;OK;1,54;3;cc/min;;1;N
2026-07-30 08:59:35;Bloco;1.5 Turbo;USI101244;OK;3,70;5;cc/min;;1;N
2026-07-30 08:59:35;Leak Zero;1.5 Turbo;MON106590;OK;2,22;3;cc/min;;1;N
2026-07-30 09:00:58;Bloco;1.0;USI101254;OK;1,38;5;cc/min;;1;N
2026-07-30 09:00:58;Leak Zero;1.0;MON106600;OK;0,83;3;cc/min;;1;N
2026-07-30 09:01:15;Water Leak;1.0;MON108986;OK;4,19;6;cc/min;;1;N
2026-07-30 09:01:36;Cabeçote;1.5 Turbo;USI103996;OK;1,36;4;cc/min;;1;N
2026-07-30 09:02:26;Bloco;1.5 Turbo;USI101248;OK;1,54;5;cc/min;;1;N
2026-07-30 09:02:26;Bloco;1.5 Turbo;USI101249;OK;1,05;5;cc/min;;1;N
2026-07-30 09:02:26;Cabeçote;1.5;USI103983;OK;1,56;4;cc/min;;1;N
2026-07-30 09:02:26;Leak Zero;1.5 Turbo;MON106594;OK;0,92;3;cc/min;;1;N
2026-07-30 09:02:26;Leak Zero;1.5 Turbo;MON106595;OK;0,63;3;cc/min;;1;N
2026-07-30 09:02:54;Cabeçote;1.5;USI103994;OK;2,37;4;cc/min;;1;N
2026-07-30 09:02:57;Bloco;1.5 Turbo;USI101235;OK;2,17;5;cc/min;;1;N
2026-07-30 09:02:57;Leak Zero;1.5 Turbo;MON106581;OK;1,30;3;cc/min;;1;N
2026-07-30 09:03:01;Water Leak;1.0;MON108982;OK;3,07;6;cc/min;;1;N
2026-07-30 09:03:02;Cabeçote;1.5 Turbo;USI103997;OK;2,90;4;cc/min;;1;N
2026-07-30 09:03:21;Bloco;1.5 Turbo;USI101224;OK;3,75;5;cc/min;;1;N
2026-07-30 09:03:21;Leak Zero;1.5 Turbo;MON106570;OK;2,25;3;cc/min;;1;N
2026-07-30 09:03:25;Cabeçote;1.5;USI103988;OK;2,43;4;cc/min;;1;N
2026-07-30 09:03:41;Water Leak;1.5;MON108983;OK;2,31;6;cc/min;;1;N
2026-07-30 09:03:56;Bloco;1.5 Turbo;USI101236;OK;1,77;5;cc/min;;1;N
2026-07-30 09:03:56;Leak Zero;1.5 Turbo;MON106582;OK;1,06;3;cc/min;;1;N
2026-07-30 09:04:09;Water Leak;1.0;MON108969;OK;1,72;6;cc/min;;1;N
2026-07-30 09:04:27;Cabeçote;1.5;USI103974;OK;1,72;4;cc/min;;1;N
2026-07-30 09:04:50;Water Leak;1.5 Turbo;MON108978;OK;3,88;6;cc/min;;1;N
2026-07-30 09:04:54;Water Leak;1.5 Turbo;MON108970;OK;2,94;6;cc/min;;1;N
2026-07-30 09:06:29;Bloco;1.0;USI101217;OK;2,40;5;cc/min;;1;N
2026-07-30 09:07:00;Bloco;1.5;USI101258;OK;1,76;5;cc/min;;1;N
2026-07-30 09:08:06;Cabeçote;1.5;USI103998;OK;1,20;4;cc/min;;1;N
2026-07-30 09:08:12;Water Leak;1.5;MON108981;OK;2,98;6;cc/min;;1;N
2026-07-30 09:09:04;Bloco;1.0;USI101243;OK;2,72;5;cc/min;;1;N
2026-07-30 09:09:04;Leak Zero;1.0;MON106589;OK;1,63;3;cc/min;;1;N
2026-07-30 09:09:27;Water Leak;1.5;MON108966;OK;2,45;6;cc/min;;1;N
2026-07-30 09:09:52;Bloco;1.5 Turbo;USI101232;OK;2,28;5;cc/min;;1;N
2026-07-30 09:09:52;Leak Zero;1.5 Turbo;MON106578;OK;1,37;3;cc/min;;1;N
2026-07-30 09:10:09;Cabeçote;1.0;USI103978;OK;2,48;4;cc/min;;1;N
2026-07-30 09:10:32;Bloco;1.5;USI101241;OK;1,30;5;cc/min;;1;N
2026-07-30 09:10:32;Leak Zero;1.5;MON106587;OK;0,78;3;cc/min;;1;N
2026-07-30 09:11:27;Cabeçote;1.0;USI103986;OK;2,78;4;cc/min;;1;N
2026-07-30 09:11:38;Cabeçote;1.5;USI103982;OK;1,20;4;cc/min;;1;N
2026-07-30 09:11:43;Bloco;1.0;USI101225;OK;2,91;5;cc/min;;1;N
2026-07-30 09:11:43;Leak Zero;1.0;MON106571;OK;1,75;3;cc/min;;1;N
2026-07-30 09:11:52;Bloco;1.0;USI101223;OK;3,31;5;cc/min;;1;N
2026-07-30 09:11:52;Leak Zero;1.0;MON106569;OK;1,99;3;cc/min;;1;N
2026-07-30 09:12:24;Cabeçote;1.0;USI104006;NOK;11,37;4;cc/min;Guia de válvula;1;N
2026-07-30 09:12:36;Cabeçote;1.5;USI103991;OK;1,11;4;cc/min;;1;N
2026-07-30 09:12:56;Cabeçote;1.5 Turbo;USI103979;OK;1,16;4;cc/min;;1;N
2026-07-30 09:12:59;Cabeçote;1.5 Turbo;USI104004;OK;2,79;4;cc/min;;1;N
2026-07-30 09:13:15;Water Leak;1.0;MON108973;OK;1,48;6;cc/min;;1;N
2026-07-30 09:13:47;Water Leak;1.5 Turbo;MON108987;OK;0,95;6;cc/min;;1;N
2026-07-30 09:13:54;Water Leak;1.5 Turbo;MON108954;OK;0,92;6;cc/min;;1;N
2026-07-30 09:14:09;Bloco;1.0;USI101218;OK;3,65;5;cc/min;;1;N
2026-07-30 09:14:17;Water Leak;1.5;MON108950;OK;3,92;6;cc/min;;1;N
2026-07-30 09:14:54;Water Leak;1.5;MON108953;OK;3,26;6;cc/min;;1;N
2026-07-30 09:14:59;Water Leak;1.5;MON108962;OK;1,73;6;cc/min;;1;N
2026-07-30 09:15:23;Water Leak;1.5;MON108979;OK;1,42;6;cc/min;;1;N
2026-07-30 09:15:39;Water Leak;1.5 Turbo;MON108949;OK;2,21;6;cc/min;;1;N
2026-07-30 09:15:45;Cabeçote;1.5 Turbo;USI103984;OK;2,01;4;cc/min;;1;N
2026-07-30 09:16:13;Cabeçote;1.0;USI103989;OK;2,00;4;cc/min;;1;S
2026-07-30 09:17:07;Bloco;1.5 Turbo;USI101251;OK;1,82;5;cc/min;;1;N
2026-07-30 09:17:07;Leak Zero;1.5 Turbo;MON106597;OK;1,09;3;cc/min;;1;N
2026-07-30 09:17:55;Bloco;1.5;USI101227;OK;3,06;5;cc/min;;1;N
2026-07-30 09:17:55;Leak Zero;1.5;MON106573;OK;1,84;3;cc/min;;1;N
2026-07-30 09:18:06;Cabeçote;1.5;USI103981;OK;2,72;4;cc/min;;1;N
2026-07-30 09:18:15;Water Leak;1.5;MON108955;OK;1,98;6;cc/min;;1;N
2026-07-30 09:19:28;Cabeçote;1.5;USI103995;OK;1,46;4;cc/min;;1;N
2026-07-30 09:20:07;Cabeçote;1.5 Turbo;USI103987;OK;0,66;4;cc/min;;1;N
2026-07-30 09:20:15;Cabeçote;1.0;USI104025;OK;0,78;4;cc/min;;1;N
2026-07-30 09:20:29;Water Leak;1.5;MON109016;OK;2,31;6;cc/min;;1;N
2026-07-30 09:21:00;Bloco;1.0;USI101275;OK;2,80;5;cc/min;;1;N
2026-07-30 09:21:00;Leak Zero;1.0;MON106621;OK;1,68;3;cc/min;;1;N
2026-07-30 09:21:50;Bloco;1.5;USI101272;OK;2,93;5;cc/min;;1;N
2026-07-30 09:21:50;Leak Zero;1.5;MON106618;OK;1,76;3;cc/min;;1;N
2026-07-30 09:22:16;Bloco;1.5 Turbo;USI101292;OK;2,28;5;cc/min;;1;N
2026-07-30 09:22:16;Leak Zero;1.5 Turbo;MON106638;OK;1,37;3;cc/min;;1;N
2026-07-30 09:22:57;Cabeçote;1.5 Turbo;USI104051;OK;1,27;4;cc/min;;1;N
2026-07-30 09:22:57;Water Leak;1.5 Turbo;MON109000;OK;1,90;6;cc/min;;1;N
2026-07-30 09:23:19;Water Leak;1.5 Turbo;MON109018;OK;4,30;6;cc/min;;1;N
2026-07-30 09:24:36;Leak Zero;1.5;MON106611;OK;0,58;3;cc/min;;1;N
2026-07-30 09:25:22;Water Leak;1.0;MON109027;OK;2,93;6;cc/min;;1;N
2026-07-30 09:25:29;Cabeçote;1.5 Turbo;USI104037;OK;2,60;4;cc/min;;1;N
2026-07-30 09:26:09;Cabeçote;1.0;USI104010;OK;1,98;4;cc/min;;1;N
2026-07-30 09:27:46;Cabeçote;1.0;USI104018;OK;1,78;4;cc/min;;1;N
2026-07-30 09:28:56;Bloco;1.5 Turbo;USI101268;OK;3,51;5;cc/min;;1;N
2026-07-30 09:28:56;Leak Zero;1.5 Turbo;MON106614;OK;2,11;3;cc/min;;1;N
2026-07-30 09:29:20;Cabeçote;1.5;USI104014;OK;1,37;4;cc/min;;1;N
2026-07-30 09:30:20;Cabeçote;1.5 Turbo;USI104048;OK;1,96;4;cc/min;;1;N
2026-07-30 09:30:20;Water Leak;1.5 Turbo;MON108997;OK;2,94;6;cc/min;;1;N
2026-07-30 09:31:11;Bloco;1.0;USI101303;OK;3,39;5;cc/min;;1;N
2026-07-30 09:31:39;Cabeçote;1.5 Turbo;USI104041;OK;2,66;4;cc/min;;1;N
2026-07-30 09:31:39;Water Leak;1.5 Turbo;MON108990;OK;3,99;6;cc/min;;1;N
2026-07-30 09:32:12;Bloco;1.5;USI101274;OK;2,60;5;cc/min;;1;N
2026-07-30 09:32:12;Leak Zero;1.5;MON106620;OK;1,56;3;cc/min;;1;N
2026-07-30 09:32:42;Cabeçote;1.5;USI104015;OK;1,64;4;cc/min;;1;N
2026-07-30 09:34:05;Water Leak;1.5 Turbo;MON109024;OK;1,45;6;cc/min;;1;N
2026-07-30 09:34:24;Cabeçote;1.0;USI104006;OK;2,00;4;cc/min;;1;S
2026-07-30 09:35:19;Water Leak;1.0;MON109009;OK;3,04;6;cc/min;;1;N
2026-07-30 09:35:55;Cabeçote;1.5;USI104009;OK;2,52;4;cc/min;;1;N
2026-07-30 09:35:59;Cabeçote;1.5 Turbo;USI104016;OK;1,18;4;cc/min;;1;N
2026-07-30 09:36:50;Bloco;1.0;USI101291;OK;2,09;5;cc/min;;1;N
2026-07-30 09:36:50;Leak Zero;1.0;MON106637;OK;1,25;3;cc/min;;1;N
2026-07-30 09:37:40;Cabeçote;1.5 Turbo;USI104020;OK;2,78;4;cc/min;;1;N
2026-07-30 09:38:04;Bloco;1.5;USI101295;OK;2,82;5;cc/min;;1;N
2026-07-30 09:38:04;Leak Zero;1.5;MON106641;OK;1,69;3;cc/min;;1;N
2026-07-30 09:38:07;Water Leak;1.5;MON109017;OK;1,73;6;cc/min;;1;N
2026-07-30 09:39:30;Cabeçote;1.5 Turbo;USI104033;OK;2,37;4;cc/min;;1;N
2026-07-30 09:39:43;Water Leak;1.5 Turbo;MON109013;OK;3,07;6;cc/min;;1;N
2026-07-30 09:39:45;Cabeçote;1.5;USI104024;OK;1,61;4;cc/min;;1;N
2026-07-30 09:40:17;Cabeçote;1.5 Turbo;USI104019;OK;2,64;4;cc/min;;1;N
2026-07-30 09:40:25;Cabeçote;1.5 Turbo;USI104032;OK;0,67;4;cc/min;;1;N
2026-07-30 09:40:36;Bloco;1.0;USI101298;OK;1,73;5;cc/min;;1;N
2026-07-30 09:40:36;Leak Zero;1.0;MON106644;OK;1,04;3;cc/min;;1;N
2026-07-30 09:40:49;Cabeçote;1.5;USI104053;OK;1,78;4;cc/min;;1;N
2026-07-30 09:40:49;Water Leak;1.5;MON109002;OK;2,67;6;cc/min;;1;N
2026-07-30 09:41:33;Cabeçote;1.5 Turbo;USI104012;OK;2,40;4;cc/min;;1;N
2026-07-30 09:42:04;Water Leak;1.5;MON109011;OK;2,49;6;cc/min;;1;N
2026-07-30 09:42:45;Cabeçote;1.0;USI104042;OK;2,29;4;cc/min;;1;N
2026-07-30 09:42:45;Water Leak;1.0;MON108991;OK;3,44;6;cc/min;;1;N
2026-07-30 09:43:11;Water Leak;1.5 Turbo;MON109005;OK;2,91;6;cc/min;;1;N
2026-07-30 09:43:37;Cabeçote;1.5;USI104030;OK;2,02;4;cc/min;;1;N
2026-07-30 09:45:25;Leak Zero;1.0;MON106610;OK;0,69;3;cc/min;;1;N
2026-07-30 09:45:53;Bloco;1.0;USI101284;OK;1,00;5;cc/min;;1;N
2026-07-30 09:45:53;Leak Zero;1.0;MON106630;OK;0,60;3;cc/min;;1;N
2026-07-30 09:46:04;Water Leak;1.0;MON109028;OK;1,36;6;cc/min;;1;N
2026-07-30 09:46:41;Bloco;1.5;USI101302;OK;2,03;5;cc/min;;1;N
2026-07-30 09:47:24;Cabeçote;1.5;USI104034;OK;1,08;4;cc/min;;1;N
2026-07-30 09:48:20;Leak Zero;1.0;MON106613;OK;1,79;3;cc/min;;1;N
2026-07-30 09:48:32;Bloco;1.5 Turbo;USI101297;OK;3,15;5;cc/min;;1;N
2026-07-30 09:48:32;Leak Zero;1.5 Turbo;MON106643;OK;1,89;3;cc/min;;1;N
2026-07-30 09:49:25;Bloco;1.5 Turbo;USI101276;OK;3,43;5;cc/min;;1;N
2026-07-30 09:49:25;Leak Zero;1.5 Turbo;MON106622;OK;2,06;3;cc/min;;1;N
2026-07-30 09:49:35;Leak Zero;1.5;MON106604;OK;1,77;3;cc/min;;1;N
2026-07-30 09:49:38;Bloco;1.5 Turbo;USI101293;OK;2,89;5;cc/min;;1;N
2026-07-30 09:49:38;Leak Zero;1.5 Turbo;MON106639;OK;1,73;3;cc/min;;1;N
2026-07-30 09:50:41;Bloco;1.5 Turbo;USI101294;OK;3,71;5;cc/min;;1;N
2026-07-30 09:50:41;Leak Zero;1.5 Turbo;MON106640;OK;2,23;3;cc/min;;1;N
2026-07-30 09:50:59;Water Leak;1.5;MON109010;OK;3,38;6;cc/min;;1;N
2026-07-30 09:51:00;Water Leak;1.5 Turbo;MON109004;OK;1,97;6;cc/min;;1;N
2026-07-30 09:51:21;Cabeçote;1.0;USI104022;OK;2,03;4;cc/min;;1;N
2026-07-30 09:52:13;Cabeçote;1.5;USI104035;OK;0,63;4;cc/min;;1;N
2026-07-30 09:53:06;Cabeçote;1.5;USI104052;OK;0,68;4;cc/min;;1;N
2026-07-30 09:53:06;Water Leak;1.5;MON109001;OK;1,03;6;cc/min;;1;N
2026-07-30 09:53:11;Bloco;1.5;USI101279;OK;0,96;5;cc/min;;1;N
2026-07-30 09:53:11;Leak Zero;1.5;MON106625;OK;0,57;3;cc/min;;1;N
2026-07-30 09:53:35;Bloco;1.0;USI101296;OK;2,89;5;cc/min;;1;N
2026-07-30 09:53:35;Leak Zero;1.0;MON106642;OK;1,74;3;cc/min;;1;N
2026-07-30 09:53:58;Cabeçote;1.0;USI104017;OK;0,77;4;cc/min;;1;N
2026-07-30 09:54:13;Bloco;1.0;USI101288;OK;2,52;5;cc/min;;1;N
2026-07-30 09:54:13;Leak Zero;1.0;MON106634;OK;1,51;3;cc/min;;1;N
2026-07-30 09:54:13;Water Leak;1.5;MON109026;OK;1,85;6;cc/min;;1;N
2026-07-30 09:54:37;Cabeçote;1.5;USI104043;OK;2,82;4;cc/min;;1;N
2026-07-30 09:54:37;Water Leak;1.5;MON108992;OK;4,23;6;cc/min;;1;N
2026-07-30 09:54:55;Water Leak;1.0;MON109008;OK;3,33;6;cc/min;;1;N
2026-07-30 09:55:46;Bloco;1.5 Turbo;USI101300;OK;2,14;5;cc/min;;1;N
2026-07-30 09:55:47;Bloco;1.0;USI101269;OK;1,91;5;cc/min;;1;N
2026-07-30 09:55:47;Bloco;1.5 Turbo;USI101270;OK;3,15;5;cc/min;;1;N
2026-07-30 09:55:47;Leak Zero;1.0;MON106609;OK;1,26;3;cc/min;;1;N
2026-07-30 09:55:47;Leak Zero;1.0;MON106615;OK;1,15;3;cc/min;;1;N
2026-07-30 09:55:47;Leak Zero;1.5 Turbo;MON106616;OK;1,89;3;cc/min;;1;N
2026-07-30 09:55:51;Leak Zero;1.0;MON106608;OK;2,04;3;cc/min;;1;N
2026-07-30 09:56:19;Bloco;1.5 Turbo;USI101304;OK;0,97;5;cc/min;;1;N
2026-07-30 09:56:19;Leak Zero;1.0;MON106612;OK;0,76;3;cc/min;;1;N
2026-07-30 09:56:34;Cabeçote;1.0;USI104013;OK;2,90;4;cc/min;;1;N
2026-07-30 09:56:53;Cabeçote;1.5;USI104044;OK;1,63;4;cc/min;;1;N
2026-07-30 09:56:53;Water Leak;1.5;MON108993;OK;2,44;6;cc/min;;1;N
2026-07-30 09:57:10;Bloco;1.5;USI101271;OK;2,89;5;cc/min;;1;N
2026-07-30 09:57:10;Leak Zero;1.5;MON106617;OK;1,74;3;cc/min;;1;N
2026-07-30 09:57:30;Water Leak;1.5;MON109021;OK;3,22;6;cc/min;;1;N
2026-07-30 09:58:32;Cabeçote;1.5;USI104050;OK;2,36;4;cc/min;;1;N
2026-07-30 09:58:32;Water Leak;1.5;MON108999;OK;3,54;6;cc/min;;1;N
2026-07-30 09:58:55;Cabeçote;1.0;USI104011;OK;2,39;4;cc/min;;1;N
2026-07-30 09:59:03;Water Leak;1.5 Turbo;MON109023;OK;3,08;6;cc/min;;1;N
2026-07-30 09:59:29;Bloco;1.5 Turbo;USI101305;OK;3,36;5;cc/min;;1;N
2026-07-30 09:59:35;Water Leak;1.5 Turbo;MON109015;OK;4,44;6;cc/min;;1;N
2026-07-30 10:00:37;Bloco;1.0;USI101299;OK;1,55;5;cc/min;;1;N
2026-07-30 10:00:37;Leak Zero;1.0;MON106645;OK;0,93;3;cc/min;;1;N
2026-07-30 10:00:58;Water Leak;1.0;MON109025;OK;1,65;6;cc/min;;1;N
2026-07-30 10:01:31;Bloco;1.5 Turbo;USI101301;OK;2,55;5;cc/min;;1;N
2026-07-30 10:02:26;Bloco;1.5;USI101282;OK;1,95;5;cc/min;;1;N
2026-07-30 10:02:26;Leak Zero;1.5;MON106628;OK;1,17;3;cc/min;;1;N
2026-07-30 10:02:26;Water Leak;1.5 Turbo;MON109019;OK;1,84;6;cc/min;;1;N
2026-07-30 10:02:26;Water Leak;1.5 Turbo;MON109020;OK;1,26;6;cc/min;;1;N
2026-07-30 10:02:48;Cabeçote;1.0;USI104026;OK;2,05;4;cc/min;;1;N
2026-07-30 10:02:57;Water Leak;1.5 Turbo;MON109006;OK;2,60;6;cc/min;;1;N
2026-07-30 10:03:21;Cabeçote;1.5 Turbo;USI104046;OK;3,00;4;cc/min;;1;N
2026-07-30 10:03:21;Water Leak;1.5 Turbo;MON108995;OK;4,50;6;cc/min;;1;N
2026-07-30 10:03:25;Bloco;1.5;USI101287;OK;3,03;5;cc/min;;1;N
2026-07-30 10:03:25;Leak Zero;1.5;MON106633;OK;1,82;3;cc/min;;1;N
2026-07-30 10:03:56;Water Leak;1.5 Turbo;MON109007;OK;2,13;6;cc/min;;1;N
2026-07-30 10:04:11;Bloco;1.5 Turbo;USI101290;OK;3,37;5;cc/min;;1;N
2026-07-30 10:04:11;Leak Zero;1.5 Turbo;MON106636;OK;2,02;3;cc/min;;1;N
2026-07-30 10:04:27;Bloco;1.5;USI101273;OK;2,15;5;cc/min;;1;N
2026-07-30 10:04:27;Leak Zero;1.5;MON106619;OK;1,29;3;cc/min;;1;N
2026-07-30 10:05:51;Cabeçote;1.0;USI104021;OK;2,92;4;cc/min;;1;N
2026-07-30 10:06:23;Bloco;1.5 Turbo;USI101289;OK;2,55;5;cc/min;;1;N
2026-07-30 10:06:23;Leak Zero;1.5 Turbo;MON106635;OK;1,53;3;cc/min;;1;N
2026-07-30 10:06:29;Cabeçote;1.0;USI104039;OK;1,92;4;cc/min;;1;N
2026-07-30 10:06:29;Water Leak;1.0;MON108988;OK;2,88;6;cc/min;;1;N
2026-07-30 10:07:00;Water Leak;1.5;MON109029;OK;2,11;6;cc/min;;1;N
2026-07-30 10:07:05;Cabeçote;1.5 Turbo;USI104028;OK;0,95;4;cc/min;;1;N
2026-07-30 10:08:15;Cabeçote;1.5 Turbo;USI104038;OK;2,71;4;cc/min;;1;N
2026-07-30 10:08:48;Cabeçote;1.5 Turbo;USI104036;OK;1,77;4;cc/min;;1;N
2026-07-30 10:09:04;Water Leak;1.0;MON109014;OK;3,26;6;cc/min;;1;N
2026-07-30 10:09:52;Cabeçote;1.5 Turbo;USI104054;OK;1,82;4;cc/min;;1;N
2026-07-30 10:09:52;Water Leak;1.5 Turbo;MON109003;OK;2,73;6;cc/min;;1;N
2026-07-30 10:10:09;Bloco;1.0;USI101277;OK;3,10;5;cc/min;;1;N
2026-07-30 10:10:09;Leak Zero;1.0;MON106623;OK;1,86;3;cc/min;;1;N
2026-07-30 10:10:32;Water Leak;1.5;MON109012;OK;1,56;6;cc/min;;1;N
2026-07-30 10:11:10;Leak Zero;1.0;MON106605;OK;1,79;3;cc/min;;1;N
2026-07-30 10:11:15;Cabeçote;1.5 Turbo;USI104031;OK;2,08;4;cc/min;;1;N
2026-07-30 10:11:27;Bloco;1.0;USI101285;OK;3,48;5;cc/min;;1;N
2026-07-30 10:11:27;Leak Zero;1.0;MON106631;OK;2,09;3;cc/min;;1;N
2026-07-30 10:11:38;Bloco;1.5;USI101281;OK;1,50;5;cc/min;;1;N
2026-07-30 10:11:38;Leak Zero;1.5;MON106627;OK;0,90;3;cc/min;;1;N
2026-07-30 10:11:43;Cabeçote;1.0;USI104047;OK;2,33;4;cc/min;;1;N
2026-07-30 10:11:43;Water Leak;1.0;MON108996;OK;3,50;6;cc/min;;1;N
2026-07-30 10:11:52;Cabeçote;1.0;USI104045;OK;2,65;4;cc/min;;1;N
2026-07-30 10:11:52;Water Leak;1.0;MON108994;OK;3,98;6;cc/min;;1;N
2026-07-30 10:12:56;Bloco;1.5 Turbo;USI101278;OK;1,45;5;cc/min;;1;N
2026-07-30 10:12:56;Leak Zero;1.5 Turbo;MON106624;OK;0,87;3;cc/min;;1;N
2026-07-30 10:14:07;Cabeçote;1.0;USI104027;OK;1,73;4;cc/min;;1;N
2026-07-30 10:14:09;Cabeçote;1.0;USI104040;OK;2,92;4;cc/min;;1;N
2026-07-30 10:14:09;Water Leak;1.0;MON108989;OK;4,38;6;cc/min;;1;N
2026-07-30 10:14:42;Cabeçote;1.5 Turbo;USI104029;OK;2,02;4;cc/min;;1;N
2026-07-30 10:14:42;Leak Zero;1.5;MON106606;OK;0,73;3;cc/min;;1;N
2026-07-30 10:15:45;Bloco;1.5 Turbo;USI101283;OK;2,51;5;cc/min;;1;N
2026-07-30 10:15:45;Leak Zero;1.5 Turbo;MON106629;OK;1,51;3;cc/min;;1;N
2026-07-30 10:16:18;Cabeçote;1.5 Turbo;USI104023;OK;2,02;4;cc/min;;1;N
2026-07-30 10:17:07;Water Leak;1.5 Turbo;MON109022;OK;2,18;6;cc/min;;1;N
2026-07-30 10:17:55;Cabeçote;1.5;USI104049;OK;2,45;4;cc/min;;1;N
2026-07-30 10:17:55;Water Leak;1.5;MON108998;OK;3,67;6;cc/min;;1;N
2026-07-30 10:18:06;Bloco;1.5;USI101280;OK;3,40;5;cc/min;;1;N
2026-07-30 10:18:06;Leak Zero;1.5;MON106626;OK;2,04;3;cc/min;;1;N
2026-07-30 10:18:16;Leak Zero;1.5;MON106607;OK;0,59;3;cc/min;;1;N
2026-07-30 10:20:07;Bloco;1.5 Turbo;USI101286;OK;0,82;5;cc/min;;1;N
2026-07-30 10:20:07;Leak Zero;1.5 Turbo;MON106632;OK;0,49;3;cc/min;;1;N
2026-07-30 10:21:00;Water Leak;1.0;MON109046;OK;3,37;6;cc/min;;1;N
2026-07-30 10:21:05;Bloco;1.5 Turbo;USI101338;OK;3,07;5;cc/min;;1;N
2026-07-30 10:21:50;Water Leak;1.5;MON109043;OK;3,51;6;cc/min;;1;N
2026-07-30 10:22:16;Water Leak;1.5 Turbo;MON109063;OK;2,73;6;cc/min;;1;N
2026-07-30 10:23:13;Bloco;1.5 Turbo;USI101345;OK;2,91;5;cc/min;;1;N
2026-07-30 10:23:24;Bloco;1.5 Turbo;USI101308;OK;2,86;5;cc/min;;1;N
2026-07-30 10:23:24;Cabeçote;1.5 Turbo;USI104068;OK;2,29;4;cc/min;;1;N
2026-07-30 10:23:24;Leak Zero;1.5 Turbo;MON106654;OK;1,72;3;cc/min;;1;N
2026-07-30 10:24:28;Cabeçote;1.5;USI104065;OK;2,75;4;cc/min;;1;N
2026-07-30 10:24:33;Cabeçote;1.5 Turbo;USI104087;OK;1,16;4;cc/min;;1;N
2026-07-30 10:24:33;Leak Zero;1.5 Turbo;MON106673;OK;0,87;3;cc/min;;1;N
2026-07-30 10:24:36;Water Leak;1.5;MON109036;OK;1,16;6;cc/min;;1;N
2026-07-30 10:24:52;Cabeçote;1.5 Turbo;USI104083;OK;1,38;4;cc/min;;1;N
2026-07-30 10:24:52;Leak Zero;1.5 Turbo;MON106669;OK;1,03;3;cc/min;;1;N
2026-07-30 10:25:28;Bloco;1.0;USI101328;OK;3,48;5;cc/min;;1;N
2026-07-30 10:26:44;Bloco;1.5;USI101336;OK;1,02;5;cc/min;;1;N
2026-07-30 10:28:03;Cabeçote;1.5 Turbo;USI104086;OK;2,02;4;cc/min;;1;N
2026-07-30 10:28:03;Leak Zero;1.5 Turbo;MON106672;OK;1,52;3;cc/min;;1;N
2026-07-30 10:28:46;Bloco;1.5;USI101330;OK;3,30;5;cc/min;;1;N
2026-07-30 10:28:56;Water Leak;1.5 Turbo;MON109039;OK;4,21;6;cc/min;;1;N
2026-07-30 10:29:23;Bloco;1.5;USI101322;NOK;8,63;5;cc/min;Galeria de água;1;N
2026-07-30 10:29:23;Cabeçote;1.5;USI104082;OK;1,44;4;cc/min;;1;N
2026-07-30 10:29:23;Leak Zero;1.5;MON106668;OK;1,08;3;cc/min;;1;N
2026-07-30 10:29:49;Bloco;1.5;USI101324;OK;0,75;5;cc/min;;1;N
2026-07-30 10:30:23;Cabeçote;1.5 Turbo;USI104088;OK;0,81;4;cc/min;;1;N
2026-07-30 10:30:23;Leak Zero;1.5 Turbo;MON106674;OK;0,61;3;cc/min;;1;N
2026-07-30 10:31:52;Bloco;1.5 Turbo;USI101346;OK;3,33;5;cc/min;;1;N
2026-07-30 10:32:12;Water Leak;1.5;MON109045;OK;3,12;6;cc/min;;1;N
2026-07-30 10:32:44;Bloco;1.5 Turbo;USI101349;OK;2,67;5;cc/min;;1;N
2026-07-30 10:32:55;Bloco;1.0;USI101352;OK;1,78;5;cc/min;;1;N
2026-07-30 10:34:07;Bloco;1.5;USI101327;OK;3,10;5;cc/min;;1;N
2026-07-30 10:34:45;Bloco;1.0;USI101314;OK;2,79;5;cc/min;;1;N
2026-07-30 10:34:45;Cabeçote;1.0;USI104074;OK;2,23;4;cc/min;;1;N
2026-07-30 10:34:45;Leak Zero;1.0;MON106660;OK;1,67;3;cc/min;;1;N
2026-07-30 10:34:58;Bloco;1.0;USI101325;OK;2,88;5;cc/min;;1;N
2026-07-30 10:35:07;Bloco;1.5;USI101312;OK;2,69;5;cc/min;;1;N
2026-07-30 10:35:07;Cabeçote;1.5;USI104072;OK;2,16;4;cc/min;;1;N
2026-07-30 10:35:07;Leak Zero;1.5;MON106658;OK;1,62;3;cc/min;;1;N
2026-07-30 10:35:19;Bloco;1.0;USI101359;OK;2,53;5;cc/min;;1;N
2026-07-30 10:35:23;Bloco;1.0;USI101307;OK;0,91;5;cc/min;;1;N
2026-07-30 10:35:23;Cabeçote;1.0;USI104067;OK;0,73;4;cc/min;;1;N
2026-07-30 10:35:23;Leak Zero;1.0;MON106653;OK;0,54;3;cc/min;;1;N
2026-07-30 10:35:51;Leak Zero;1.5;MON106649;OK;1,92;3;cc/min;;1;N
2026-07-30 10:35:55;Bloco;1.0;USI101318;OK;3,09;5;cc/min;;1;N
2026-07-30 10:35:55;Cabeçote;1.0;USI104078;OK;2,47;4;cc/min;;1;N
2026-07-30 10:35:55;Leak Zero;1.0;MON106664;OK;1,86;3;cc/min;;1;N
2026-07-30 10:36:15;Cabeçote;1.5;USI104060;OK;2,82;4;cc/min;;1;N
2026-07-30 10:36:16;Bloco;1.5;USI101311;OK;3,60;5;cc/min;;1;N
2026-07-30 10:36:16;Cabeçote;1.5;USI104071;OK;2,88;4;cc/min;;1;N
2026-07-30 10:36:16;Leak Zero;1.5;MON106657;OK;2,16;3;cc/min;;1;N
2026-07-30 10:36:50;Water Leak;1.0;MON109062;OK;2,51;6;cc/min;;1;N
2026-07-30 10:38:04;Water Leak;1.5;MON109066;OK;3,39;6;cc/min;;1;N
2026-07-30 10:39:39;Bloco;1.5;USI101319;OK;2,52;5;cc/min;;1;N
2026-07-30 10:39:39;Bloco;1.5;USI101323;OK;1,73;5;cc/min;;1;N
2026-07-30 10:39:39;Cabeçote;1.5;USI104079;OK;2,01;4;cc/min;;1;N
2026-07-30 10:39:39;Leak Zero;1.5;MON106665;OK;1,51;3;cc/min;;1;N
2026-07-30 10:39:41;Cabeçote;1.0;USI104059;OK;0,91;4;cc/min;;1;N
2026-07-30 10:43:21;Cabeçote;1.5 Turbo;USI104091;OK;2,54;4;cc/min;;1;N
2026-07-30 10:43:21;Leak Zero;1.5 Turbo;MON106677;OK;1,90;3;cc/min;;1;N
2026-07-30 10:43:42;Bloco;1.0;USI101334;OK;2,35;5;cc/min;;1;N
2026-07-30 10:45:25;Water Leak;1.0;MON109035;OK;1,37;6;cc/min;;1;N
2026-07-30 10:45:41;Bloco;1.0;USI101316;OK;1,01;5;cc/min;;1;N
2026-07-30 10:45:41;Cabeçote;1.0;USI104063;OK;1,23;4;cc/min;;1;N
2026-07-30 10:45:41;Cabeçote;1.0;USI104076;OK;0,81;4;cc/min;;1;N
2026-07-30 10:45:41;Leak Zero;1.0;MON106662;OK;0,61;3;cc/min;;1;N
2026-07-30 10:45:48;Bloco;1.5 Turbo;USI101340;OK;1,32;5;cc/min;;1;N
2026-07-30 10:45:53;Water Leak;1.0;MON109055;OK;1,20;6;cc/min;;1;N
2026-07-30 10:47:01;Cabeçote;1.0;USI104085;OK;1,19;4;cc/min;;1;N
2026-07-30 10:47:01;Leak Zero;1.0;MON106671;OK;0,89;3;cc/min;;1;N
2026-07-30 10:47:19;Bloco;1.0;USI101315;OK;2,45;5;cc/min;;1;N
2026-07-30 10:47:19;Cabeçote;1.0;USI104075;OK;1,96;4;cc/min;;1;N
2026-07-30 10:47:19;Leak Zero;1.0;MON106661;OK;1,47;3;cc/min;;1;N
2026-07-30 10:47:56;Cabeçote;1.5;USI104061;OK;2,76;4;cc/min;;1;N
2026-07-30 10:48:14;Cabeçote;1.5;USI104095;OK;2,01;4;cc/min;;1;N
2026-07-30 10:48:14;Leak Zero;1.5;MON106681;OK;1,51;3;cc/min;;1;N
2026-07-30 10:48:20;Water Leak;1.0;MON109038;OK;3,58;6;cc/min;;1;N
2026-07-30 10:48:32;Water Leak;1.5 Turbo;MON109068;OK;3,78;6;cc/min;;1;N
2026-07-30 10:49:25;Water Leak;1.5 Turbo;MON109047;OK;4,12;6;cc/min;;1;N
2026-07-30 10:49:31;Bloco;1.0;USI101310;OK;2,62;5;cc/min;;1;N
2026-07-30 10:49:31;Cabeçote;1.0;USI104070;OK;2,09;4;cc/min;;1;N
2026-07-30 10:49:31;Leak Zero;1.0;MON106656;OK;1,57;3;cc/min;;1;N
2026-07-30 10:49:38;Water Leak;1.5 Turbo;MON109064;OK;3,46;6;cc/min;;1;N
2026-07-30 10:50:41;Water Leak;1.5 Turbo;MON109065;OK;4,46;6;cc/min;;1;N
2026-07-30 10:50:59;Bloco;1.5;USI101360;OK;2,82;5;cc/min;;1;N
2026-07-30 10:51:23;Bloco;1.5;USI101322;NOK;2,50;5;cc/min;;1;S
2026-07-30 10:52:02;Leak Zero;1.0;MON106648;OK;1,04;3;cc/min;;1;N
2026-07-30 10:52:10;Bloco;1.5 Turbo;USI101341;OK;1,88;5;cc/min;;1;N
2026-07-30 10:53:11;Water Leak;1.5;MON109050;OK;1,15;6;cc/min;;1;N
2026-07-30 10:53:35;Water Leak;1.0;MON109067;OK;3,47;6;cc/min;;1;N
2026-07-30 10:54:13;Water Leak;1.0;MON109059;OK;3,02;6;cc/min;;1;N
2026-07-30 10:54:51;Bloco;1.0;USI101332;OK;1,72;5;cc/min;;1;N
2026-07-30 10:54:55;Bloco;1.0;USI101358;OK;2,77;5;cc/min;;1;N
2026-07-30 10:55:30;Bloco;1.5 Turbo;USI101342;OK;2,47;5;cc/min;;1;N
2026-07-30 10:55:32;Bloco;1.0;USI101335;OK;3,18;5;cc/min;;1;N
2026-07-30 10:55:43;Bloco;1.0;USI101309;OK;2,86;5;cc/min;;1;N
2026-07-30 10:55:43;Bloco;1.5;USI101326;OK;3,45;5;cc/min;;1;N
2026-07-30 10:55:43;Cabeçote;1.0;USI104069;OK;2,29;4;cc/min;;1;N
2026-07-30 10:55:43;Leak Zero;1.0;MON106655;OK;1,72;3;cc/min;;1;N
2026-07-30 10:55:47;Water Leak;1.0;MON109034;OK;2,51;6;cc/min;;1;N
2026-07-30 10:55:47;Water Leak;1.0;MON109040;OK;2,29;6;cc/min;;1;N
2026-07-30 10:55:47;Water Leak;1.5 Turbo;MON109041;OK;3,78;6;cc/min;;1;N
2026-07-30 10:55:51;Water Leak;1.0;MON109033;OK;4,08;6;cc/min;;1;N
2026-07-30 10:56:07;Cabeçote;1.5 Turbo;USI104062;OK;1,87;4;cc/min;;1;N
2026-07-30 10:56:15;Bloco;1.5 Turbo;USI101343;OK;2,59;5;cc/min;;1;N
2026-07-30 10:56:19;Water Leak;1.0;MON109037;OK;1,51;6;cc/min;;1;N
2026-07-30 10:56:20;Bloco;1.5 Turbo;USI101333;OK;2,11;5;cc/min;;1;N
2026-07-30 10:57:07;Cabeçote;1.5 Turbo;USI104096;OK;0,86;4;cc/min;;1;N
2026-07-30 10:57:07;Leak Zero;1.5 Turbo;MON106682;OK;0,65;3;cc/min;;1;N
2026-07-30 10:57:10;Water Leak;1.5;MON109042;OK;3,47;6;cc/min;;1;N
2026-07-30 10:59:27;Bloco;1.5;USI101348;OK;3,64;5;cc/min;;1;N
2026-07-30 11:00:27;Bloco;1.5;USI101344;OK;3,33;5;cc/min;;1;N
2026-07-30 11:01:15;Cabeçote;1.0;USI104097;OK;2,80;4;cc/min;;1;N
2026-07-30 11:01:15;Leak Zero;1.0;MON106683;OK;2,10;3;cc/min;;1;N
2026-07-30 11:01:36;Cabeçote;1.5 Turbo;USI104056;OK;1,36;4;cc/min;;1;N
2026-07-30 11:02:26;Water Leak;1.5;MON109053;OK;2,33;6;cc/min;;1;N
2026-07-30 11:02:37;Bloco;1.5;USI101353;OK;3,24;5;cc/min;;1;N
2026-07-30 11:02:57;Bloco;1.5 Turbo;USI101356;OK;2,17;5;cc/min;;1;N
2026-07-30 11:03:01;Cabeçote;1.0;USI104093;OK;2,05;4;cc/min;;1;N
2026-07-30 11:03:01;Leak Zero;1.0;MON106679;OK;1,54;3;cc/min;;1;N
2026-07-30 11:03:02;Cabeçote;1.5 Turbo;USI104057;OK;2,90;4;cc/min;;1;N
2026-07-30 11:03:25;Water Leak;1.5;MON109058;OK;3,64;6;cc/min;;1;N
2026-07-30 11:03:41;Cabeçote;1.5;USI104094;OK;1,54;4;cc/min;;1;N
2026-07-30 11:03:41;Leak Zero;1.5;MON106680;OK;1,16;3;cc/min;;1;N
2026-07-30 11:03:48;Bloco;1.5 Turbo;USI101347;OK;1,26;5;cc/min;;1;N
2026-07-30 11:03:56;Bloco;1.5 Turbo;USI101357;OK;1,77;5;cc/min;;1;N
2026-07-30 11:04:09;Bloco;1.0;USI101320;OK;1,43;5;cc/min;;1;N
2026-07-30 11:04:09;Cabeçote;1.0;USI104080;OK;1,15;4;cc/min;;1;N
2026-07-30 11:04:09;Leak Zero;1.0;MON106666;OK;0,86;3;cc/min;;1;N
2026-07-30 11:04:11;Bloco;1.5 Turbo;USI101350;OK;0,89;5;cc/min;;1;N
2026-07-30 11:04:11;Water Leak;1.5 Turbo;MON109061;OK;4,05;6;cc/min;;1;N
2026-07-30 11:04:19;Bloco;1.0;USI101355;NOK;8,95;5;cc/min;Galeria de óleo;1;N
2026-07-30 11:04:27;Water Leak;1.5;MON109044;OK;2,58;6;cc/min;;1;N
2026-07-30 11:04:50;Cabeçote;1.5 Turbo;USI104089;OK;2,59;4;cc/min;;1;N
2026-07-30 11:04:50;Leak Zero;1.5 Turbo;MON106675;OK;1,94;3;cc/min;;1;N
2026-07-30 11:04:54;Bloco;1.5 Turbo;USI101321;OK;2,45;5;cc/min;;1;N
2026-07-30 11:04:54;Cabeçote;1.5 Turbo;USI104081;OK;1,96;4;cc/min;;1;N
2026-07-30 11:04:54;Leak Zero;1.5 Turbo;MON106667;OK;1,47;3;cc/min;;1;N
2026-07-30 11:06:23;Water Leak;1.5 Turbo;MON109060;OK;3,06;6;cc/min;;1;N
2026-07-30 11:08:06;Cabeçote;1.5;USI104058;OK;1,20;4;cc/min;;1;N
2026-07-30 11:08:12;Cabeçote;1.5;USI104092;OK;1,99;4;cc/min;;1;N
2026-07-30 11:08:12;Leak Zero;1.5;MON106678;OK;1,49;3;cc/min;;1;N
2026-07-30 11:08:37;Bloco;1.5;USI101331;OK;1,76;5;cc/min;;1;N
2026-07-30 11:09:27;Bloco;1.5;USI101317;OK;2,04;5;cc/min;;1;N
2026-07-30 11:09:27;Cabeçote;1.5;USI104077;OK;1,64;4;cc/min;;1;N
2026-07-30 11:09:27;Leak Zero;1.5;MON106663;OK;1,23;3;cc/min;;1;N
2026-07-30 11:09:52;Bloco;1.5;USI101329;OK;1,92;5;cc/min;;1;N
2026-07-30 11:10:09;Water Leak;1.0;MON109048;OK;3,71;6;cc/min;;1;N
2026-07-30 11:10:56;Bloco;1.5;USI101339;OK;3,45;5;cc/min;;1;N
2026-07-30 11:11:10;Water Leak;1.0;MON109030;OK;3,58;6;cc/min;;1;N
2026-07-30 11:11:27;Water Leak;1.0;MON109056;OK;4,17;6;cc/min;;1;N
2026-07-30 11:11:38;Water Leak;1.5;MON109052;OK;1,80;6;cc/min;;1;N
2026-07-30 11:12:24;Cabeçote;1.0;USI104066;NOK;11,37;4;cc/min;Guia de válvula;1;N
2026-07-30 11:12:56;Water Leak;1.5 Turbo;MON109049;OK;1,74;6;cc/min;;1;N
2026-07-30 11:12:59;Cabeçote;1.5 Turbo;USI104064;OK;2,79;4;cc/min;;1;N
2026-07-30 11:13:15;Cabeçote;1.0;USI104084;OK;0,99;4;cc/min;;1;N
2026-07-30 11:13:15;Leak Zero;1.0;MON106670;OK;0,74;3;cc/min;;1;N
2026-07-30 11:13:47;Cabeçote;1.5 Turbo;USI104098;OK;0,64;4;cc/min;;1;N
2026-07-30 11:13:47;Leak Zero;1.5 Turbo;MON106684;OK;0,48;3;cc/min;;1;N
2026-07-30 11:13:54;Leak Zero;1.5 Turbo;MON106651;OK;0,46;3;cc/min;;1;N
2026-07-30 11:14:11;Bloco;1.0;USI101351;OK;2,40;5;cc/min;;1;N
2026-07-30 11:14:17;Leak Zero;1.5;MON106647;OK;1,96;3;cc/min;;1;N
2026-07-30 11:14:42;Water Leak;1.5;MON109031;OK;1,45;6;cc/min;;1;N
2026-07-30 11:14:54;Leak Zero;1.5;MON106650;OK;1,63;3;cc/min;;1;N
2026-07-30 11:14:59;Bloco;1.5;USI101313;OK;1,45;5;cc/min;;1;N
2026-07-30 11:14:59;Cabeçote;1.5;USI104073;OK;1,16;4;cc/min;;1;N
2026-07-30 11:14:59;Leak Zero;1.5;MON106659;OK;0,87;3;cc/min;;1;N
2026-07-30 11:15:05;Bloco;1.5 Turbo;USI101337;OK;3,15;5;cc/min;;1;N
2026-07-30 11:15:23;Cabeçote;1.5;USI104090;OK;0,94;4;cc/min;;1;N
2026-07-30 11:15:23;Leak Zero;1.5;MON106676;OK;0,71;3;cc/min;;1;N
2026-07-30 11:15:39;Leak Zero;1.5 Turbo;MON106646;OK;1,11;3;cc/min;;1;N
2026-07-30 11:15:45;Water Leak;1.5 Turbo;MON109054;OK;3,02;6;cc/min;;1;N
2026-07-30 11:17:51;Bloco;1.5;USI101354;OK;2,29;5;cc/min;;1;N
2026-07-30 11:18:06;Water Leak;1.5;MON109051;OK;4,08;6;cc/min;;1;N
2026-07-30 11:18:15;Bloco;1.5;USI101306;OK;1,65;5;cc/min;;1;N
2026-07-30 11:18:15;Leak Zero;1.5;MON106652;OK;0,99;3;cc/min;;1;N
2026-07-30 11:18:16;Water Leak;1.5;MON109032;OK;1,18;6;cc/min;;1;N
2026-07-30 11:19:28;Cabeçote;1.5;USI104055;OK;1,46;4;cc/min;;1;N
2026-07-30 11:20:07;Water Leak;1.5 Turbo;MON109057;OK;0,99;6;cc/min;;1;N
2026-07-30 11:20:29;Cabeçote;1.5;USI104127;OK;1,54;4;cc/min;;1;N
2026-07-30 11:20:29;Leak Zero;1.5;MON106713;OK;1,15;3;cc/min;;1;N
2026-07-30 11:21:00;Bloco;1.0;USI101396;OK;2,80;5;cc/min;;1;N
2026-07-30 11:21:50;Bloco;1.5;USI101393;OK;2,93;5;cc/min;;1;N
2026-07-30 11:22:57;Cabeçote;1.5 Turbo;USI104111;OK;1,27;4;cc/min;;1;N
2026-07-30 11:22:57;Leak Zero;1.5 Turbo;MON106697;OK;0,95;3;cc/min;;1;N
2026-07-30 11:23:19;Cabeçote;1.5 Turbo;USI104129;OK;2,87;4;cc/min;;1;N
2026-07-30 11:23:19;Leak Zero;1.5 Turbo;MON106715;OK;2,15;3;cc/min;;1;N
2026-07-30 11:23:24;Water Leak;1.5 Turbo;MON109079;OK;3,44;6;cc/min;;1;N
2026-07-30 11:24:28;Bloco;1.5;USI101364;OK;3,44;5;cc/min;;1;N
2026-07-30 11:24:30;Bloco;1.5 Turbo;USI101378;OK;1,72;5;cc/min;;1;N
2026-07-30 11:24:33;Water Leak;1.5 Turbo;MON109098;OK;1,74;6;cc/min;;1;N
2026-07-30 11:24:36;Bloco;1.5;USI101386;OK;0,97;5;cc/min;;1;N
2026-07-30 11:24:52;Water Leak;1.5 Turbo;MON109094;OK;2,07;6;cc/min;;1;N
2026-07-30 11:25:22;Cabeçote;1.0;USI104138;OK;1,95;4;cc/min;;1;N
2026-07-30 11:25:22;Leak Zero;1.0;MON106724;OK;1,46;3;cc/min;;1;N
2026-07-30 11:26:19;Bloco;1.0;USI101355;OK;2,50;5;cc/min;;1;S
2026-07-30 11:27:53;Water Leak;1.5;MON109070;OK;2,75;6;cc/min;;1;N
2026-07-30 11:28:03;Water Leak;1.5 Turbo;MON109097;OK;3,03;6;cc/min;;1;N
2026-07-30 11:28:56;Bloco;1.5 Turbo;USI101389;OK;3,51;5;cc/min;;1;N
2026-07-30 11:29:23;Water Leak;1.5;MON109093;OK;2,15;6;cc/min;;1;N
2026-07-30 11:29:49;Cabeçote;1.5;USI104146;OK;0,60;4;cc/min;;1;N
2026-07-30 11:30:20;Cabeçote;1.5 Turbo;USI104108;OK;1,96;4;cc/min;;1;N
2026-07-30 11:30:20;Leak Zero;1.5 Turbo;MON106694;OK;1,47;3;cc/min;;1;N
2026-07-30 11:30:23;Water Leak;1.5 Turbo;MON109099;OK;1,22;6;cc/min;;1;N
2026-07-30 11:31:39;Cabeçote;1.5 Turbo;USI104101;OK;2,66;4;cc/min;;1;N
2026-07-30 11:31:39;Leak Zero;1.5 Turbo;MON106687;OK;1,99;3;cc/min;;1;N
2026-07-30 11:32:12;Bloco;1.5;USI101395;OK;2,60;5;cc/min;;1;N
2026-07-30 11:33:49;Cabeçote;1.5 Turbo;USI104142;OK;2,43;4;cc/min;;1;N
2026-07-30 11:34:05;Cabeçote;1.5 Turbo;USI104135;OK;0,97;4;cc/min;;1;N
2026-07-30 11:34:05;Leak Zero;1.5 Turbo;MON106721;OK;0,72;3;cc/min;;1;N
2026-07-30 11:34:24;Cabeçote;1.0;USI104066;OK;2,00;4;cc/min;;1;S
2026-07-30 11:34:36;Bloco;1.5;USI101377;OK;1,54;5;cc/min;;1;N
2026-07-30 11:34:45;Water Leak;1.0;MON109085;OK;3,35;6;cc/min;;1;N
2026-07-30 11:34:58;Cabeçote;1.0;USI104147;OK;2,31;4;cc/min;;1;N
2026-07-30 11:35:07;Water Leak;1.5;MON109083;OK;3,23;6;cc/min;;1;N
2026-07-30 11:35:11;Water Leak;1.5 Turbo;MON109069;OK;1,81;6;cc/min;;1;N
2026-07-30 11:35:19;Cabeçote;1.0;USI104120;OK;2,02;4;cc/min;;1;N
2026-07-30 11:35:19;Leak Zero;1.0;MON106706;OK;1,52;3;cc/min;;1;N
2026-07-30 11:35:23;Water Leak;1.0;MON109078;OK;1,09;6;cc/min;;1;N
2026-07-30 11:35:51;Water Leak;1.5;MON109074;OK;3,83;6;cc/min;;1;N
2026-07-30 11:35:55;Water Leak;1.0;MON109089;OK;3,71;6;cc/min;;1;N
2026-07-30 11:36:16;Water Leak;1.5;MON109082;OK;4,32;6;cc/min;;1;N
2026-07-30 11:38:07;Cabeçote;1.5;USI104128;OK;1,16;4;cc/min;;1;N
2026-07-30 11:38:07;Leak Zero;1.5;MON106714;OK;0,87;3;cc/min;;1;N
2026-07-30 11:39:18;Bloco;1.5;USI101375;OK;2,03;5;cc/min;;1;N
2026-07-30 11:39:39;Cabeçote;1.5;USI104145;OK;1,38;4;cc/min;;1;N
2026-07-30 11:39:39;Water Leak;1.5;MON109090;OK;3,02;6;cc/min;;1;N
2026-07-30 11:39:43;Cabeçote;1.5 Turbo;USI104124;OK;2,05;4;cc/min;;1;N
2026-07-30 11:39:43;Leak Zero;1.5 Turbo;MON106710;OK;1,53;3;cc/min;;1;N
2026-07-30 11:40:49;Cabeçote;1.5;USI104113;OK;1,78;4;cc/min;;1;N
2026-07-30 11:40:49;Leak Zero;1.5;MON106699;OK;1,33;3;cc/min;;1;N
2026-07-30 11:41:03;Cabeçote;1.5;USI104144;OK;2,85;4;cc/min;;1;N
2026-07-30 11:42:04;Cabeçote;1.5;USI104122;OK;1,66;4;cc/min;;1;N
2026-07-30 11:42:04;Leak Zero;1.5;MON106708;OK;1,25;3;cc/min;;1;N
2026-07-30 11:42:45;Cabeçote;1.0;USI104102;OK;2,29;4;cc/min;;1;N
2026-07-30 11:42:45;Leak Zero;1.0;MON106688;OK;1,72;3;cc/min;;1;N
2026-07-30 11:43:11;Cabeçote;1.5 Turbo;USI104116;OK;1,94;4;cc/min;;1;N
2026-07-30 11:43:11;Leak Zero;1.5 Turbo;MON106702;OK;1,45;3;cc/min;;1;N
2026-07-30 11:43:21;Water Leak;1.5 Turbo;MON109102;OK;3,81;6;cc/min;;1;N
2026-07-30 11:45:25;Bloco;1.0;USI101385;OK;1,14;5;cc/min;;1;N
2026-07-30 11:45:41;Bloco;1.0;USI101362;OK;1,53;5;cc/min;;1;N
2026-07-30 11:45:41;Water Leak;1.0;MON109087;OK;1,21;6;cc/min;;1;N
2026-07-30 11:46:04;Cabeçote;1.0;USI104139;OK;0,90;4;cc/min;;1;N
2026-07-30 11:46:04;Leak Zero;1.0;MON106725;OK;0,68;3;cc/min;;1;N
2026-07-30 11:46:17;Bloco;1.0;USI101376;OK;3,21;5;cc/min;;1;N
2026-07-30 11:47:01;Water Leak;1.0;MON109096;OK;1,79;6;cc/min;;1;N
2026-07-30 11:47:19;Water Leak;1.0;MON109086;OK;2,94;6;cc/min;;1;N
2026-07-30 11:48:20;Bloco;1.0;USI101388;OK;2,98;5;cc/min;;1;N
2026-07-30 11:49:25;Bloco;1.5 Turbo;USI101397;OK;3,43;5;cc/min;;1;N
2026-07-30 11:49:31;Water Leak;1.0;MON109081;OK;3,14;6;cc/min;;1;N
2026-07-30 11:49:35;Bloco;1.5;USI101379;OK;2,95;5;cc/min;;1;N
2026-07-30 11:50:59;Cabeçote;1.5;USI104121;OK;2,25;4;cc/min;;1;N
2026-07-30 11:50:59;Leak Zero;1.5;MON106707;OK;1,69;3;cc/min;;1;N
2026-07-30 11:51:00;Cabeçote;1.5 Turbo;USI104115;OK;1,32;4;cc/min;;1;N
2026-07-30 11:51:00;Leak Zero;1.5 Turbo;MON106701;OK;0,99;3;cc/min;;1;N
2026-07-30 11:52:02;Water Leak;1.0;MON109073;OK;2,07;6;cc/min;;1;N
2026-07-30 11:53:06;Cabeçote;1.5;USI104112;OK;0,68;4;cc/min;;1;N
2026-07-30 11:53:06;Leak Zero;1.5;MON106698;OK;0,51;3;cc/min;;1;N
2026-07-30 11:53:11;Bloco;1.5;USI101400;OK;0,96;5;cc/min;;1;N
2026-07-30 11:54:13;Cabeçote;1.5 Turbo;USI104143;OK;1,85;4;cc/min;;1;N
2026-07-30 11:54:13;Cabeçote;1.5;USI104137;OK;1,23;4;cc/min;;1;N
2026-07-30 11:54:13;Leak Zero;1.5;MON106723;OK;0,92;3;cc/min;;1;N
2026-07-30 11:54:37;Cabeçote;1.5;USI104103;OK;2,82;4;cc/min;;1;N
2026-07-30 11:54:37;Leak Zero;1.5;MON106689;OK;2,12;3;cc/min;;1;N
2026-07-30 11:54:44;Bloco;1.5 Turbo;USI101371;OK;1,50;5;cc/min;;1;N
2026-07-30 11:54:55;Cabeçote;1.0;USI104119;OK;2,22;4;cc/min;;1;N
2026-07-30 11:54:55;Leak Zero;1.0;MON106705;OK;1,66;3;cc/min;;1;N
2026-07-30 11:55:28;Cabeçote;1.5 Turbo;USI104141;OK;1,30;4;cc/min;;1;N
2026-07-30 11:55:43;Water Leak;1.0;MON109080;OK;3,44;6;cc/min;;1;N
2026-07-30 11:55:47;Bloco;1.0;USI101384;OK;2,09;5;cc/min;;1;N
2026-07-30 11:55:47;Bloco;1.0;USI101390;OK;1,91;5;cc/min;;1;N
2026-07-30 11:55:47;Bloco;1.5 Turbo;USI101391;OK;3,15;5;cc/min;;1;N
2026-07-30 11:55:51;Bloco;1.0;USI101383;OK;3,40;5;cc/min;;1;N
2026-07-30 11:56:07;Bloco;1.5 Turbo;USI101361;OK;2,34;5;cc/min;;1;N
2026-07-30 11:56:19;Bloco;1.0;USI101387;OK;1,26;5;cc/min;;1;N
2026-07-30 11:56:53;Cabeçote;1.5;USI104104;OK;1,63;4;cc/min;;1;N
2026-07-30 11:56:53;Leak Zero;1.5;MON106690;OK;1,22;3;cc/min;;1;N
2026-07-30 11:57:10;Bloco;1.5;USI101392;OK;2,89;5;cc/min;;1;N
2026-07-30 11:57:30;Cabeçote;1.5;USI104132;OK;2,15;4;cc/min;;1;N
2026-07-30 11:57:30;Leak Zero;1.5;MON106718;OK;1,61;3;cc/min;;1;N
2026-07-30 11:58:28;Bloco;1.0;USI101367;OK;0,91;5;cc/min;;1;N
2026-07-30 11:58:32;Cabeçote;1.5;USI104110;OK;2,36;4;cc/min;;1;N
2026-07-30 11:58:32;Leak Zero;1.5;MON106696;OK;1,77;3;cc/min;;1;N
2026-07-30 11:59:03;Cabeçote;1.5 Turbo;USI104134;OK;2,06;4;cc/min;;1;N
2026-07-30 11:59:03;Leak Zero;1.5 Turbo;MON106720;OK;1,54;3;cc/min;;1;N
2026-07-30 11:59:09;Bloco;1.0;USI101366;OK;1,51;5;cc/min;;1;N
2026-07-30 11:59:35;Cabeçote;1.5 Turbo;USI104126;OK;2,96;4;cc/min;;1;N
2026-07-30 11:59:35;Leak Zero;1.5 Turbo;MON106712;OK;2,22;3;cc/min;;1;N
2026-07-30 12:00:58;Cabeçote;1.0;USI104136;OK;1,10;4;cc/min;;1;N
2026-07-30 12:00:58;Leak Zero;1.0;MON106722;OK;0,83;3;cc/min;;1;N
2026-07-30 12:02:26;Bloco;1.5;USI101403;OK;1,95;5;cc/min;;1;N
2026-07-30 12:02:26;Cabeçote;1.5 Turbo;USI104130;OK;1,23;4;cc/min;;1;N
2026-07-30 12:02:26;Cabeçote;1.5 Turbo;USI104131;OK;0,84;4;cc/min;;1;N
2026-07-30 12:02:26;Leak Zero;1.5 Turbo;MON106716;OK;0,92;3;cc/min;;1;N
2026-07-30 12:02:26;Leak Zero;1.5 Turbo;MON106717;OK;0,63;3;cc/min;;1;N
2026-07-30 12:02:57;Cabeçote;1.5 Turbo;USI104117;OK;1,73;4;cc/min;;1;N
2026-07-30 12:02:57;Leak Zero;1.5 Turbo;MON106703;OK;1,30;3;cc/min;;1;N
2026-07-30 12:03:01;Water Leak;1.0;MON109104;OK;3,07;6;cc/min;;1;N
2026-07-30 12:03:21;Cabeçote;1.5 Turbo;USI104106;OK;3,00;4;cc/min;;1;N
2026-07-30 12:03:21;Leak Zero;1.5 Turbo;MON106692;OK;2,25;3;cc/min;;1;N
2026-07-30 12:03:56;Cabeçote;1.5 Turbo;USI104118;OK;1,42;4;cc/min;;1;N
2026-07-30 12:03:56;Leak Zero;1.5 Turbo;MON106704;OK;1,06;3;cc/min;;1;N
2026-07-30 12:04:09;Water Leak;1.0;MON109091;OK;1,72;6;cc/min;;1;N
2026-07-30 12:04:27;Bloco;1.5;USI101394;OK;2,15;5;cc/min;;1;N
2026-07-30 12:04:50;Water Leak;1.5 Turbo;MON109100;OK;3,88;6;cc/min;;1;N
2026-07-30 12:04:54;Water Leak;1.5 Turbo;MON109092;OK;2,94;6;cc/min;;1;N
2026-07-30 12:04:56;Bloco;1.5;USI101372;OK;3,49;5;cc/min;;1;N
2026-07-30 12:05:16;Bloco;1.0;USI101373;OK;1,48;5;cc/min;;1;N
2026-07-30 12:06:29;Cabeçote;1.0;USI104099;OK;1,92;4;cc/min;;1;N
2026-07-30 12:06:29;Leak Zero;1.0;MON106685;OK;1,44;3;cc/min;;1;N
2026-07-30 12:07:00;Cabeçote;1.5;USI104140;OK;1,40;4;cc/min;;1;N
2026-07-30 12:07:00;Leak Zero;1.5;MON106726;OK;1,05;3;cc/min;;1;N
2026-07-30 12:08:01;Bloco;1.5 Turbo;USI101368;OK;2,53;5;cc/min;;1;N
2026-07-30 12:08:06;Bloco;1.5;USI101370;OK;1,55;5;cc/min;;1;N
2026-07-30 12:08:12;Water Leak;1.5;MON109103;OK;2,98;6;cc/min;;1;N
2026-07-30 12:08:35;Bloco;1.5 Turbo;USI101369;OK;2,22;5;cc/min;;1;N
2026-07-30 12:09:04;Cabeçote;1.0;USI104125;OK;2,17;4;cc/min;;1;N
2026-07-30 12:09:04;Leak Zero;1.0;MON106711;OK;1,63;3;cc/min;;1;N
2026-07-30 12:09:27;Water Leak;1.5;MON109088;OK;2,45;6;cc/min;;1;N
2026-07-30 12:09:52;Cabeçote;1.5 Turbo;USI104114;OK;1,82;4;cc/min;;1;N
2026-07-30 12:09:52;Leak Zero;1.5 Turbo;MON106700;OK;1,37;3;cc/min;;1;N
2026-07-30 12:10:09;Bloco;1.0;USI101398;OK;3,10;5;cc/min;;1;N
2026-07-30 12:10:32;Cabeçote;1.5;USI104123;OK;1,04;4;cc/min;;1;N
2026-07-30 12:10:32;Leak Zero;1.5;MON106709;OK;0,78;3;cc/min;;1;N
2026-07-30 12:11:10;Bloco;1.0;USI101380;OK;2,99;5;cc/min;;1;N
2026-07-30 12:11:38;Bloco;1.5;USI101402;OK;1,50;5;cc/min;;1;N
2026-07-30 12:11:43;Cabeçote;1.0;USI104107;OK;2,33;4;cc/min;;1;N
2026-07-30 12:11:43;Leak Zero;1.0;MON106693;OK;1,75;3;cc/min;;1;N
2026-07-30 12:11:52;Cabeçote;1.0;USI104105;OK;2,65;4;cc/min;;1;N
2026-07-30 12:11:52;Leak Zero;1.0;MON106691;OK;1,99;3;cc/min;;1;N
2026-07-30 12:12:24;Bloco;1.0;USI101365;OK;3,65;5;cc/min;;1;N
2026-07-30 12:12:56;Bloco;1.5 Turbo;USI101399;OK;1,45;5;cc/min;;1;N
2026-07-30 12:12:59;Bloco;1.5 Turbo;USI101363;OK;3,49;5;cc/min;;1;N
2026-07-30 12:13:15;Water Leak;1.0;MON109095;OK;1,48;6;cc/min;;1;N
2026-07-30 12:13:54;Water Leak;1.5 Turbo;MON109076;OK;0,92;6;cc/min;;1;N
2026-07-30 12:14:09;Cabeçote;1.0;USI104100;OK;2,92;4;cc/min;;1;N
2026-07-30 12:14:09;Leak Zero;1.0;MON106686;OK;2,19;3;cc/min;;1;N
2026-07-30 12:14:17;Water Leak;1.5;MON109072;OK;3,92;6;cc/min;;1;N
2026-07-30 12:14:42;Bloco;1.5;USI101381;OK;1,21;5;cc/min;;1;N
2026-07-30 12:14:54;Water Leak;1.5;MON109075;OK;3,26;6;cc/min;;1;N
2026-07-30 12:14:59;Water Leak;1.5;MON109084;OK;1,73;6;cc/min;;1;N
2026-07-30 12:15:23;Water Leak;1.5;MON109101;OK;1,42;6;cc/min;;1;N
2026-07-30 12:15:39;Water Leak;1.5 Turbo;MON109071;OK;2,21;6;cc/min;;1;N
2026-07-30 12:15:45;Bloco;1.5 Turbo;USI101404;OK;2,51;5;cc/min;;1;N
2026-07-30 12:17:07;Cabeçote;1.5 Turbo;USI104133;OK;1,46;4;cc/min;;1;N
2026-07-30 12:17:07;Leak Zero;1.5 Turbo;MON106719;OK;1,09;3;cc/min;;1;N
2026-07-30 12:17:37;Bloco;1.5 Turbo;USI101374;OK;2,11;5;cc/min;;1;N
2026-07-30 12:17:55;Cabeçote;1.5;USI104109;OK;2,45;4;cc/min;;1;N
2026-07-30 12:17:55;Leak Zero;1.5;MON106695;OK;1,84;3;cc/min;;1;N
2026-07-30 12:18:06;Bloco;1.5;USI101401;OK;3,40;5;cc/min;;1;N
2026-07-30 12:18:15;Water Leak;1.5;MON109077;OK;1,98;6;cc/min;;1;N
2026-07-30 12:18:16;Bloco;1.5;USI101382;OK;0,98;5;cc/min;;1;N
2026-07-30 12:20:29;Bloco;1.5;USI101426;OK;1,92;5;cc/min;;1;N
2026-07-30 12:20:29;Water Leak;1.5;MON109138;OK;2,31;6;cc/min;;1;N
2026-07-30 12:21:00;Cabeçote;1.0;USI104157;OK;2,24;4;cc/min;;1;N
2026-07-30 12:21:00;Leak Zero;1.0;MON106743;OK;1,68;3;cc/min;;1;N
2026-07-30 12:21:50;Cabeçote;1.5;USI104154;OK;2,34;4;cc/min;;1;N
2026-07-30 12:21:50;Leak Zero;1.5;MON106740;OK;1,76;3;cc/min;;1;N
2026-07-30 12:22:16;Leak Zero;1.5 Turbo;MON106760;OK;1,37;3;cc/min;;1;N
2026-07-30 12:22:57;Water Leak;1.5 Turbo;MON109122;OK;1,90;6;cc/min;;1;N
2026-07-30 12:23:13;Bloco;1.5 Turbo;USI101405;OK;2,91;5;cc/min;;1;N
2026-07-30 12:23:19;Bloco;1.5 Turbo;USI101428;OK;3,59;5;cc/min;;1;N
2026-07-30 12:23:19;Water Leak;1.5 Turbo;MON109140;OK;4,30;6;cc/min;;1;N
2026-07-30 12:23:24;Cabeçote;1.5 Turbo;USI104189;OK;2,29;4;cc/min;;1;N
2026-07-30 12:24:28;Cabeçote;1.5;USI104186;OK;2,75;4;cc/min;;1;N
2026-07-30 12:24:36;Leak Zero;1.5;MON106733;OK;0,58;3;cc/min;;1;N
2026-07-30 12:25:22;Bloco;1.0;USI101437;OK;2,44;5;cc/min;;1;N
2026-07-30 12:25:28;Bloco;1.0;USI101449;OK;3,48;5;cc/min;;1;N
2026-07-30 12:25:29;Water Leak;1.5 Turbo;MON109108;OK;3,90;6;cc/min;;1;N
2026-07-30 12:28:56;Cabeçote;1.5 Turbo;USI104150;OK;2,81;4;cc/min;;1;N
2026-07-30 12:28:56;Leak Zero;1.5 Turbo;MON106736;OK;2,11;3;cc/min;;1;N
2026-07-30 12:29:49;Bloco;1.5;USI101445;OK;0,75;5;cc/min;;1;N
2026-07-30 12:30:20;Water Leak;1.5 Turbo;MON109119;OK;2,94;6;cc/min;;1;N
2026-07-30 12:31:39;Water Leak;1.5 Turbo;MON109112;OK;3,99;6;cc/min;;1;N
2026-07-30 12:31:52;Bloco;1.5 Turbo;USI101406;OK;3,33;5;cc/min;;1;N
2026-07-30 12:32:12;Cabeçote;1.5;USI104156;OK;2,08;4;cc/min;;1;N
2026-07-30 12:32:12;Leak Zero;1.5;MON106742;OK;1,56;3;cc/min;;1;N
2026-07-30 12:32:44;Bloco;1.5 Turbo;USI101409;OK;2,67;5;cc/min;;1;N
2026-07-30 12:32:55;Bloco;1.0;USI101412;OK;1,78;5;cc/min;;1;N
2026-07-30 12:33:49;Bloco;1.5 Turbo;USI101441;OK;3,03;5;cc/min;;1;N
2026-07-30 12:34:05;Bloco;1.5 Turbo;USI101434;OK;1,21;5;cc/min;;1;N
2026-07-30 12:34:07;Bloco;1.5;USI101448;OK;3,10;5;cc/min;;1;N
2026-07-30 12:34:58;Bloco;1.0;USI101446;OK;2,88;5;cc/min;;1;N
2026-07-30 12:35:07;Cabeçote;1.5;USI104193;OK;2,16;4;cc/min;;1;N
2026-07-30 12:35:19;Bloco;1.0;USI101419;OK;2,53;5;cc/min;;1;N
2026-07-30 12:35:19;Water Leak;1.0;MON109131;OK;3,04;6;cc/min;;1;N
2026-07-30 12:35:23;Cabeçote;1.0;USI104188;OK;0,73;4;cc/min;;1;N
2026-07-30 12:36:15;Cabeçote;1.5;USI104181;OK;2,82;4;cc/min;;1;N
2026-07-30 12:36:16;Cabeçote;1.5;USI104192;OK;2,88;4;cc/min;;1;N
2026-07-30 12:36:50;Leak Zero;1.0;MON106759;OK;1,25;3;cc/min;;1;N
2026-07-30 12:38:04;Leak Zero;1.5;MON106763;OK;1,69;3;cc/min;;1;N
2026-07-30 12:38:07;Bloco;1.5;USI101427;OK;1,45;5;cc/min;;1;N
2026-07-30 12:38:07;Water Leak;1.5;MON109139;OK;1,73;6;cc/min;;1;N
2026-07-30 12:39:39;Bloco;1.5;USI101444;OK;1,73;5;cc/min;;1;N
2026-07-30 12:39:41;Cabeçote;1.0;USI104180;OK;0,91;4;cc/min;;1;N
2026-07-30 12:39:43;Bloco;1.5 Turbo;USI101423;OK;2,56;5;cc/min;;1;N
2026-07-30 12:39:43;Water Leak;1.5 Turbo;MON109135;OK;3,07;6;cc/min;;1;N
2026-07-30 12:40:49;Water Leak;1.5;MON109124;OK;2,67;6;cc/min;;1;N
2026-07-30 12:41:03;Bloco;1.5;USI101443;OK;3,56;5;cc/min;;1;N
2026-07-30 12:42:04;Bloco;1.5;USI101421;OK;2,08;5;cc/min;;1;N
2026-07-30 12:42:04;Water Leak;1.5;MON109133;OK;2,49;6;cc/min;;1;N
2026-07-30 12:42:45;Water Leak;1.0;MON109113;OK;3,44;6;cc/min;;1;N
2026-07-30 12:43:11;Water Leak;1.5 Turbo;MON109127;OK;2,91;6;cc/min;;1;N
2026-07-30 12:45:25;Leak Zero;1.0;MON106732;OK;0,69;3;cc/min;;1;N
2026-07-30 12:45:41;Cabeçote;1.0;USI104184;OK;1,23;4;cc/min;;1;N
2026-07-30 12:45:53;Cabeçote;1.0;USI104166;OK;0,80;4;cc/min;;1;N
2026-07-30 12:45:53;Leak Zero;1.0;MON106752;OK;0,60;3;cc/min;;1;N
2026-07-30 12:46:04;Bloco;1.0;USI101438;OK;1,13;5;cc/min;;1;N
2026-07-30 12:46:58;Cabeçote;1.5;USI104173;OK;2,30;4;cc/min;;1;N
2026-07-30 12:47:24;Water Leak;1.5;MON109105;OK;1,62;6;cc/min;;1;N
2026-07-30 12:47:56;Cabeçote;1.5;USI104182;OK;2,76;4;cc/min;;1;N
2026-07-30 12:48:20;Cabeçote;1.0;USI104149;OK;2,39;4;cc/min;;1;N
2026-07-30 12:48:20;Leak Zero;1.0;MON106735;OK;1,79;3;cc/min;;1;N
2026-07-30 12:48:32;Leak Zero;1.5 Turbo;MON106765;OK;1,89;3;cc/min;;1;N
2026-07-30 12:49:25;Cabeçote;1.5 Turbo;USI104158;OK;2,74;4;cc/min;;1;N
2026-07-30 12:49:25;Leak Zero;1.5 Turbo;MON106744;OK;2,06;3;cc/min;;1;N
2026-07-30 12:49:31;Cabeçote;1.0;USI104191;OK;2,09;4;cc/min;;1;N
2026-07-30 12:49:38;Leak Zero;1.5 Turbo;MON106761;OK;1,73;3;cc/min;;1;N
2026-07-30 12:50:41;Leak Zero;1.5 Turbo;MON106762;OK;2,23;3;cc/min;;1;N
2026-07-30 12:50:45;Cabeçote;1.5 Turbo;USI104174;OK;2,91;4;cc/min;;1;N
2026-07-30 12:50:59;Bloco;1.5;USI101420;OK;2,82;5;cc/min;;1;N
2026-07-30 12:50:59;Water Leak;1.5;MON109132;OK;3,38;6;cc/min;;1;N
2026-07-30 12:51:00;Water Leak;1.5 Turbo;MON109126;OK;1,97;6;cc/min;;1;N
2026-07-30 12:52:13;Water Leak;1.5;MON109106;OK;0,95;6;cc/min;;1;N
2026-07-30 12:53:06;Water Leak;1.5;MON109123;OK;1,03;6;cc/min;;1;N
2026-07-30 12:53:11;Cabeçote;1.5;USI104161;OK;0,76;4;cc/min;;1;N
2026-07-30 12:53:11;Leak Zero;1.5;MON106747;OK;0,57;3;cc/min;;1;N
2026-07-30 12:53:35;Leak Zero;1.0;MON106764;OK;1,74;3;cc/min;;1;N
2026-07-30 12:54:13;Bloco;1.5 Turbo;USI101442;OK;2,31;5;cc/min;;1;N
2026-07-30 12:54:13;Bloco;1.5;USI101436;OK;1,54;5;cc/min;;1;N
2026-07-30 12:54:13;Cabeçote;1.0;USI104170;NOK;8,64;4;cc/min;Guia de válvula;1;N
2026-07-30 12:54:13;Leak Zero;1.0;MON106756;OK;1,51;3;cc/min;;1;N
2026-07-30 12:54:37;Water Leak;1.5;MON109114;OK;4,23;6;cc/min;;1;N
2026-07-30 12:54:55;Bloco;1.0;USI101418;OK;2,77;5;cc/min;;1;N
2026-07-30 12:54:55;Water Leak;1.0;MON109130;OK;3,33;6;cc/min;;1;N
2026-07-30 12:55:28;Bloco;1.5 Turbo;USI101440;OK;1,62;5;cc/min;;1;N
2026-07-30 12:55:43;Bloco;1.5;USI101447;OK;3,45;5;cc/min;;1;N
2026-07-30 12:55:43;Cabeçote;1.0;USI104190;OK;2,29;4;cc/min;;1;N
2026-07-30 12:55:47;Cabeçote;1.0;USI104151;OK;1,53;4;cc/min;;1;N
2026-07-30 12:55:47;Cabeçote;1.5 Turbo;USI104152;OK;2,52;4;cc/min;;1;N
2026-07-30 12:55:47;Leak Zero;1.0;MON106731;OK;1,26;3;cc/min;;1;N
2026-07-30 12:55:47;Leak Zero;1.0;MON106737;OK;1,15;3;cc/min;;1;N
2026-07-30 12:55:47;Leak Zero;1.5 Turbo;MON106738;OK;1,89;3;cc/min;;1;N
2026-07-30 12:55:51;Leak Zero;1.0;MON106730;OK;2,04;3;cc/min;;1;N
2026-07-30 12:56:07;Cabeçote;1.5 Turbo;USI104183;OK;1,87;4;cc/min;;1;N
2026-07-30 12:56:12;Cabeçote;1.0;USI104171;OK;2,76;4;cc/min;;1;N
2026-07-30 12:56:19;Cabeçote;1.0;USI104148;OK;1,01;4;cc/min;;1;N
2026-07-30 12:56:19;Leak Zero;1.0;MON106734;OK;0,76;3;cc/min;;1;N
2026-07-30 12:56:53;Water Leak;1.5;MON109115;OK;2,44;6;cc/min;;1;N
2026-07-30 12:57:10;Cabeçote;1.5;USI104153;OK;2,31;4;cc/min;;1;N
2026-07-30 12:57:10;Leak Zero;1.5;MON106739;OK;1,74;3;cc/min;;1;N
2026-07-30 12:57:30;Bloco;1.5;USI101431;OK;2,69;5;cc/min;;1;N
2026-07-30 12:57:30;Water Leak;1.5;MON109143;OK;3,22;6;cc/min;;1;N
2026-07-30 12:58:32;Water Leak;1.5;MON109121;OK;3,54;6;cc/min;;1;N
2026-07-30 12:59:03;Bloco;1.5 Turbo;USI101433;OK;2,57;5;cc/min;;1;N
2026-07-30 12:59:03;Water Leak;1.5 Turbo;MON109145;OK;3,08;6;cc/min;;1;N
2026-07-30 12:59:27;Bloco;1.5;USI101408;OK;3,64;5;cc/min;;1;N
2026-07-30 12:59:35;Bloco;1.5 Turbo;USI101425;OK;3,70;5;cc/min;;1;N
2026-07-30 12:59:35;Water Leak;1.5 Turbo;MON109137;OK;4,44;6;cc/min;;1;N
2026-07-30 13:00:58;Bloco;1.0;USI101435;OK;1,38;5;cc/min;;1;N
2026-07-30 13:01:36;Cabeçote;1.5 Turbo;USI104177;OK;1,36;4;cc/min;;1;N
2026-07-30 13:02:26;Bloco;1.5 Turbo;USI101429;OK;1,54;5;cc/min;;1;N
2026-07-30 13:02:26;Bloco;1.5 Turbo;USI101430;OK;1,05;5;cc/min;;1;N
2026-07-30 13:02:26;Cabeçote;1.5;USI104164;OK;1,56;4;cc/min;;1;N
2026-07-30 13:02:26;Leak Zero;1.5;MON106750;OK;1,17;3;cc/min;;1;N
2026-07-30 13:02:26;Water Leak;1.5 Turbo;MON109141;OK;1,84;6;cc/min;;1;N
2026-07-30 13:02:26;Water Leak;1.5 Turbo;MON109142;OK;1,26;6;cc/min;;1;N
2026-07-30 13:02:37;Bloco;1.5;USI101413;OK;3,24;5;cc/min;;1;N
2026-07-30 13:02:54;Cabeçote;1.5;USI104175;OK;2,37;4;cc/min;;1;N
2026-07-30 13:02:57;Bloco;1.5 Turbo;USI101416;OK;2,17;5;cc/min;;1;N
2026-07-30 13:02:57;Water Leak;1.5 Turbo;MON109128;OK;2,60;6;cc/min;;1;N
2026-07-30 13:03:02;Cabeçote;1.5 Turbo;USI104178;OK;2,90;4;cc/min;;1;N
2026-07-30 13:03:21;Water Leak;1.5 Turbo;MON109117;OK;4,50;6;cc/min;;1;N
2026-07-30 13:03:25;Cabeçote;1.5;USI104169;OK;2,43;4;cc/min;;1;N
2026-07-30 13:03:25;Leak Zero;1.5;MON106755;OK;1,82;3;cc/min;;1;N
2026-07-30 13:03:48;Bloco;1.5 Turbo;USI101407;OK;1,26;5;cc/min;;1;N
2026-07-30 13:03:56;Bloco;1.5 Turbo;USI101417;OK;1,77;5;cc/min;;1;N
2026-07-30 13:03:56;Water Leak;1.5 Turbo;MON109129;OK;2,13;6;cc/min;;1;N
2026-07-30 13:04:11;Bloco;1.5 Turbo;USI101410;OK;0,89;5;cc/min;;1;N
2026-07-30 13:04:11;Leak Zero;1.5 Turbo;MON106758;OK;2,02;3;cc/min;;1;N
2026-07-30 13:04:19;Bloco;1.0;USI101415;NOK;8,95;5;cc/min;Galeria de óleo;1;N
2026-07-30 13:04:27;Cabeçote;1.5;USI104155;OK;1,72;4;cc/min;;1;N
2026-07-30 13:04:27;Leak Zero;1.5;MON106741;OK;1,29;3;cc/min;;1;N
2026-07-30 13:06:23;Leak Zero;1.5 Turbo;MON106757;OK;1,53;3;cc/min;;1;N
2026-07-30 13:06:29;Water Leak;1.0;MON109110;OK;2,88;6;cc/min;;1;N
2026-07-30 13:07:00;Bloco;1.5;USI101439;OK;1,76;5;cc/min;;1;N
2026-07-30 13:08:06;Cabeçote;1.5;USI104179;OK;1,20;4;cc/min;;1;N
2026-07-30 13:08:15;Water Leak;1.5 Turbo;MON109109;OK;4,07;6;cc/min;;1;N
2026-07-30 13:08:48;Water Leak;1.5 Turbo;MON109107;OK;2,66;6;cc/min;;1;N
2026-07-30 13:09:04;Bloco;1.0;USI101424;OK;2,72;5;cc/min;;1;N
2026-07-30 13:09:04;Water Leak;1.0;MON109136;OK;3,26;6;cc/min;;1;N
2026-07-30 13:09:52;Water Leak;1.5 Turbo;MON109125;OK;2,73;6;cc/min;;1;N
2026-07-30 13:10:09;Cabeçote;1.0;USI104159;OK;2,48;4;cc/min;;1;N
2026-07-30 13:10:09;Leak Zero;1.0;MON106745;OK;1,86;3;cc/min;;1;N
2026-07-30 13:10:32;Bloco;1.5;USI101422;OK;1,30;5;cc/min;;1;N
2026-07-30 13:10:32;Water Leak;1.5;MON109134;OK;1,56;6;cc/min;;1;N
2026-07-30 13:11:10;Leak Zero;1.0;MON106727;OK;1,79;3;cc/min;;1;N
2026-07-30 13:11:27;Cabeçote;1.0;USI104167;OK;2,78;4;cc/min;;1;N
2026-07-30 13:11:27;Leak Zero;1.0;MON106753;OK;2,09;3;cc/min;;1;N
2026-07-30 13:11:38;Cabeçote;1.5;USI104163;OK;1,20;4;cc/min;;1;N
2026-07-30 13:11:38;Leak Zero;1.5;MON106749;OK;0,90;3;cc/min;;1;N
2026-07-30 13:11:43;Water Leak;1.0;MON109118;OK;3,50;6;cc/min;;1;N
2026-07-30 13:11:52;Water Leak;1.0;MON109116;OK;3,98;6;cc/min;;1;N
2026-07-30 13:12:24;Cabeçote;1.0;USI104187;NOK;11,37;4;cc/min;Guia de válvula;1;N
2026-07-30 13:12:36;Cabeçote;1.5;USI104172;OK;1,11;4;cc/min;;1;N
2026-07-30 13:12:56;Cabeçote;1.5 Turbo;USI104160;OK;1,16;4;cc/min;;1;N
2026-07-30 13:12:56;Leak Zero;1.5 Turbo;MON106746;OK;0,87;3;cc/min;;1;N
2026-07-30 13:12:59;Cabeçote;1.5 Turbo;USI104185;OK;2,79;4;cc/min;;1;N
2026-07-30 13:14:09;Water Leak;1.0;MON109111;OK;4,38;6;cc/min;;1;N
2026-07-30 13:14:11;Bloco;1.0;USI101411;OK;2,40;5;cc/min;;1;N
2026-07-30 13:14:42;Leak Zero;1.5;MON106728;OK;0,73;3;cc/min;;1;N
2026-07-30 13:15:45;Cabeçote;1.5 Turbo;USI104165;OK;2,01;4;cc/min;;1;N
2026-07-30 13:15:45;Leak Zero;1.5 Turbo;MON106751;OK;1,51;3;cc/min;;1;N
2026-07-30 13:16:13;Cabeçote;1.0;USI104170;OK;2,00;4;cc/min;;1;S
2026-07-30 13:17:07;Bloco;1.5 Turbo;USI101432;OK;1,82;5;cc/min;;1;N
2026-07-30 13:17:07;Water Leak;1.5 Turbo;MON109144;OK;2,18;6;cc/min;;1;N
2026-07-30 13:17:51;Bloco;1.5;USI101414;OK;2,29;5;cc/min;;1;N
2026-07-30 13:17:55;Water Leak;1.5;MON109120;OK;3,67;6;cc/min;;1;N
2026-07-30 13:18:06;Cabeçote;1.5;USI104162;OK;2,72;4;cc/min;;1;N
2026-07-30 13:18:06;Leak Zero;1.5;MON106748;OK;2,04;3;cc/min;;1;N
2026-07-30 13:18:16;Leak Zero;1.5;MON106729;OK;0,59;3;cc/min;;1;N
2026-07-30 13:19:28;Cabeçote;1.5;USI104176;OK;1,46;4;cc/min;;1;N
2026-07-30 13:20:07;Cabeçote;1.5 Turbo;USI104168;OK;0,66;4;cc/min;;1;N
2026-07-30 13:20:07;Leak Zero;1.5 Turbo;MON106754;OK;0,49;3;cc/min;;1;N
2026-07-30 13:20:15;Cabeçote;1.0;USI104206;OK;0,78;4;cc/min;;1;N
2026-07-30 13:21:00;Bloco;1.0;USI101456;OK;2,80;5;cc/min;;1;N
2026-07-30 13:21:00;Water Leak;1.0;MON109168;OK;3,37;6;cc/min;;1;N
2026-07-30 13:21:50;Bloco;1.5;USI101453;OK;2,93;5;cc/min;;1;N
2026-07-30 13:21:50;Water Leak;1.5;MON109165;OK;3,51;6;cc/min;;1;N
2026-07-30 13:22:16;Bloco;1.5 Turbo;USI101473;OK;2,28;5;cc/min;;1;N
2026-07-30 13:22:57;Cabeçote;1.5 Turbo;USI104232;OK;1,27;4;cc/min;;1;N
2026-07-30 13:23:24;Leak Zero;1.5 Turbo;MON106776;OK;1,72;3;cc/min;;1;N
2026-07-30 13:24:30;Water Leak;1.5 Turbo;MON109150;OK;2,07;6;cc/min;;1;N
2026-07-30 13:24:33;Leak Zero;1.5 Turbo;MON106795;OK;0,87;3;cc/min;;1;N
2026-07-30 13:24:36;Water Leak;1.5;MON109158;OK;1,16;6;cc/min;;1;N
2026-07-30 13:24:52;Leak Zero;1.5 Turbo;MON106791;OK;1,03;3;cc/min;;1;N
2026-07-30 13:25:29;Cabeçote;1.5 Turbo;USI104218;OK;2,60;4;cc/min;;1;N
2026-07-30 13:26:09;Bloco;1.0;USI101492;OK;2,48;5;cc/min;;1;N
2026-07-30 13:26:19;Bloco;1.0;USI101415;OK;2,50;5;cc/min;;1;S
2026-07-30 13:27:46;Bloco;1.0;USI101500;OK;2,22;5;cc/min;;1;N
2026-07-30 13:27:46;Cabeçote;1.0;USI104199;OK;1,78;4;cc/min;;1;N
2026-07-30 13:27:53;Leak Zero;1.5;MON106767;OK;1,37;3;cc/min;;1;N
2026-07-30 13:28:03;Leak Zero;1.5 Turbo;MON106794;OK;1,52;3;cc/min;;1;N
2026-07-30 13:28:56;Water Leak;1.5 Turbo;MON109161;OK;4,21;6;cc/min;;1;N
2026-07-30 13:29:20;Bloco;1.5;USI101496;OK;1,71;5;cc/min;;1;N
2026-07-30 13:29:20;Cabeçote;1.5;USI104195;OK;1,37;4;cc/min;;1;N
2026-07-30 13:29:23;Leak Zero;1.5;MON106790;OK;1,08;3;cc/min;;1;N
2026-07-30 13:30:20;Cabeçote;1.5 Turbo;USI104229;OK;1,96;4;cc/min;;1;N
2026-07-30 13:30:23;Leak Zero;1.5 Turbo;MON106796;OK;0,61;3;cc/min;;1;N
2026-07-30 13:31:11;Bloco;1.0;USI101484;OK;3,39;5;cc/min;;1;N
2026-07-30 13:31:39;Cabeçote;1.5 Turbo;USI104222;OK;2,66;4;cc/min;;1;N
2026-07-30 13:32:12;Bloco;1.5;USI101455;OK;2,60;5;cc/min;;1;N
2026-07-30 13:32:12;Water Leak;1.5;MON109167;OK;3,12;6;cc/min;;1;N
2026-07-30 13:32:42;Bloco;1.5;USI101497;OK;2,06;5;cc/min;;1;N
2026-07-30 13:32:42;Cabeçote;1.5;USI104196;OK;1,64;4;cc/min;;1;N
2026-07-30 13:34:04;Bloco;1.0;USI101489;OK;3,14;5;cc/min;;1;N
2026-07-30 13:34:24;Cabeçote;1.0;USI104187;OK;2,00;4;cc/min;;1;S
2026-07-30 13:34:36;Water Leak;1.5;MON109149;OK;1,84;6;cc/min;;1;N
2026-07-30 13:34:45;Leak Zero;1.0;MON106782;OK;1,67;3;cc/min;;1;N
2026-07-30 13:35:07;Leak Zero;1.5;MON106780;OK;1,62;3;cc/min;;1;N
2026-07-30 13:35:11;Leak Zero;1.5 Turbo;MON106766;OK;0,90;3;cc/min;;1;N
2026-07-30 13:35:19;Cabeçote;1.0;USI104241;OK;2,02;4;cc/min;;1;N
2026-07-30 13:35:23;Leak Zero;1.0;MON106775;OK;0,54;3;cc/min;;1;N
2026-07-30 13:35:51;Leak Zero;1.5;MON106771;OK;1,92;3;cc/min;;1;N
2026-07-30 13:35:55;Bloco;1.5;USI101491;OK;3,15;5;cc/min;;1;N
2026-07-30 13:35:55;Leak Zero;1.0;MON106786;OK;1,86;3;cc/min;;1;N
2026-07-30 13:35:59;Bloco;1.5 Turbo;USI101498;OK;1,47;5;cc/min;;1;N
2026-07-30 13:35:59;Cabeçote;1.5 Turbo;USI104197;OK;1,18;4;cc/min;;1;N
2026-07-30 13:36:16;Leak Zero;1.5;MON106779;OK;2,16;3;cc/min;;1;N
2026-07-30 13:36:50;Bloco;1.0;USI101472;OK;2,09;5;cc/min;;1;N
2026-07-30 13:37:40;Cabeçote;1.5 Turbo;USI104201;OK;2,78;4;cc/min;;1;N
2026-07-30 13:38:04;Bloco;1.5;USI101476;OK;2,82;5;cc/min;;1;N
2026-07-30 13:39:18;Water Leak;1.5;MON109147;OK;2,43;6;cc/min;;1;N
2026-07-30 13:39:30;Cabeçote;1.5 Turbo;USI104214;OK;2,37;4;cc/min;;1;N
2026-07-30 13:39:39;Leak Zero;1.5;MON106787;OK;1,51;3;cc/min;;1;N
2026-07-30 13:39:45;Cabeçote;1.5;USI104205;OK;1,61;4;cc/min;;1;N
2026-07-30 13:40:17;Bloco;1.5 Turbo;USI101501;OK;3,30;5;cc/min;;1;N
2026-07-30 13:40:17;Cabeçote;1.5 Turbo;USI104200;OK;2,64;4;cc/min;;1;N
2026-07-30 13:40:25;Cabeçote;1.5 Turbo;USI104213;OK;0,67;4;cc/min;;1;N
2026-07-30 13:40:36;Bloco;1.0;USI101479;OK;1,73;5;cc/min;;1;N
2026-07-30 13:40:49;Cabeçote;1.5;USI104234;OK;1,78;4;cc/min;;1;N
2026-07-30 13:41:33;Bloco;1.5 Turbo;USI101494;OK;3,00;5;cc/min;;1;N
2026-07-30 13:42:04;Cabeçote;1.5;USI104243;OK;1,66;4;cc/min;;1;N
2026-07-30 13:42:45;Cabeçote;1.0;USI104223;OK;2,29;4;cc/min;;1;N
2026-07-30 13:43:11;Cabeçote;1.5 Turbo;USI104237;OK;1,94;4;cc/min;;1;N
2026-07-30 13:43:21;Leak Zero;1.5 Turbo;MON106799;OK;1,90;3;cc/min;;1;N
2026-07-30 13:43:37;Bloco;1.0;USI101488;OK;2,67;5;cc/min;;1;N
2026-07-30 13:43:37;Cabeçote;1.5;USI104211;OK;2,02;4;cc/min;;1;N
2026-07-30 13:45:25;Water Leak;1.0;MON109157;OK;1,37;6;cc/min;;1;N
2026-07-30 13:45:41;Leak Zero;1.0;MON106784;OK;0,61;3;cc/min;;1;N
2026-07-30 13:45:53;Bloco;1.0;USI101465;OK;1,00;5;cc/min;;1;N
2026-07-30 13:45:53;Water Leak;1.0;MON109177;OK;1,20;6;cc/min;;1;N
2026-07-30 13:46:17;Water Leak;1.0;MON109148;OK;3,86;6;cc/min;;1;N
2026-07-30 13:46:41;Bloco;1.5;USI101483;OK;2,03;5;cc/min;;1;N
2026-07-30 13:47:01;Leak Zero;1.0;MON106793;OK;0,89;3;cc/min;;1;N
2026-07-30 13:47:19;Leak Zero;1.0;MON106783;OK;1,47;3;cc/min;;1;N
2026-07-30 13:47:24;Cabeçote;1.5;USI104215;OK;1,08;4;cc/min;;1;N
2026-07-30 13:48:20;Water Leak;1.0;MON109160;OK;3,58;6;cc/min;;1;N
2026-07-30 13:48:32;Bloco;1.5 Turbo;USI101478;OK;3,15;5;cc/min;;1;N
2026-07-30 13:49:25;Bloco;1.5 Turbo;USI101457;OK;3,43;5;cc/min;;1;N
2026-07-30 13:49:25;Water Leak;1.5 Turbo;MON109169;OK;4,12;6;cc/min;;1;N
2026-07-30 13:49:31;Leak Zero;1.0;MON106778;OK;1,57;3;cc/min;;1;N
2026-07-30 13:49:35;Water Leak;1.5;MON109151;OK;3,54;6;cc/min;;1;N
2026-07-30 13:49:38;Bloco;1.5 Turbo;USI101474;OK;2,89;5;cc/min;;1;N
2026-07-30 13:50:41;Bloco;1.5 Turbo;USI101475;OK;3,71;5;cc/min;;1;N
2026-07-30 13:50:59;Cabeçote;1.5;USI104242;OK;2,25;4;cc/min;;1;N
2026-07-30 13:51:00;Cabeçote;1.5 Turbo;USI104236;OK;1,32;4;cc/min;;1;N
2026-07-30 13:51:21;Cabeçote;1.0;USI104203;OK;2,03;4;cc/min;;1;N
2026-07-30 13:52:02;Leak Zero;1.0;MON106770;OK;1,04;3;cc/min;;1;N
2026-07-30 13:52:13;Cabeçote;1.5;USI104216;OK;0,63;4;cc/min;;1;N
2026-07-30 13:53:06;Cabeçote;1.5;USI104233;OK;0,68;4;cc/min;;1;N
2026-07-30 13:53:11;Bloco;1.5;USI101460;OK;0,96;5;cc/min;;1;N
2026-07-30 13:53:11;Water Leak;1.5;MON109172;OK;1,15;6;cc/min;;1;N
2026-07-30 13:53:35;Bloco;1.0;USI101477;OK;2,89;5;cc/min;;1;N
2026-07-30 13:53:58;Bloco;1.0;USI101499;OK;0,97;5;cc/min;;1;N
2026-07-30 13:53:58;Cabeçote;1.0;USI104198;OK;0,77;4;cc/min;;1;N
2026-07-30 13:54:13;Bloco;1.0;USI101469;OK;2,52;5;cc/min;;1;N
2026-07-30 13:54:37;Cabeçote;1.5;USI104224;OK;2,82;4;cc/min;;1;N
2026-07-30 13:54:55;Cabeçote;1.0;USI104240;OK;2,22;4;cc/min;;1;N
2026-07-30 13:55:43;Leak Zero;1.0;MON106777;OK;1,72;3;cc/min;;1;N
2026-07-30 13:55:46;Bloco;1.5 Turbo;USI101481;OK;2,14;5;cc/min;;1;N
2026-07-30 13:55:47;Bloco;1.0;USI101450;OK;1,91;5;cc/min;;1;N
2026-07-30 13:55:47;Bloco;1.5 Turbo;USI101451;OK;3,15;5;cc/min;;1;N
2026-07-30 13:55:47;Water Leak;1.0;MON109156;OK;2,51;6;cc/min;;1;N
2026-07-30 13:55:47;Water Leak;1.0;MON109162;OK;2,29;6;cc/min;;1;N
2026-07-30 13:55:47;Water Leak;1.5 Turbo;MON109163;OK;3,78;6;cc/min;;1;N
2026-07-30 13:55:51;Water Leak;1.0;MON109155;OK;4,08;6;cc/min;;1;N
2026-07-30 13:56:19;Bloco;1.5 Turbo;USI101485;OK;0,97;5;cc/min;;1;N
2026-07-30 13:56:19;Water Leak;1.0;MON109159;OK;1,51;6;cc/min;;1;N
2026-07-30 13:56:34;Bloco;1.0;USI101495;OK;3,62;5;cc/min;;1;N
2026-07-30 13:56:34;Cabeçote;1.0;USI104194;OK;2,90;4;cc/min;;1;N
2026-07-30 13:56:53;Cabeçote;1.5;USI104225;OK;1,63;4;cc/min;;1;N
2026-07-30 13:57:10;Bloco;1.5;USI101452;OK;2,89;5;cc/min;;1;N
2026-07-30 13:57:10;Water Leak;1.5;MON109164;OK;3,47;6;cc/min;;1;N
2026-07-30 13:58:32;Cabeçote;1.5;USI104231;OK;2,36;4;cc/min;;1;N
2026-07-30 13:58:55;Bloco;1.0;USI101493;OK;2,99;5;cc/min;;1;N
2026-07-30 13:59:29;Bloco;1.5 Turbo;USI101486;OK;3,36;5;cc/min;;1;N
2026-07-30 14:00:37;Bloco;1.0;USI101480;OK;1,55;5;cc/min;;1;N
2026-07-30 14:01:31;Bloco;1.5 Turbo;USI101482;OK;2,55;5;cc/min;;1;N
2026-07-30 14:02:26;Bloco;1.5;USI101463;OK;1,95;5;cc/min;;1;N
2026-07-30 14:02:26;Water Leak;1.5;MON109175;OK;2,33;6;cc/min;;1;N
2026-07-30 14:02:48;Cabeçote;1.0;USI104207;OK;2,05;4;cc/min;;1;N
2026-07-30 14:02:57;Cabeçote;1.5 Turbo;USI104238;OK;1,73;4;cc/min;;1;N
2026-07-30 14:03:01;Leak Zero;1.0;MON106801;OK;1,54;3;cc/min;;1;N
2026-07-30 14:03:21;Cabeçote;1.5 Turbo;USI104227;OK;3,00;4;cc/min;;1;N
2026-07-30 14:03:25;Bloco;1.5;USI101468;OK;3,03;5;cc/min;;1;N
2026-07-30 14:03:56;Cabeçote;1.5 Turbo;USI104239;OK;1,42;4;cc/min;;1;N
2026-07-30 14:04:09;Leak Zero;1.0;MON106788;OK;0,86;3;cc/min;;1;N
2026-07-30 14:04:11;Bloco;1.5 Turbo;USI101471;OK;3,37;5;cc/min;;1;N
2026-07-30 14:04:27;Bloco;1.5;USI101454;OK;2,15;5;cc/min;;1;N
2026-07-30 14:04:27;Water Leak;1.5;MON109166;OK;2,58;6;cc/min;;1;N
2026-07-30 14:04:50;Leak Zero;1.5 Turbo;MON106797;OK;1,94;3;cc/min;;1;N
2026-07-30 14:04:54;Leak Zero;1.5 Turbo;MON106789;OK;1,47;3;cc/min;;1;N
2026-07-30 14:05:51;Cabeçote;1.0;USI104202;OK;2,92;4;cc/min;;1;N
2026-07-30 14:06:23;Bloco;1.5 Turbo;USI101470;OK;2,55;5;cc/min;;1;N
2026-07-30 14:06:29;Cabeçote;1.0;USI104220;OK;1,92;4;cc/min;;1;N
2026-07-30 14:07:05;Cabeçote;1.5 Turbo;USI104209;OK;0,95;4;cc/min;;1;N
2026-07-30 14:08:12;Leak Zero;1.5;MON106800;OK;1,49;3;cc/min;;1;N
2026-07-30 14:08:15;Cabeçote;1.5 Turbo;USI104219;OK;2,71;4;cc/min;;1;N
2026-07-30 14:08:48;Cabeçote;1.5 Turbo;USI104217;OK;1,77;4;cc/min;;1;N
2026-07-30 14:09:27;Leak Zero;1.5;MON106785;OK;1,23;3;cc/min;;1;N
2026-07-30 14:09:52;Cabeçote;1.5 Turbo;USI104235;OK;1,82;4;cc/min;;1;N
2026-07-30 14:10:09;Bloco;1.0;USI101458;OK;3,10;5;cc/min;;1;N
2026-07-30 14:10:09;Water Leak;1.0;MON109170;OK;3,71;6;cc/min;;1;N
2026-07-30 14:10:32;Cabeçote;1.5;USI104244;OK;1,04;4;cc/min;;1;N
2026-07-30 14:11:10;Water Leak;1.0;MON109152;OK;3,58;6;cc/min;;1;N
2026-07-30 14:11:15;Cabeçote;1.5 Turbo;USI104212;OK;2,08;4;cc/min;;1;N
2026-07-30 14:11:27;Bloco;1.0;USI101466;OK;3,48;5;cc/min;;1;N
2026-07-30 14:11:27;Water Leak;1.0;MON109178;OK;4,17;6;cc/min;;1;N
2026-07-30 14:11:38;Bloco;1.5;USI101462;OK;1,50;5;cc/min;;1;N
2026-07-30 14:11:38;Water Leak;1.5;MON109174;OK;1,80;6;cc/min;;1;N
2026-07-30 14:11:43;Cabeçote;1.0;USI104228;OK;2,33;4;cc/min;;1;N
2026-07-30 14:11:52;Cabeçote;1.0;USI104226;OK;2,65;4;cc/min;;1;N
2026-07-30 14:12:56;Bloco;1.5 Turbo;USI101459;OK;1,45;5;cc/min;;1;N
2026-07-30 14:12:56;Water Leak;1.5 Turbo;MON109171;OK;1,74;6;cc/min;;1;N
2026-07-30 14:13:15;Leak Zero;1.0;MON106792;OK;0,74;3;cc/min;;1;N
2026-07-30 14:13:54;Leak Zero;1.5 Turbo;MON106773;OK;0,46;3;cc/min;;1;N
2026-07-30 14:14:07;Cabeçote;1.0;USI104208;OK;1,73;4;cc/min;;1;N
2026-07-30 14:14:09;Cabeçote;1.0;USI104221;OK;2,92;4;cc/min;;1;N
2026-07-30 14:14:17;Leak Zero;1.5;MON106769;OK;1,96;3;cc/min;;1;N
2026-07-30 14:14:42;Cabeçote;1.5 Turbo;USI104210;OK;2,02;4;cc/min;;1;N
2026-07-30 14:14:42;Water Leak;1.5;MON109153;OK;1,45;6;cc/min;;1;N
2026-07-30 14:14:54;Leak Zero;1.5;MON106772;OK;1,63;3;cc/min;;1;N
2026-07-30 14:14:59;Leak Zero;1.5;MON106781;OK;0,87;3;cc/min;;1;N
2026-07-30 14:15:23;Leak Zero;1.5;MON106798;OK;0,71;3;cc/min;;1;N
2026-07-30 14:15:39;Leak Zero;1.5 Turbo;MON106768;OK;1,11;3;cc/min;;1;N
2026-07-30 14:15:45;Bloco;1.5 Turbo;USI101464;OK;2,51;5;cc/min;;1;N
2026-07-30 14:15:45;Water Leak;1.5 Turbo;MON109176;OK;3,02;6;cc/min;;1;N
2026-07-30 14:16:18;Cabeçote;1.5 Turbo;USI104204;OK;2,02;4;cc/min;;1;N
2026-07-30 14:16:53;Bloco;1.5;USI101490;OK;3,17;5;cc/min;;1;N
2026-07-30 14:17:37;Water Leak;1.5 Turbo;MON109146;OK;2,53;6;cc/min;;1;N
2026-07-30 14:17:55;Cabeçote;1.5;USI104230;OK;2,45;4;cc/min;;1;N
2026-07-30 14:18:06;Bloco;1.5;USI101461;OK;3,40;5;cc/min;;1;N
2026-07-30 14:18:06;Water Leak;1.5;MON109173;OK;4,08;6;cc/min;;1;N
2026-07-30 14:18:15;Leak Zero;1.5;MON106774;OK;0,99;3;cc/min;;1;N
2026-07-30 14:18:16;Water Leak;1.5;MON109154;OK;1,18;6;cc/min;;1;N
2026-07-30 14:19:09;Bloco;1.5 Turbo;USI101487;OK;2,70;5;cc/min;;1;N
2026-07-30 14:20:07;Bloco;1.5 Turbo;USI101467;OK;0,82;5;cc/min;;2;N
2026-07-30 14:20:07;Water Leak;1.5 Turbo;MON109179;OK;0,99;6;cc/min;;2;N
2026-07-30 14:20:29;Leak Zero;1.5;MON106835;OK;1,15;3;cc/min;;2;N
2026-07-30 14:20:29;Water Leak;1.5;MON109198;OK;2,31;6;cc/min;;2;N
2026-07-30 14:21:05;Bloco;1.5 Turbo;USI101519;OK;3,07;5;cc/min;;2;N
2026-07-30 14:21:05;Cabeçote;1.5 Turbo;USI104279;OK;2,45;4;cc/min;;2;N
2026-07-30 14:22:57;Leak Zero;1.5 Turbo;MON106819;OK;0,95;3;cc/min;;2;N
2026-07-30 14:23:13;Bloco;1.5 Turbo;USI101526;OK;2,91;5;cc/min;;2;N
2026-07-30 14:23:19;Leak Zero;1.5 Turbo;MON106837;OK;2,15;3;cc/min;;2;N
2026-07-30 14:23:19;Water Leak;1.5 Turbo;MON109200;OK;4,30;6;cc/min;;2;N
2026-07-30 14:23:24;Cabeçote;1.5 Turbo;USI104249;OK;2,29;4;cc/min;;2;N
2026-07-30 14:24:28;Cabeçote;1.5;USI104246;OK;2,75;4;cc/min;;2;N
2026-07-30 14:25:22;Cabeçote;1.0;USI104257;OK;1,95;4;cc/min;;2;N
2026-07-30 14:25:22;Water Leak;1.0;MON109209;OK;2,93;6;cc/min;;2;N
2026-07-30 14:25:28;Bloco;1.0;USI101509;OK;3,48;5;cc/min;;2;N
2026-07-30 14:25:28;Cabeçote;1.0;USI104269;OK;2,78;4;cc/min;;2;N
2026-07-30 14:25:29;Leak Zero;1.5 Turbo;MON106805;OK;1,95;3;cc/min;;2;N
2026-07-30 14:26:44;Bloco;1.5;USI101517;OK;1,02;5;cc/min;;2;N
2026-07-30 14:26:44;Cabeçote;1.5;USI104277;OK;0,81;4;cc/min;;2;N
2026-07-30 14:28:46;Bloco;1.5;USI101511;OK;3,30;5;cc/min;;2;N
2026-07-30 14:28:46;Cabeçote;1.5;USI104271;OK;2,64;4;cc/min;;2;N
2026-07-30 14:29:23;Bloco;1.5;USI101503;NOK;8,63;5;cc/min;Galeria de água;2;N
2026-07-30 14:29:49;Bloco;1.5;USI101505;OK;0,75;5;cc/min;;2;N
2026-07-30 14:29:49;Cabeçote;1.5;USI104265;OK;0,60;4;cc/min;;2;N
2026-07-30 14:29:49;Water Leak;1.5;MON109217;OK;0,90;6;cc/min;;2;N
2026-07-30 14:30:20;Leak Zero;1.5 Turbo;MON106816;OK;1,47;3;cc/min;;2;N
2026-07-30 14:31:39;Leak Zero;1.5 Turbo;MON106809;OK;1,99;3;cc/min;;2;N
2026-07-30 14:31:52;Bloco;1.5 Turbo;USI101527;OK;3,33;5;cc/min;;2;N
2026-07-30 14:32:44;Bloco;1.5 Turbo;USI101530;OK;2,67;5;cc/min;;2;N
2026-07-30 14:32:44;Water Leak;1.5 Turbo;MON109181;OK;3,20;6;cc/min;;2;N
2026-07-30 14:32:55;Bloco;1.0;USI101533;OK;1,78;5;cc/min;;2;N
2026-07-30 14:32:55;Water Leak;1.0;MON109184;OK;2,14;6;cc/min;;2;N
2026-07-30 14:33:49;Cabeçote;1.5 Turbo;USI104261;OK;2,43;4;cc/min;;2;N
2026-07-30 14:33:49;Water Leak;1.5 Turbo;MON109213;OK;3,64;6;cc/min;;2;N
2026-07-30 14:34:05;Water Leak;1.5 Turbo;MON109206;OK;1,45;6;cc/min;;2;N
2026-07-30 14:34:07;Bloco;1.5;USI101508;OK;3,10;5;cc/min;;2;N
2026-07-30 14:34:07;Cabeçote;1.5;USI104268;OK;2,48;4;cc/min;;2;N
2026-07-30 14:34:07;Water Leak;1.5;MON109220;OK;3,72;6;cc/min;;2;N
2026-07-30 14:34:45;Cabeçote;1.0;USI104255;NOK;9,30;4;cc/min;Sede de válvula;2;N
2026-07-30 14:34:58;Bloco;1.0;USI101506;OK;2,88;5;cc/min;;2;N
2026-07-30 14:34:58;Cabeçote;1.0;USI104266;OK;2,31;4;cc/min;;2;N
2026-07-30 14:34:58;Water Leak;1.0;MON109218;OK;3,46;6;cc/min;;2;N
2026-07-30 14:35:07;Cabeçote;1.5;USI104253;OK;2,16;4;cc/min;;2;N
2026-07-30 14:35:19;Bloco;1.0;USI101540;OK;2,53;5;cc/min;;2;N
2026-07-30 14:35:19;Leak Zero;1.0;MON106828;OK;1,52;3;cc/min;;2;N
2026-07-30 14:35:19;Water Leak;1.0;MON109191;OK;3,04;6;cc/min;;2;N
2026-07-30 14:35:23;Cabeçote;1.0;USI104248;OK;0,73;4;cc/min;;2;N
2026-07-30 14:36:16;Cabeçote;1.5;USI104252;OK;2,88;4;cc/min;;2;N
2026-07-30 14:38:07;Leak Zero;1.5;MON106836;OK;0,87;3;cc/min;;2;N
2026-07-30 14:38:07;Water Leak;1.5;MON109199;OK;1,73;6;cc/min;;2;N
2026-07-30 14:39:39;Bloco;1.5;USI101504;OK;1,73;5;cc/min;;2;N
2026-07-30 14:39:39;Cabeçote;1.5;USI104264;OK;1,38;4;cc/min;;2;N
2026-07-30 14:39:39;Water Leak;1.5;MON109216;OK;2,08;6;cc/min;;2;N
2026-07-30 14:39:43;Leak Zero;1.5 Turbo;MON106832;OK;1,53;3;cc/min;;2;N
2026-07-30 14:39:43;Water Leak;1.5 Turbo;MON109195;OK;3,07;6;cc/min;;2;N
2026-07-30 14:40:49;Leak Zero;1.5;MON106821;OK;1,33;3;cc/min;;2;N
2026-07-30 14:41:03;Cabeçote;1.5;USI104263;OK;2,85;4;cc/min;;2;N
2026-07-30 14:41:03;Water Leak;1.5;MON109215;OK;4,27;6;cc/min;;2;N
2026-07-30 14:42:04;Bloco;1.5;USI101542;OK;2,08;5;cc/min;;2;N
2026-07-30 14:42:04;Leak Zero;1.5;MON106830;OK;1,25;3;cc/min;;2;N
2026-07-30 14:42:04;Water Leak;1.5;MON109193;OK;2,49;6;cc/min;;2;N
2026-07-30 14:42:45;Leak Zero;1.0;MON106810;OK;1,72;3;cc/min;;2;N
2026-07-30 14:43:11;Leak Zero;1.5 Turbo;MON106824;OK;1,45;3;cc/min;;2;N
2026-07-30 14:43:42;Bloco;1.0;USI101515;OK;2,35;5;cc/min;;2;N
2026-07-30 14:43:42;Cabeçote;1.0;USI104275;OK;1,88;4;cc/min;;2;N
2026-07-30 14:45:48;Bloco;1.5 Turbo;USI101521;OK;1,32;5;cc/min;;2;N
2026-07-30 14:45:48;Cabeçote;1.5 Turbo;USI104281;OK;1,06;4;cc/min;;2;N
2026-07-30 14:46:04;Cabeçote;1.0;USI104258;OK;0,90;4;cc/min;;2;N
2026-07-30 14:46:04;Water Leak;1.0;MON109210;OK;1,36;6;cc/min;;2;N
2026-07-30 14:47:24;Leak Zero;1.5;MON106802;OK;0,81;3;cc/min;;2;N
2026-07-30 14:49:31;Cabeçote;1.0;USI104251;OK;2,09;4;cc/min;;2;N
2026-07-30 14:50:59;Bloco;1.5;USI101541;OK;2,82;5;cc/min;;2;N
2026-07-30 14:50:59;Leak Zero;1.5;MON106829;OK;1,69;3;cc/min;;2;N
2026-07-30 14:50:59;Water Leak;1.5;MON109192;OK;3,38;6;cc/min;;2;N
2026-07-30 14:51:00;Leak Zero;1.5 Turbo;MON106823;OK;0,99;3;cc/min;;2;N
2026-07-30 14:51:23;Bloco;1.5;USI101503;NOK;2,50;5;cc/min;;2;S
2026-07-30 14:52:10;Bloco;1.5 Turbo;USI101522;OK;1,88;5;cc/min;;2;N
2026-07-30 14:52:10;Cabeçote;1.5 Turbo;USI104282;OK;1,50;4;cc/min;;2;N
2026-07-30 14:52:13;Leak Zero;1.5;MON106803;OK;0,48;3;cc/min;;2;N
2026-07-30 14:53:06;Leak Zero;1.5;MON106820;OK;0,51;3;cc/min;;2;N
2026-07-30 14:54:13;Cabeçote;1.5 Turbo;USI104262;OK;1,85;4;cc/min;;2;N
2026-07-30 14:54:13;Cabeçote;1.5;USI104256;OK;1,23;4;cc/min;;2;N
2026-07-30 14:54:13;Water Leak;1.5 Turbo;MON109214;OK;2,77;6;cc/min;;2;N
2026-07-30 14:54:13;Water Leak;1.5;MON109208;OK;1,85;6;cc/min;;2;N
2026-07-30 14:54:37;Leak Zero;1.5;MON106811;OK;2,12;3;cc/min;;2;N
2026-07-30 14:54:51;Bloco;1.0;USI101513;OK;1,72;5;cc/min;;2;N
2026-07-30 14:54:51;Cabeçote;1.0;USI104273;OK;1,37;4;cc/min;;2;N
2026-07-30 14:54:55;Bloco;1.0;USI101539;OK;2,77;5;cc/min;;2;N
2026-07-30 14:54:55;Leak Zero;1.0;MON106827;OK;1,66;3;cc/min;;2;N
2026-07-30 14:54:55;Water Leak;1.0;MON109190;OK;3,33;6;cc/min;;2;N
2026-07-30 14:55:28;Cabeçote;1.5 Turbo;USI104260;OK;1,30;4;cc/min;;2;N
2026-07-30 14:55:28;Water Leak;1.5 Turbo;MON109212;OK;1,95;6;cc/min;;2;N
2026-07-30 14:55:30;Bloco;1.5 Turbo;USI101523;OK;2,47;5;cc/min;;2;N
2026-07-30 14:55:30;Cabeçote;1.5 Turbo;USI104283;OK;1,98;4;cc/min;;2;N
2026-07-30 14:55:32;Bloco;1.0;USI101516;OK;3,18;5;cc/min;;2;N
2026-07-30 14:55:32;Cabeçote;1.0;USI104276;OK;2,55;4;cc/min;;2;N
2026-07-30 14:55:43;Bloco;1.5;USI101507;OK;3,45;5;cc/min;;2;N
2026-07-30 14:55:43;Cabeçote;1.0;USI104250;OK;2,29;4;cc/min;;2;N
2026-07-30 14:55:43;Cabeçote;1.5;USI104267;OK;2,76;4;cc/min;;2;N
2026-07-30 14:55:43;Water Leak;1.5;MON109219;OK;4,14;6;cc/min;;2;N
2026-07-30 14:56:15;Bloco;1.5 Turbo;USI101524;OK;2,59;5;cc/min;;2;N
2026-07-30 14:56:15;Cabeçote;1.5 Turbo;USI104284;OK;2,07;4;cc/min;;2;N
2026-07-30 14:56:20;Bloco;1.5 Turbo;USI101514;OK;2,11;5;cc/min;;2;N
2026-07-30 14:56:20;Cabeçote;1.5 Turbo;USI104274;OK;1,69;4;cc/min;;2;N
2026-07-30 14:56:45;Cabeçote;1.0;USI104255;OK;2,00;4;cc/min;;2;S
2026-07-30 14:56:53;Leak Zero;1.5;MON106812;OK;1,22;3;cc/min;;2;N
2026-07-30 14:57:30;Leak Zero;1.5;MON106840;OK;1,61;3;cc/min;;2;N
2026-07-30 14:57:30;Water Leak;1.5;MON109203;OK;3,22;6;cc/min;;2;N
2026-07-30 14:58:32;Leak Zero;1.5;MON106818;OK;1,77;3;cc/min;;2;N
2026-07-30 14:59:03;Leak Zero;1.5 Turbo;MON106842;OK;1,54;3;cc/min;;2;N
2026-07-30 14:59:03;Water Leak;1.5 Turbo;MON109205;OK;3,08;6;cc/min;;2;N
2026-07-30 14:59:27;Bloco;1.5;USI101529;OK;3,64;5;cc/min;;2;N
2026-07-30 14:59:27;Water Leak;1.5;MON109180;OK;4,36;6;cc/min;;2;N
2026-07-30 14:59:35;Leak Zero;1.5 Turbo;MON106834;OK;2,22;3;cc/min;;2;N
2026-07-30 14:59:35;Water Leak;1.5 Turbo;MON109197;OK;4,44;6;cc/min;;2;N
2026-07-30 15:00:27;Bloco;1.5;USI101525;OK;3,33;5;cc/min;;2;N
2026-07-30 15:00:27;Cabeçote;1.5;USI104285;OK;2,67;4;cc/min;;2;N
2026-07-30 15:00:58;Water Leak;1.0;MON109207;OK;1,65;6;cc/min;;2;N
2026-07-30 15:02:26;Leak Zero;1.5 Turbo;MON106838;OK;0,92;3;cc/min;;2;N
2026-07-30 15:02:26;Leak Zero;1.5 Turbo;MON106839;OK;0,63;3;cc/min;;2;N
2026-07-30 15:02:26;Water Leak;1.5 Turbo;MON109201;OK;1,84;6;cc/min;;2;N
2026-07-30 15:02:26;Water Leak;1.5 Turbo;MON109202;OK;1,26;6;cc/min;;2;N
2026-07-30 15:02:37;Bloco;1.5;USI101534;OK;3,24;5;cc/min;;2;N
2026-07-30 15:02:37;Water Leak;1.5;MON109185;OK;3,88;6;cc/min;;2;N
2026-07-30 15:02:57;Bloco;1.5 Turbo;USI101537;OK;2,17;5;cc/min;;2;N
2026-07-30 15:02:57;Leak Zero;1.5 Turbo;MON106825;OK;1,30;3;cc/min;;2;N
2026-07-30 15:02:57;Water Leak;1.5 Turbo;MON109188;OK;2,60;6;cc/min;;2;N
2026-07-30 15:03:21;Leak Zero;1.5 Turbo;MON106814;OK;2,25;3;cc/min;;2;N
2026-07-30 15:03:48;Bloco;1.5 Turbo;USI101528;OK;1,26;5;cc/min;;2;N
2026-07-30 15:03:56;Bloco;1.5 Turbo;USI101538;OK;1,77;5;cc/min;;2;N
2026-07-30 15:03:56;Leak Zero;1.5 Turbo;MON106826;OK;1,06;3;cc/min;;2;N
2026-07-30 15:03:56;Water Leak;1.5 Turbo;MON109189;OK;2,13;6;cc/min;;2;N
2026-07-30 15:04:11;Bloco;1.5 Turbo;USI101531;OK;0,89;5;cc/min;;2;N
2026-07-30 15:04:11;Water Leak;1.5 Turbo;MON109182;OK;1,07;6;cc/min;;2;N
2026-07-30 15:04:19;Bloco;1.0;USI101536;NOK;8,95;5;cc/min;Galeria de óleo;2;N
2026-07-30 15:04:19;Water Leak;1.0;MON109187;NOK;10,74;6;cc/min;Carcaça do termostato;2;N
2026-07-30 15:04:54;Bloco;1.5 Turbo;USI101502;OK;2,45;5;cc/min;;2;N
2026-07-30 15:06:29;Leak Zero;1.0;MON106807;OK;1,44;3;cc/min;;2;N
2026-07-30 15:07:00;Cabeçote;1.5;USI104259;OK;1,40;4;cc/min;;2;N
2026-07-30 15:07:00;Water Leak;1.5;MON109211;OK;2,11;6;cc/min;;2;N
2026-07-30 15:08:15;Leak Zero;1.5 Turbo;MON106806;OK;2,03;3;cc/min;;2;N
2026-07-30 15:08:37;Bloco;1.5;USI101512;OK;1,76;5;cc/min;;2;N
2026-07-30 15:08:37;Cabeçote;1.5;USI104272;OK;1,41;4;cc/min;;2;N
2026-07-30 15:08:48;Leak Zero;1.5 Turbo;MON106804;OK;1,33;3;cc/min;;2;N
2026-07-30 15:09:04;Leak Zero;1.0;MON106833;OK;1,63;3;cc/min;;2;N
2026-07-30 15:09:04;Water Leak;1.0;MON109196;OK;3,26;6;cc/min;;2;N
2026-07-30 15:09:52;Bloco;1.5;USI101510;OK;1,92;5;cc/min;;2;N
2026-07-30 15:09:52;Cabeçote;1.5;USI104270;OK;1,54;4;cc/min;;2;N
2026-07-30 15:09:52;Leak Zero;1.5 Turbo;MON106822;OK;1,37;3;cc/min;;2;N
2026-07-30 15:10:32;Bloco;1.5;USI101543;OK;1,30;5;cc/min;;2;N
2026-07-30 15:10:32;Leak Zero;1.5;MON106831;OK;0,78;3;cc/min;;2;N
2026-07-30 15:10:32;Water Leak;1.5;MON109194;OK;1,56;6;cc/min;;2;N
2026-07-30 15:10:56;Bloco;1.5;USI101520;OK;3,45;5;cc/min;;2;N
2026-07-30 15:10:56;Cabeçote;1.5;USI104280;OK;2,76;4;cc/min;;2;N
2026-07-30 15:11:43;Leak Zero;1.0;MON106815;OK;1,75;3;cc/min;;2;N
2026-07-30 15:11:52;Leak Zero;1.0;MON106813;OK;1,99;3;cc/min;;2;N
2026-07-30 15:12:24;Cabeçote;1.0;USI104247;NOK;11,37;4;cc/min;Guia de válvula;2;N
2026-07-30 15:12:59;Cabeçote;1.5 Turbo;USI104245;OK;2,79;4;cc/min;;2;N
2026-07-30 15:14:09;Leak Zero;1.0;MON106808;OK;2,19;3;cc/min;;2;N
2026-07-30 15:14:11;Bloco;1.0;USI101532;OK;2,40;5;cc/min;;2;N
2026-07-30 15:14:11;Water Leak;1.0;MON109183;OK;2,88;6;cc/min;;2;N
2026-07-30 15:14:59;Cabeçote;1.5;USI104254;OK;1,16;4;cc/min;;2;N
2026-07-30 15:15:05;Bloco;1.5 Turbo;USI101518;OK;3,15;5;cc/min;;2;N
2026-07-30 15:15:05;Cabeçote;1.5 Turbo;USI104278;OK;2,52;4;cc/min;;2;N
2026-07-30 15:17:07;Leak Zero;1.5 Turbo;MON106841;OK;1,09;3;cc/min;;2;N
2026-07-30 15:17:07;Water Leak;1.5 Turbo;MON109204;OK;2,18;6;cc/min;;2;N
2026-07-30 15:17:51;Bloco;1.5;USI101535;OK;2,29;5;cc/min;;2;N
2026-07-30 15:17:51;Water Leak;1.5;MON109186;OK;2,75;6;cc/min;;2;N
2026-07-30 15:17:55;Leak Zero;1.5;MON106817;OK;1,84;3;cc/min;;2;N
2026-07-30 15:21:00;Leak Zero;1.0;MON106865;OK;1,68;3;cc/min;;2;N
2026-07-30 15:21:00;Water Leak;1.0;MON109228;OK;3,37;6;cc/min;;2;N
2026-07-30 15:21:05;Bloco;1.5 Turbo;USI101578;OK;3,07;5;cc/min;;2;N
2026-07-30 15:21:50;Leak Zero;1.5;MON106862;OK;1,76;3;cc/min;;2;N
2026-07-30 15:21:50;Water Leak;1.5;MON109225;OK;3,51;6;cc/min;;2;N
2026-07-30 15:22:16;Water Leak;1.5 Turbo;MON109245;OK;2,73;6;cc/min;;2;N
2026-07-30 15:23:13;Bloco;1.5 Turbo;USI101585;OK;2,91;5;cc/min;;2;N
2026-07-30 15:23:24;Bloco;1.5 Turbo;USI101548;OK;2,86;5;cc/min;;2;N
2026-07-30 15:23:24;Cabeçote;1.5 Turbo;USI104308;OK;2,29;4;cc/min;;2;N
2026-07-30 15:24:28;Bloco;1.5;USI101545;OK;3,44;5;cc/min;;2;N
2026-07-30 15:24:28;Cabeçote;1.5;USI104305;OK;2,75;4;cc/min;;2;N
2026-07-30 15:24:30;Leak Zero;1.5 Turbo;MON106847;OK;1,03;3;cc/min;;2;N
2026-07-30 15:24:36;Leak Zero;1.5;MON106855;OK;0,58;3;cc/min;;2;N
2026-07-30 15:25:22;Cabeçote;1.0;USI104316;OK;1,95;4;cc/min;;2;N
2026-07-30 15:25:28;Bloco;1.0;USI101568;OK;3,48;5;cc/min;;2;N
2026-07-30 15:26:19;Bloco;1.0;USI101536;OK;2,50;5;cc/min;;2;S
2026-07-30 15:26:19;Water Leak;1.0;MON109187;OK;3,00;6;cc/min;;2;S
2026-07-30 15:26:44;Bloco;1.5;USI101576;OK;1,02;5;cc/min;;2;N
2026-07-30 15:28:46;Bloco;1.5;USI101570;OK;3,30;5;cc/min;;2;N
2026-07-30 15:28:56;Leak Zero;1.5 Turbo;MON106858;OK;2,11;3;cc/min;;2;N
2026-07-30 15:28:56;Water Leak;1.5 Turbo;MON109221;OK;4,21;6;cc/min;;2;N
2026-07-30 15:29:23;Bloco;1.5;USI101562;NOK;8,63;5;cc/min;Galeria de água;2;N
2026-07-30 15:29:49;Bloco;1.5;USI101564;OK;0,75;5;cc/min;;2;N
2026-07-30 15:31:52;Bloco;1.5 Turbo;USI101586;OK;3,33;5;cc/min;;2;N
2026-07-30 15:32:12;Leak Zero;1.5;MON106864;OK;1,56;3;cc/min;;2;N
2026-07-30 15:32:12;Water Leak;1.5;MON109227;OK;3,12;6;cc/min;;2;N
2026-07-30 15:33:49;Cabeçote;1.5 Turbo;USI104320;OK;2,43;4;cc/min;;2;N
2026-07-30 15:34:07;Bloco;1.5;USI101567;OK;3,10;5;cc/min;;2;N
2026-07-30 15:34:24;Cabeçote;1.0;USI104247;OK;2,00;4;cc/min;;2;S
2026-07-30 15:34:36;Leak Zero;1.5;MON106846;OK;0,92;3;cc/min;;2;N
2026-07-30 15:34:45;Bloco;1.0;USI101554;OK;2,79;5;cc/min;;2;N
2026-07-30 15:34:45;Cabeçote;1.0;USI104314;NOK;9,30;4;cc/min;Sede de válvula;2;N
2026-07-30 15:34:58;Bloco;1.0;USI101565;OK;2,88;5;cc/min;;2;N
2026-07-30 15:35:07;Bloco;1.5;USI101552;OK;2,69;5;cc/min;;2;N
2026-07-30 15:35:07;Cabeçote;1.5;USI104312;OK;2,16;4;cc/min;;2;N
2026-07-30 15:35:23;Bloco;1.0;USI101547;OK;0,91;5;cc/min;;2;N
2026-07-30 15:35:23;Cabeçote;1.0;USI104307;OK;0,73;4;cc/min;;2;N
2026-07-30 15:35:55;Bloco;1.0;USI101558;OK;3,09;5;cc/min;;2;N
2026-07-30 15:36:15;Cabeçote;1.5;USI104300;OK;2,82;4;cc/min;;2;N
2026-07-30 15:36:16;Bloco;1.5;USI101551;OK;3,60;5;cc/min;;2;N
2026-07-30 15:36:16;Cabeçote;1.5;USI104311;OK;2,88;4;cc/min;;2;N
2026-07-30 15:36:50;Water Leak;1.0;MON109244;OK;2,51;6;cc/min;;2;N
2026-07-30 15:38:04;Water Leak;1.5;MON109248;OK;3,39;6;cc/min;;2;N
2026-07-30 15:39:18;Leak Zero;1.5;MON106844;OK;1,22;3;cc/min;;2;N
2026-07-30 15:39:39;Bloco;1.5;USI101559;OK;2,52;5;cc/min;;2;N
2026-07-30 15:39:39;Bloco;1.5;USI101563;OK;1,73;5;cc/min;;2;N
2026-07-30 15:39:41;Cabeçote;1.0;USI104299;OK;0,91;4;cc/min;;2;N
2026-07-30 15:40:36;Water Leak;1.0;MON109251;OK;2,07;6;cc/min;;2;N
2026-07-30 15:43:42;Bloco;1.0;USI101574;OK;2,35;5;cc/min;;2;N
2026-07-30 15:45:25;Leak Zero;1.0;MON106854;OK;0,69;3;cc/min;;2;N
2026-07-30 15:45:41;Bloco;1.0;USI101556;OK;1,01;5;cc/min;;2;N
2026-07-30 15:45:41;Cabeçote;1.0;USI104303;OK;1,23;4;cc/min;;2;N
2026-07-30 15:45:48;Bloco;1.5 Turbo;USI101580;OK;1,32;5;cc/min;;2;N
2026-07-30 15:45:53;Leak Zero;1.0;MON106874;OK;0,60;3;cc/min;;2;N
2026-07-30 15:45:53;Water Leak;1.0;MON109237;OK;1,20;6;cc/min;;2;N
2026-07-30 15:46:04;Cabeçote;1.0;USI104317;OK;0,90;4;cc/min;;2;N
2026-07-30 15:46:17;Leak Zero;1.0;MON106845;OK;1,93;3;cc/min;;2;N
2026-07-30 15:46:58;Cabeçote;1.5;USI104292;OK;2,30;4;cc/min;;2;N
2026-07-30 15:47:19;Bloco;1.0;USI101555;OK;2,45;5;cc/min;;2;N
2026-07-30 15:47:56;Cabeçote;1.5;USI104301;OK;2,76;4;cc/min;;2;N
2026-07-30 15:48:20;Leak Zero;1.0;MON106857;OK;1,79;3;cc/min;;2;N
2026-07-30 15:48:32;Water Leak;1.5 Turbo;MON109250;OK;3,78;6;cc/min;;2;N
2026-07-30 15:49:25;Leak Zero;1.5 Turbo;MON106866;OK;2,06;3;cc/min;;2;N
2026-07-30 15:49:25;Water Leak;1.5 Turbo;MON109229;OK;4,12;6;cc/min;;2;N
2026-07-30 15:49:31;Bloco;1.0;USI101550;OK;2,62;5;cc/min;;2;N
2026-07-30 15:49:31;Cabeçote;1.0;USI104310;OK;2,09;4;cc/min;;2;N
2026-07-30 15:49:35;Leak Zero;1.5;MON106848;OK;1,77;3;cc/min;;2;N
2026-07-30 15:49:38;Water Leak;1.5 Turbo;MON109246;OK;3,46;6;cc/min;;2;N
2026-07-30 15:50:41;Water Leak;1.5 Turbo;MON109247;OK;4,46;6;cc/min;;2;N
2026-07-30 15:50:45;Cabeçote;1.5 Turbo;USI104293;OK;2,91;4;cc/min;;2;N
2026-07-30 15:51:23;Bloco;1.5;USI101562;NOK;2,50;5;cc/min;;2;S
2026-07-30 15:52:10;Bloco;1.5 Turbo;USI101581;OK;1,88;5;cc/min;;2;N
2026-07-30 15:53:11;Leak Zero;1.5;MON106869;OK;0,57;3;cc/min;;2;N
2026-07-30 15:53:11;Water Leak;1.5;MON109232;OK;1,15;6;cc/min;;2;N
2026-07-30 15:53:35;Water Leak;1.0;MON109249;OK;3,47;6;cc/min;;2;N
2026-07-30 15:54:13;Cabeçote;1.0;USI104289;NOK;8,64;4;cc/min;Guia de válvula;2;N
2026-07-30 15:54:13;Cabeçote;1.5 Turbo;USI104321;OK;1,85;4;cc/min;;2;N
2026-07-30 15:54:13;Cabeçote;1.5;USI104315;OK;1,23;4;cc/min;;2;N
2026-07-30 15:54:13;Water Leak;1.0;MON109241;OK;3,02;6;cc/min;;2;N
2026-07-30 15:54:51;Bloco;1.0;USI101572;OK;1,72;5;cc/min;;2;N
2026-07-30 15:55:28;Cabeçote;1.5 Turbo;USI104319;OK;1,30;4;cc/min;;2;N
2026-07-30 15:55:30;Bloco;1.5 Turbo;USI101582;OK;2,47;5;cc/min;;2;N
2026-07-30 15:55:32;Bloco;1.0;USI101575;OK;3,18;5;cc/min;;2;N
2026-07-30 15:55:43;Bloco;1.0;USI101549;OK;2,86;5;cc/min;;2;N
2026-07-30 15:55:43;Bloco;1.5;USI101566;OK;3,45;5;cc/min;;2;N
2026-07-30 15:55:43;Cabeçote;1.0;USI104309;OK;2,29;4;cc/min;;2;N
2026-07-30 15:55:47;Leak Zero;1.0;MON106853;OK;1,26;3;cc/min;;2;N
2026-07-30 15:55:47;Leak Zero;1.0;MON106859;OK;1,15;3;cc/min;;2;N
2026-07-30 15:55:47;Leak Zero;1.5 Turbo;MON106860;OK;1,89;3;cc/min;;2;N
2026-07-30 15:55:47;Water Leak;1.0;MON109222;OK;2,29;6;cc/min;;2;N
2026-07-30 15:55:47;Water Leak;1.5 Turbo;MON109223;OK;3,78;6;cc/min;;2;N
2026-07-30 15:55:51;Leak Zero;1.0;MON106852;OK;2,04;3;cc/min;;2;N
2026-07-30 15:56:07;Cabeçote;1.5 Turbo;USI104302;OK;1,87;4;cc/min;;2;N
2026-07-30 15:56:12;Cabeçote;1.0;USI104290;OK;2,76;4;cc/min;;2;N
2026-07-30 15:56:15;Bloco;1.5 Turbo;USI101583;OK;2,59;5;cc/min;;2;N
2026-07-30 15:56:19;Leak Zero;1.0;MON106856;OK;0,76;3;cc/min;;2;N
2026-07-30 15:56:20;Bloco;1.5 Turbo;USI101573;OK;2,11;5;cc/min;;2;N
2026-07-30 15:56:45;Cabeçote;1.0;USI104314;OK;2,00;4;cc/min;;2;S
2026-07-30 15:57:10;Leak Zero;1.5;MON106861;OK;1,74;3;cc/min;;2;N
2026-07-30 15:57:10;Water Leak;1.5;MON109224;OK;3,47;6;cc/min;;2;N
2026-07-30 16:00:27;Bloco;1.5;USI101584;OK;3,33;5;cc/min;;2;N
2026-07-30 16:00:37;Water Leak;1.0;MON109252;OK;1,87;6;cc/min;;2;N
2026-07-30 16:01:36;Cabeçote;1.5 Turbo;USI104296;OK;1,36;4;cc/min;;2;N
2026-07-30 16:02:26;Leak Zero;1.5;MON106872;OK;1,17;3;cc/min;;2;N
2026-07-30 16:02:26;Water Leak;1.5;MON109235;OK;2,33;6;cc/min;;2;N
2026-07-30 16:02:54;Cabeçote;1.5;USI104294;OK;2,37;4;cc/min;;2;N
2026-07-30 16:03:02;Cabeçote;1.5 Turbo;USI104297;OK;2,90;4;cc/min;;2;N
2026-07-30 16:03:25;Cabeçote;1.5;USI104288;OK;2,43;4;cc/min;;2;N
2026-07-30 16:03:25;Water Leak;1.5;MON109240;OK;3,64;6;cc/min;;2;N
2026-07-30 16:04:09;Bloco;1.0;USI101560;OK;1,43;5;cc/min;;2;N
2026-07-30 16:04:11;Water Leak;1.5 Turbo;MON109243;OK;4,05;6;cc/min;;2;N
2026-07-30 16:04:27;Leak Zero;1.5;MON106863;OK;1,29;3;cc/min;;2;N
2026-07-30 16:04:27;Water Leak;1.5;MON109226;OK;2,58;6;cc/min;;2;N
2026-07-30 16:04:54;Bloco;1.5 Turbo;USI101561;OK;2,45;5;cc/min;;2;N
2026-07-30 16:06:23;Water Leak;1.5 Turbo;MON109242;OK;3,06;6;cc/min;;2;N
2026-07-30 16:07:00;Cabeçote;1.5;USI104318;OK;1,40;4;cc/min;;2;N
2026-07-30 16:08:06;Cabeçote;1.5;USI104298;OK;1,20;4;cc/min;;2;N
2026-07-30 16:08:37;Bloco;1.5;USI101571;OK;1,76;5;cc/min;;2;N
2026-07-30 16:09:27;Bloco;1.5;USI101557;OK;2,04;5;cc/min;;2;N
2026-07-30 16:09:52;Bloco;1.5;USI101569;OK;1,92;5;cc/min;;2;N
2026-07-30 16:10:09;Leak Zero;1.0;MON106867;OK;1,86;3;cc/min;;2;N
2026-07-30 16:10:09;Water Leak;1.0;MON109230;OK;3,71;6;cc/min;;2;N
2026-07-30 16:10:56;Bloco;1.5;USI101579;OK;3,45;5;cc/min;;2;N
2026-07-30 16:11:10;Leak Zero;1.0;MON106849;OK;1,79;3;cc/min;;2;N
2026-07-30 16:11:27;Cabeçote;1.0;USI104286;OK;2,78;4;cc/min;;2;N
2026-07-30 16:11:27;Leak Zero;1.0;MON106875;OK;2,09;3;cc/min;;2;N
2026-07-30 16:11:27;Water Leak;1.0;MON109238;OK;4,17;6;cc/min;;2;N
2026-07-30 16:11:38;Leak Zero;1.5;MON106871;OK;0,90;3;cc/min;;2;N
2026-07-30 16:11:38;Water Leak;1.5;MON109234;OK;1,80;6;cc/min;;2;N
2026-07-30 16:12:24;Bloco;1.0;USI101546;NOK;14,21;5;cc/min;Face de fogo;2;N
2026-07-30 16:12:24;Cabeçote;1.0;USI104306;NOK;11,37;4;cc/min;Guia de válvula;2;N
2026-07-30 16:12:36;Cabeçote;1.5;USI104291;OK;1,11;4;cc/min;;2;N
2026-07-30 16:12:56;Leak Zero;1.5 Turbo;MON106868;OK;0,87;3;cc/min;;2;N
2026-07-30 16:12:56;Water Leak;1.5 Turbo;MON109231;OK;1,74;6;cc/min;;2;N
2026-07-30 16:12:59;Bloco;1.5 Turbo;USI101544;OK;3,49;5;cc/min;;2;N
2026-07-30 16:12:59;Cabeçote;1.5 Turbo;USI104304;OK;2,79;4;cc/min;;2;N
2026-07-30 16:14:42;Leak Zero;1.5;MON106850;OK;0,73;3;cc/min;;2;N
2026-07-30 16:14:59;Bloco;1.5;USI101553;OK;1,45;5;cc/min;;2;N
2026-07-30 16:14:59;Cabeçote;1.5;USI104313;OK;1,16;4;cc/min;;2;N
2026-07-30 16:15:05;Bloco;1.5 Turbo;USI101577;OK;3,15;5;cc/min;;2;N
2026-07-30 16:15:45;Leak Zero;1.5 Turbo;MON106873;OK;1,51;3;cc/min;;2;N
2026-07-30 16:15:45;Water Leak;1.5 Turbo;MON109236;OK;3,02;6;cc/min;;2;N
2026-07-30 16:16:13;Cabeçote;1.0;USI104289;OK;2,00;4;cc/min;;2;S
2026-07-30 16:17:37;Leak Zero;1.5 Turbo;MON106843;OK;1,26;3;cc/min;;2;N
2026-07-30 16:18:06;Leak Zero;1.5;MON106870;OK;2,04;3;cc/min;;2;N
2026-07-30 16:18:06;Water Leak;1.5;MON109233;OK;4,08;6;cc/min;;2;N
2026-07-30 16:18:16;Leak Zero;1.5;MON106851;OK;0,59;3;cc/min;;2;N
2026-07-30 16:19:28;Cabeçote;1.5;USI104295;OK;1,46;4;cc/min;;2;N
2026-07-30 16:20:07;Cabeçote;1.5 Turbo;USI104287;OK;0,66;4;cc/min;;2;N
2026-07-30 16:20:07;Leak Zero;1.5 Turbo;MON106876;OK;0,49;3;cc/min;;2;N
2026-07-30 16:20:07;Water Leak;1.5 Turbo;MON109239;OK;0,99;6;cc/min;;2;N
2026-07-30 16:20:29;Leak Zero;1.5;MON106895;OK;1,15;3;cc/min;;2;N
2026-07-30 16:21:00;Cabeçote;1.0;USI104335;OK;2,24;4;cc/min;;2;N
2026-07-30 16:21:50;Cabeçote;1.5;USI104332;OK;2,34;4;cc/min;;2;N
2026-07-30 16:23:19;Leak Zero;1.5 Turbo;MON106897;OK;2,15;3;cc/min;;2;N
2026-07-30 16:23:24;Bloco;1.5 Turbo;USI101607;OK;2,86;5;cc/min;;2;N
2026-07-30 16:23:24;Water Leak;1.5 Turbo;MON109261;OK;3,44;6;cc/min;;2;N
2026-07-30 16:24:28;Bloco;1.5;USI101604;OK;3,44;5;cc/min;;2;N
2026-07-30 16:24:33;Water Leak;1.5 Turbo;MON109280;OK;1,74;6;cc/min;;2;N
2026-07-30 16:24:36;Cabeçote;1.5;USI104325;OK;0,78;4;cc/min;;2;N
2026-07-30 16:24:52;Water Leak;1.5 Turbo;MON109276;OK;2,07;6;cc/min;;2;N
2026-07-30 16:25:22;Leak Zero;1.0;MON106906;OK;1,46;3;cc/min;;2;N
2026-07-30 16:25:28;Bloco;1.0;USI101627;OK;3,48;5;cc/min;;2;N
2026-07-30 16:26:44;Bloco;1.5;USI101635;OK;1,02;5;cc/min;;2;N
2026-07-30 16:28:03;Water Leak;1.5 Turbo;MON109279;OK;3,03;6;cc/min;;2;N
2026-07-30 16:28:46;Bloco;1.5;USI101629;OK;3,30;5;cc/min;;2;N
2026-07-30 16:28:56;Cabeçote;1.5 Turbo;USI104328;OK;2,81;4;cc/min;;2;N
2026-07-30 16:29:23;Bloco;1.5;USI101621;NOK;8,63;5;cc/min;Galeria de água;2;N
2026-07-30 16:29:23;Water Leak;1.5;MON109275;OK;2,15;6;cc/min;;2;N
2026-07-30 16:29:49;Bloco;1.5;USI101623;OK;0,75;5;cc/min;;2;N
2026-07-30 16:29:49;Leak Zero;1.5;MON106914;OK;0,45;3;cc/min;;2;N
2026-07-30 16:30:23;Water Leak;1.5 Turbo;MON109281;OK;1,22;6;cc/min;;2;N
2026-07-30 16:32:12;Cabeçote;1.5;USI104334;OK;2,08;4;cc/min;;2;N
2026-07-30 16:32:44;Leak Zero;1.5 Turbo;MON106878;OK;1,60;3;cc/min;;2;N
2026-07-30 16:32:55;Leak Zero;1.0;MON106881;OK;1,07;3;cc/min;;2;N
2026-07-30 16:33:49;Leak Zero;1.5 Turbo;MON106910;OK;1,82;3;cc/min;;2;N
2026-07-30 16:34:05;Leak Zero;1.5 Turbo;MON106903;OK;0,72;3;cc/min;;2;N
2026-07-30 16:34:07;Bloco;1.5;USI101626;OK;3,10;5;cc/min;;2;N
2026-07-30 16:34:07;Leak Zero;1.5;MON106917;OK;1,86;3;cc/min;;2;N
2026-07-30 16:34:24;Bloco;1.0;USI101546;OK;2,50;5;cc/min;;2;S
2026-07-30 16:34:24;Cabeçote;1.0;USI104306;OK;2,00;4;cc/min;;2;S
2026-07-30 16:34:45;Bloco;1.0;USI101613;OK;2,79;5;cc/min;;2;N
2026-07-30 16:34:45;Water Leak;1.0;MON109267;OK;3,35;6;cc/min;;2;N
2026-07-30 16:34:58;Bloco;1.0;USI101624;OK;2,88;5;cc/min;;2;N
2026-07-30 16:34:58;Leak Zero;1.0;MON106915;OK;1,73;3;cc/min;;2;N
2026-07-30 16:35:07;Bloco;1.5;USI101611;OK;2,69;5;cc/min;;2;N
2026-07-30 16:35:07;Water Leak;1.5;MON109265;OK;3,23;6;cc/min;;2;N
2026-07-30 16:35:19;Leak Zero;1.0;MON106888;OK;1,52;3;cc/min;;2;N
2026-07-30 16:35:23;Bloco;1.0;USI101606;OK;0,91;5;cc/min;;2;N
2026-07-30 16:35:23;Water Leak;1.0;MON109260;OK;1,09;6;cc/min;;2;N
2026-07-30 16:35:51;Water Leak;1.5;MON109256;OK;3,83;6;cc/min;;2;N
2026-07-30 16:35:55;Bloco;1.0;USI101617;OK;3,09;5;cc/min;;2;N
2026-07-30 16:35:55;Water Leak;1.0;MON109271;OK;3,71;6;cc/min;;2;N
2026-07-30 16:36:15;Bloco;1.5;USI101599;OK;3,52;5;cc/min;;2;N
2026-07-30 16:36:15;Cabeçote;1.5;USI104359;OK;2,82;4;cc/min;;2;N
2026-07-30 16:36:16;Bloco;1.5;USI101610;OK;3,60;5;cc/min;;2;N
2026-07-30 16:36:16;Water Leak;1.5;MON109264;OK;4,32;6;cc/min;;2;N
2026-07-30 16:38:07;Leak Zero;1.5;MON106896;OK;0,87;3;cc/min;;2;N
2026-07-30 16:39:39;Bloco;1.5;USI101618;OK;2,52;5;cc/min;;2;N
2026-07-30 16:39:39;Bloco;1.5;USI101622;OK;1,73;5;cc/min;;2;N
2026-07-30 16:39:39;Leak Zero;1.5;MON106913;OK;1,04;3;cc/min;;2;N
2026-07-30 16:39:39;Water Leak;1.5;MON109272;OK;3,02;6;cc/min;;2;N
2026-07-30 16:39:41;Bloco;1.0;USI101598;OK;1,14;5;cc/min;;2;N
2026-07-30 16:39:41;Cabeçote;1.0;USI104358;OK;0,91;4;cc/min;;2;N
2026-07-30 16:39:43;Leak Zero;1.5 Turbo;MON106892;OK;1,53;3;cc/min;;2;N
2026-07-30 16:41:03;Leak Zero;1.5;MON106912;OK;2,13;3;cc/min;;2;N
2026-07-30 16:42:04;Leak Zero;1.5;MON106890;OK;1,25;3;cc/min;;2;N
2026-07-30 16:43:21;Water Leak;1.5 Turbo;MON109284;OK;3,81;6;cc/min;;2;N
2026-07-30 16:43:42;Bloco;1.0;USI101633;OK;2,35;5;cc/min;;2;N
2026-07-30 16:45:25;Cabeçote;1.0;USI104324;OK;0,92;4;cc/min;;2;N
2026-07-30 16:45:41;Bloco;1.0;USI101602;OK;1,53;5;cc/min;;2;N
2026-07-30 16:45:41;Bloco;1.0;USI101615;OK;1,01;5;cc/min;;2;N
2026-07-30 16:45:41;Cabeçote;1.0;USI104362;OK;1,23;4;cc/min;;2;N
2026-07-30 16:45:41;Water Leak;1.0;MON109269;OK;1,21;6;cc/min;;2;N
2026-07-30 16:45:53;Cabeçote;1.0;USI104344;OK;0,80;4;cc/min;;2;N
2026-07-30 16:46:04;Leak Zero;1.0;MON106907;OK;0,68;3;cc/min;;2;N
2026-07-30 16:46:58;Bloco;1.5;USI101591;OK;2,87;5;cc/min;;2;N
2026-07-30 16:46:58;Cabeçote;1.5;USI104351;OK;2,30;4;cc/min;;2;N
2026-07-30 16:47:01;Water Leak;1.0;MON109278;OK;1,79;6;cc/min;;2;N
2026-07-30 16:47:19;Bloco;1.0;USI101614;OK;2,45;5;cc/min;;2;N
2026-07-30 16:47:19;Water Leak;1.0;MON109268;OK;2,94;6;cc/min;;2;N
2026-07-30 16:47:56;Bloco;1.5;USI101600;OK;3,46;5;cc/min;;2;N
2026-07-30 16:47:56;Cabeçote;1.5;USI104360;OK;2,76;4;cc/min;;2;N
2026-07-30 16:48:14;Water Leak;1.5;MON109288;OK;3,02;6;cc/min;;2;N
2026-07-30 16:48:20;Cabeçote;1.0;USI104327;OK;2,39;4;cc/min;;2;N
2026-07-30 16:49:25;Cabeçote;1.5 Turbo;USI104336;OK;2,74;4;cc/min;;2;N
2026-07-30 16:49:31;Bloco;1.0;USI101609;OK;2,62;5;cc/min;;2;N
2026-07-30 16:49:31;Water Leak;1.0;MON109263;OK;3,14;6;cc/min;;2;N
2026-07-30 16:50:45;Bloco;1.5 Turbo;USI101592;OK;3,63;5;cc/min;;2;N
2026-07-30 16:50:45;Cabeçote;1.5 Turbo;USI104352;OK;2,91;4;cc/min;;2;N
2026-07-30 16:50:59;Leak Zero;1.5;MON106889;OK;1,69;3;cc/min;;2;N
2026-07-30 16:51:23;Bloco;1.5;USI101621;NOK;2,50;5;cc/min;;2;S
2026-07-30 16:52:02;Water Leak;1.0;MON109255;OK;2,07;6;cc/min;;2;N
2026-07-30 16:53:11;Cabeçote;1.5;USI104339;OK;0,76;4;cc/min;;2;N
2026-07-30 16:54:13;Bloco;1.0;USI101588;NOK;10,80;5;cc/min;Face de fogo;2;N
2026-07-30 16:54:13;Cabeçote;1.0;USI104348;NOK;8,64;4;cc/min;Guia de válvula;2;N
2026-07-30 16:54:13;Leak Zero;1.5 Turbo;MON106911;OK;1,39;3;cc/min;;2;N
2026-07-30 16:54:13;Leak Zero;1.5;MON106905;OK;0,92;3;cc/min;;2;N
2026-07-30 16:54:51;Bloco;1.0;USI101631;OK;1,72;5;cc/min;;2;N
2026-07-30 16:54:55;Leak Zero;1.0;MON106887;OK;1,66;3;cc/min;;2;N
2026-07-30 16:55:28;Leak Zero;1.5 Turbo;MON106909;OK;0,97;3;cc/min;;2;N
2026-07-30 16:55:32;Bloco;1.0;USI101634;OK;3,18;5;cc/min;;2;N
2026-07-30 16:55:43;Bloco;1.0;USI101608;OK;2,86;5;cc/min;;2;N
2026-07-30 16:55:43;Bloco;1.5;USI101625;OK;3,45;5;cc/min;;2;N
2026-07-30 16:55:43;Leak Zero;1.5;MON106916;OK;2,07;3;cc/min;;2;N
2026-07-30 16:55:43;Water Leak;1.0;MON109262;OK;3,44;6;cc/min;;2;N
2026-07-30 16:55:47;Cabeçote;1.0;USI104323;OK;1,67;4;cc/min;;2;N
2026-07-30 16:55:47;Cabeçote;1.0;USI104329;OK;1,53;4;cc/min;;2;N
2026-07-30 16:55:47;Cabeçote;1.5 Turbo;USI104330;OK;2,52;4;cc/min;;2;N
2026-07-30 16:55:51;Cabeçote;1.0;USI104322;OK;2,72;4;cc/min;;2;N
2026-07-30 16:56:07;Bloco;1.5 Turbo;USI101601;OK;2,34;5;cc/min;;2;N
2026-07-30 16:56:07;Cabeçote;1.5 Turbo;USI104361;OK;1,87;4;cc/min;;2;N
2026-07-30 16:56:12;Bloco;1.0;USI101589;OK;3,45;5;cc/min;;2;N
2026-07-30 16:56:12;Cabeçote;1.0;USI104349;OK;2,76;4;cc/min;;2;N
2026-07-30 16:56:19;Cabeçote;1.0;USI104326;OK;1,01;4;cc/min;;2;N
2026-07-30 16:56:20;Bloco;1.5 Turbo;USI101632;OK;2,11;5;cc/min;;2;N
2026-07-30 16:57:07;Water Leak;1.5 Turbo;MON109289;OK;1,29;6;cc/min;;2;N
2026-07-30 16:57:10;Cabeçote;1.5;USI104331;OK;2,31;4;cc/min;;2;N
2026-07-30 16:57:30;Leak Zero;1.5;MON106900;OK;1,61;3;cc/min;;2;N
2026-07-30 16:59:03;Leak Zero;1.5 Turbo;MON106902;OK;1,54;3;cc/min;;2;N
2026-07-30 16:59:27;Leak Zero;1.5;MON106877;OK;2,18;3;cc/min;;2;N
2026-07-30 16:59:35;Leak Zero;1.5 Turbo;MON106894;OK;2,22;3;cc/min;;2;N
2026-07-30 17:00:58;Leak Zero;1.0;MON106904;OK;0,83;3;cc/min;;2;N
2026-07-30 17:01:15;Water Leak;1.0;MON109290;OK;4,19;6;cc/min;;2;N
2026-07-30 17:01:36;Bloco;1.5 Turbo;USI101595;OK;1,70;5;cc/min;;2;N
2026-07-30 17:01:36;Cabeçote;1.5 Turbo;USI104355;OK;1,36;4;cc/min;;2;N
2026-07-30 17:02:26;Cabeçote;1.5;USI104342;OK;1,56;4;cc/min;;2;N
2026-07-30 17:02:26;Leak Zero;1.5 Turbo;MON106898;OK;0,92;3;cc/min;;2;N
2026-07-30 17:02:26;Leak Zero;1.5 Turbo;MON106899;OK;0,63;3;cc/min;;2;N
2026-07-30 17:02:37;Leak Zero;1.5;MON106882;OK;1,94;3;cc/min;;2;N
2026-07-30 17:02:54;Bloco;1.5;USI101593;OK;2,96;5;cc/min;;2;N
2026-07-30 17:02:54;Cabeçote;1.5;USI104353;OK;2,37;4;cc/min;;2;N
2026-07-30 17:02:57;Leak Zero;1.5 Turbo;MON106885;OK;1,30;3;cc/min;;2;N
2026-07-30 17:03:01;Water Leak;1.0;MON109286;OK;3,07;6;cc/min;;2;N
2026-07-30 17:03:02;Bloco;1.5 Turbo;USI101596;OK;3,62;5;cc/min;;2;N
2026-07-30 17:03:02;Cabeçote;1.5 Turbo;USI104356;OK;2,90;4;cc/min;;2;N
2026-07-30 17:03:25;Bloco;1.5;USI101587;OK;3,03;5;cc/min;;2;N
2026-07-30 17:03:25;Cabeçote;1.5;USI104347;OK;2,43;4;cc/min;;2;N
2026-07-30 17:03:41;Water Leak;1.5;MON109287;OK;2,31;6;cc/min;;2;N
2026-07-30 17:03:56;Leak Zero;1.5 Turbo;MON106886;OK;1,06;3;cc/min;;2;N
2026-07-30 17:04:09;Bloco;1.0;USI101619;OK;1,43;5;cc/min;;2;N
2026-07-30 17:04:09;Water Leak;1.0;MON109273;OK;1,72;6;cc/min;;2;N
2026-07-30 17:04:11;Leak Zero;1.5 Turbo;MON106879;OK;0,53;3;cc/min;;2;N
2026-07-30 17:04:19;Leak Zero;1.0;MON106884;NOK;5,37;3;cc/min;Cárter;2;N
2026-07-30 17:04:27;Cabeçote;1.5;USI104333;OK;1,72;4;cc/min;;2;N
2026-07-30 17:04:50;Water Leak;1.5 Turbo;MON109282;OK;3,88;6;cc/min;;2;N
2026-07-30 17:04:54;Bloco;1.5 Turbo;USI101620;OK;2,45;5;cc/min;;2;N
2026-07-30 17:04:54;Water Leak;1.5 Turbo;MON109274;OK;2,94;6;cc/min;;2;N
2026-07-30 17:07:00;Leak Zero;1.5;MON106908;OK;1,05;3;cc/min;;2;N
2026-07-30 17:08:06;Bloco;1.5;USI101597;OK;1,50;5;cc/min;;2;N
2026-07-30 17:08:06;Cabeçote;1.5;USI104357;OK;1,20;4;cc/min;;2;N
2026-07-30 17:08:12;Water Leak;1.5;MON109285;OK;2,98;6;cc/min;;2;N
2026-07-30 17:08:37;Bloco;1.5;USI101630;OK;1,76;5;cc/min;;2;N
2026-07-30 17:09:04;Leak Zero;1.0;MON106893;OK;1,63;3;cc/min;;2;N
2026-07-30 17:09:27;Bloco;1.5;USI101616;OK;2,04;5;cc/min;;2;N
2026-07-30 17:09:27;Water Leak;1.5;MON109270;OK;2,45;6;cc/min;;2;N
2026-07-30 17:09:52;Bloco;1.5;USI101628;OK;1,92;5;cc/min;;2;N
2026-07-30 17:10:09;Cabeçote;1.0;USI104337;OK;2,48;4;cc/min;;2;N
2026-07-30 17:10:32;Leak Zero;1.5;MON106891;OK;0,78;3;cc/min;;2;N
2026-07-30 17:11:27;Cabeçote;1.0;USI104345;OK;2,78;4;cc/min;;2;N
2026-07-30 17:11:38;Cabeçote;1.5;USI104341;OK;1,20;4;cc/min;;2;N
2026-07-30 17:12:24;Bloco;1.0;USI101605;NOK;14,21;5;cc/min;Face de fogo;2;N
2026-07-30 17:12:36;Bloco;1.5;USI101590;OK;1,39;5;cc/min;;2;N
2026-07-30 17:12:36;Cabeçote;1.5;USI104350;OK;1,11;4;cc/min;;2;N
2026-07-30 17:12:56;Cabeçote;1.5 Turbo;USI104338;OK;1,16;4;cc/min;;2;N
2026-07-30 17:12:59;Bloco;1.5 Turbo;USI101603;OK;3,49;5;cc/min;;2;N
2026-07-30 17:13:15;Water Leak;1.0;MON109277;OK;1,48;6;cc/min;;2;N
2026-07-30 17:13:47;Water Leak;1.5 Turbo;MON109291;OK;0,95;6;cc/min;;2;N
2026-07-30 17:13:54;Water Leak;1.5 Turbo;MON109258;OK;0,92;6;cc/min;;2;N
2026-07-30 17:14:11;Leak Zero;1.0;MON106880;OK;1,44;3;cc/min;;2;N
2026-07-30 17:14:17;Water Leak;1.5;MON109254;OK;3,92;6;cc/min;;2;N
2026-07-30 17:14:54;Water Leak;1.5;MON109257;OK;3,26;6;cc/min;;2;N
2026-07-30 17:14:59;Bloco;1.5;USI101612;OK;1,45;5;cc/min;;2;N
2026-07-30 17:14:59;Water Leak;1.5;MON109266;OK;1,73;6;cc/min;;2;N
2026-07-30 17:15:05;Bloco;1.5 Turbo;USI101636;OK;3,15;5;cc/min;;2;N
2026-07-30 17:15:23;Water Leak;1.5;MON109283;OK;1,42;6;cc/min;;2;N
2026-07-30 17:15:39;Water Leak;1.5 Turbo;MON109253;OK;2,21;6;cc/min;;2;N
2026-07-30 17:15:45;Cabeçote;1.5 Turbo;USI104343;OK;2,01;4;cc/min;;2;N
2026-07-30 17:16:13;Bloco;1.0;USI101588;OK;2,50;5;cc/min;;2;S
2026-07-30 17:16:13;Cabeçote;1.0;USI104348;OK;2,00;4;cc/min;;2;S
2026-07-30 17:17:07;Leak Zero;1.5 Turbo;MON106901;OK;1,09;3;cc/min;;2;N
2026-07-30 17:17:51;Leak Zero;1.5;MON106883;OK;1,38;3;cc/min;;2;N
2026-07-30 17:18:06;Cabeçote;1.5;USI104340;OK;2,72;4;cc/min;;2;N
2026-07-30 17:18:15;Water Leak;1.5;MON109259;OK;1,98;6;cc/min;;2;N
2026-07-30 17:19:28;Bloco;1.5;USI101594;OK;1,82;5;cc/min;;2;N
2026-07-30 17:19:28;Cabeçote;1.5;USI104354;OK;1,46;4;cc/min;;2;N
2026-07-30 17:20:07;Cabeçote;1.5 Turbo;USI104346;OK;0,66;4;cc/min;;2;N
2026-07-30 17:20:15;Cabeçote;1.0;USI104384;OK;0,78;4;cc/min;;2;N
2026-07-30 17:20:29;Cabeçote;1.5;USI104365;NOK;7,21;4;cc/min;Galeria de água;2;N
2026-07-30 17:20:29;Water Leak;1.5;MON109320;OK;2,31;6;cc/min;;2;N
2026-07-30 17:21:00;Leak Zero;1.0;MON106925;OK;1,68;3;cc/min;;2;N
2026-07-30 17:21:50;Leak Zero;1.5;MON106922;OK;1,76;3;cc/min;;2;N
2026-07-30 17:22:16;Bloco;1.5 Turbo;USI101651;OK;2,28;5;cc/min;;2;N
2026-07-30 17:22:16;Leak Zero;1.5 Turbo;MON106942;OK;1,37;3;cc/min;;2;N
2026-07-30 17:22:57;Cabeçote;1.5 Turbo;USI104410;OK;1,27;4;cc/min;;2;N
2026-07-30 17:22:57;Water Leak;1.5 Turbo;MON109304;OK;1,90;6;cc/min;;2;N
2026-07-30 17:23:19;Water Leak;1.5 Turbo;MON109322;OK;4,30;6;cc/min;;2;N
2026-07-30 17:25:22;Water Leak;1.0;MON109331;OK;2,93;6;cc/min;;2;N
2026-07-30 17:25:29;Cabeçote;1.5 Turbo;USI104396;OK;2,60;4;cc/min;;2;N
2026-07-30 17:26:09;Bloco;1.0;USI101670;OK;2,48;5;cc/min;;2;N
2026-07-30 17:26:09;Cabeçote;1.0;USI104369;OK;1,98;4;cc/min;;2;N
2026-07-30 17:26:19;Leak Zero;1.0;MON106884;OK;1,50;3;cc/min;;2;S
2026-07-30 17:27:46;Cabeçote;1.0;USI104377;OK;1,78;4;cc/min;;2;N
2026-07-30 17:28:56;Leak Zero;1.5 Turbo;MON106918;OK;2,11;3;cc/min;;2;N
2026-07-30 17:29:20;Cabeçote;1.5;USI104373;OK;1,37;4;cc/min;;2;N
2026-07-30 17:30:20;Cabeçote;1.5 Turbo;USI104407;OK;1,96;4;cc/min;;2;N
2026-07-30 17:30:20;Water Leak;1.5 Turbo;MON109301;OK;2,94;6;cc/min;;2;N
2026-07-30 17:31:11;Bloco;1.0;USI101662;OK;3,39;5;cc/min;;2;N
2026-07-30 17:31:39;Cabeçote;1.5 Turbo;USI104400;OK;2,66;4;cc/min;;2;N
2026-07-30 17:31:39;Water Leak;1.5 Turbo;MON109294;OK;3,99;6;cc/min;;2;N
2026-07-30 17:32:12;Leak Zero;1.5;MON106924;OK;1,56;3;cc/min;;2;N
2026-07-30 17:32:42;Cabeçote;1.5;USI104374;OK;1,64;4;cc/min;;2;N
2026-07-30 17:34:04;Bloco;1.0;USI101667;OK;3,14;5;cc/min;;2;N
2026-07-30 17:34:04;Cabeçote;1.0;USI104366;OK;2,51;4;cc/min;;2;N
2026-07-30 17:34:05;Water Leak;1.5 Turbo;MON109328;OK;1,45;6;cc/min;;2;N
2026-07-30 17:34:24;Bloco;1.0;USI101605;OK;2,50;5;cc/min;;2;S
2026-07-30 17:35:19;Water Leak;1.0;MON109313;OK;3,04;6;cc/min;;2;N
2026-07-30 17:35:55;Bloco;1.5;USI101669;OK;3,15;5;cc/min;;2;N
2026-07-30 17:35:55;Cabeçote;1.5;USI104368;OK;2,52;4;cc/min;;2;N
2026-07-30 17:35:59;Cabeçote;1.5 Turbo;USI104375;OK;1,18;4;cc/min;;2;N
2026-07-30 17:36:50;Bloco;1.0;USI101650;OK;2,09;5;cc/min;;2;N
2026-07-30 17:36:50;Leak Zero;1.0;MON106941;OK;1,25;3;cc/min;;2;N
2026-07-30 17:37:40;Cabeçote;1.5 Turbo;USI104379;OK;2,78;4;cc/min;;2;N
2026-07-30 17:38:04;Bloco;1.5;USI101654;OK;2,82;5;cc/min;;2;N
2026-07-30 17:38:04;Leak Zero;1.5;MON106945;OK;1,69;3;cc/min;;2;N
2026-07-30 17:38:07;Water Leak;1.5;MON109321;OK;1,73;6;cc/min;;2;N
2026-07-30 17:39:30;Cabeçote;1.5 Turbo;USI104392;OK;2,37;4;cc/min;;2;N
2026-07-30 17:39:43;Water Leak;1.5 Turbo;MON109317;OK;3,07;6;cc/min;;2;N
2026-07-30 17:39:45;Cabeçote;1.5;USI104383;OK;1,61;4;cc/min;;2;N
2026-07-30 17:40:17;Cabeçote;1.5 Turbo;USI104378;OK;2,64;4;cc/min;;2;N
2026-07-30 17:40:25;Cabeçote;1.5 Turbo;USI104391;OK;0,67;4;cc/min;;2;N
2026-07-30 17:40:36;Bloco;1.0;USI101657;OK;1,73;5;cc/min;;2;N
2026-07-30 17:40:36;Leak Zero;1.0;MON106948;OK;1,04;3;cc/min;;2;N
2026-07-30 17:40:49;Cabeçote;1.5;USI104412;OK;1,78;4;cc/min;;2;N
2026-07-30 17:40:49;Water Leak;1.5;MON109306;OK;2,67;6;cc/min;;2;N
2026-07-30 17:41:33;Bloco;1.5 Turbo;USI101672;OK;3,00;5;cc/min;;2;N
2026-07-30 17:41:33;Cabeçote;1.5 Turbo;USI104371;OK;2,40;4;cc/min;;2;N
2026-07-30 17:42:04;Water Leak;1.5;MON109315;OK;2,49;6;cc/min;;2;N
2026-07-30 17:42:29;Cabeçote;1.5;USI104365;OK;2,00;4;cc/min;;2;S
2026-07-30 17:42:45;Cabeçote;1.0;USI104401;OK;2,29;4;cc/min;;2;N
2026-07-30 17:42:45;Water Leak;1.0;MON109295;OK;3,44;6;cc/min;;2;N
2026-07-30 17:43:11;Water Leak;1.5 Turbo;MON109309;OK;2,91;6;cc/min;;2;N
2026-07-30 17:43:37;Bloco;1.0;USI101666;OK;2,67;5;cc/min;;2;N
2026-07-30 17:43:37;Cabeçote;1.5;USI104389;OK;2,02;4;cc/min;;2;N
2026-07-30 17:45:53;Bloco;1.0;USI101643;OK;1,00;5;cc/min;;2;N
2026-07-30 17:45:53;Leak Zero;1.0;MON106934;OK;0,60;3;cc/min;;2;N
2026-07-30 17:46:04;Water Leak;1.0;MON109332;OK;1,36;6;cc/min;;2;N
2026-07-30 17:46:41;Bloco;1.5;USI101661;OK;2,03;5;cc/min;;2;N
2026-07-30 17:47:24;Cabeçote;1.5;USI104393;OK;1,08;4;cc/min;;2;N
2026-07-30 17:48:32;Bloco;1.5 Turbo;USI101656;OK;3,15;5;cc/min;;2;N
2026-07-30 17:48:32;Leak Zero;1.5 Turbo;MON106947;OK;1,89;3;cc/min;;2;N
2026-07-30 17:49:25;Leak Zero;1.5 Turbo;MON106926;OK;2,06;3;cc/min;;2;N
2026-07-30 17:49:38;Bloco;1.5 Turbo;USI101652;OK;2,89;5;cc/min;;2;N
2026-07-30 17:49:38;Leak Zero;1.5 Turbo;MON106943;OK;1,73;3;cc/min;;2;N
2026-07-30 17:50:41;Bloco;1.5 Turbo;USI101653;OK;3,71;5;cc/min;;2;N
2026-07-30 17:50:41;Leak Zero;1.5 Turbo;MON106944;OK;2,23;3;cc/min;;2;N
2026-07-30 17:50:59;Water Leak;1.5;MON109314;OK;3,38;6;cc/min;;2;N
2026-07-30 17:51:00;Water Leak;1.5 Turbo;MON109308;OK;1,97;6;cc/min;;2;N
2026-07-30 17:51:21;Cabeçote;1.0;USI104381;OK;2,03;4;cc/min;;2;N
2026-07-30 17:52:13;Cabeçote;1.5;USI104394;OK;0,63;4;cc/min;;2;N
2026-07-30 17:53:06;Cabeçote;1.5;USI104411;OK;0,68;4;cc/min;;2;N
2026-07-30 17:53:06;Water Leak;1.5;MON109305;OK;1,03;6;cc/min;;2;N
2026-07-30 17:53:11;Bloco;1.5;USI101638;OK;0,96;5;cc/min;;2;N
2026-07-30 17:53:11;Leak Zero;1.5;MON106929;OK;0,57;3;cc/min;;2;N
2026-07-30 17:53:35;Bloco;1.0;USI101655;OK;2,89;5;cc/min;;2;N
2026-07-30 17:53:35;Leak Zero;1.0;MON106946;OK;1,74;3;cc/min;;2;N
2026-07-30 17:53:58;Cabeçote;1.0;USI104376;OK;0,77;4;cc/min;;2;N
2026-07-30 17:54:13;Bloco;1.0;USI101647;OK;2,52;5;cc/min;;2;N
2026-07-30 17:54:13;Leak Zero;1.0;MON106938;OK;1,51;3;cc/min;;2;N
2026-07-30 17:54:13;Water Leak;1.5;MON109330;OK;1,85;6;cc/min;;2;N
2026-07-30 17:54:37;Cabeçote;1.5;USI104402;OK;2,82;4;cc/min;;2;N
2026-07-30 17:54:37;Water Leak;1.5;MON109296;OK;4,23;6;cc/min;;2;N
2026-07-30 17:54:55;Water Leak;1.0;MON109312;OK;3,33;6;cc/min;;2;N
2026-07-30 17:55:46;Bloco;1.5 Turbo;USI101659;OK;2,14;5;cc/min;;2;N
2026-07-30 17:55:47;Leak Zero;1.0;MON106919;OK;1,15;3;cc/min;;2;N
2026-07-30 17:55:47;Leak Zero;1.5 Turbo;MON106920;OK;1,89;3;cc/min;;2;N
2026-07-30 17:56:19;Bloco;1.5 Turbo;USI101663;OK;0,97;5;cc/min;;2;N
2026-07-30 17:56:34;Bloco;1.0;USI101673;OK;3,62;5;cc/min;;2;N
2026-07-30 17:56:34;Cabeçote;1.0;USI104372;OK;2,90;4;cc/min;;2;N
2026-07-30 17:56:53;Cabeçote;1.5;USI104403;OK;1,63;4;cc/min;;2;N
2026-07-30 17:56:53;Water Leak;1.5;MON109297;OK;2,44;6;cc/min;;2;N
2026-07-30 17:57:10;Leak Zero;1.5;MON106921;OK;1,74;3;cc/min;;2;N
2026-07-30 17:57:30;Water Leak;1.5;MON109325;OK;3,22;6;cc/min;;2;N
2026-07-30 17:58:32;Cabeçote;1.5;USI104409;OK;2,36;4;cc/min;;2;N
2026-07-30 17:58:32;Water Leak;1.5;MON109303;OK;3,54;6;cc/min;;2;N
2026-07-30 17:58:55;Bloco;1.0;USI101671;OK;2,99;5;cc/min;;2;N
2026-07-30 17:58:55;Cabeçote;1.0;USI104370;OK;2,39;4;cc/min;;2;N
2026-07-30 17:59:03;Water Leak;1.5 Turbo;MON109327;OK;3,08;6;cc/min;;2;N
2026-07-30 17:59:29;Bloco;1.5 Turbo;USI101664;OK;3,36;5;cc/min;;2;N
2026-07-30 17:59:35;Cabeçote;1.5 Turbo;USI104364;OK;2,96;4;cc/min;;2;N
2026-07-30 17:59:35;Water Leak;1.5 Turbo;MON109319;OK;4,44;6;cc/min;;2;N
2026-07-30 18:00:37;Bloco;1.0;USI101658;OK;1,55;5;cc/min;;2;N
2026-07-30 18:00:37;Leak Zero;1.0;MON106949;OK;0,93;3;cc/min;;2;N
2026-07-30 18:00:58;Water Leak;1.0;MON109329;OK;1,65;6;cc/min;;2;N
2026-07-30 18:01:31;Bloco;1.5 Turbo;USI101660;OK;2,55;5;cc/min;;2;N
2026-07-30 18:02:26;Bloco;1.5;USI101641;OK;1,95;5;cc/min;;2;N
2026-07-30 18:02:26;Leak Zero;1.5;MON106932;OK;1,17;3;cc/min;;2;N
2026-07-30 18:02:26;Water Leak;1.5 Turbo;MON109323;OK;1,84;6;cc/min;;2;N
2026-07-30 18:02:26;Water Leak;1.5 Turbo;MON109324;OK;1,26;6;cc/min;;2;N
2026-07-30 18:02:48;Cabeçote;1.0;USI104385;OK;2,05;4;cc/min;;2;N
2026-07-30 18:02:57;Water Leak;1.5 Turbo;MON109310;OK;2,60;6;cc/min;;2;N
2026-07-30 18:03:21;Cabeçote;1.5 Turbo;USI104405;OK;3,00;4;cc/min;;2;N
2026-07-30 18:03:21;Water Leak;1.5 Turbo;MON109299;OK;4,50;6;cc/min;;2;N
2026-07-30 18:03:25;Bloco;1.5;USI101646;OK;3,03;5;cc/min;;2;N
2026-07-30 18:03:25;Leak Zero;1.5;MON106937;OK;1,82;3;cc/min;;2;N
2026-07-30 18:03:56;Water Leak;1.5 Turbo;MON109311;OK;2,13;6;cc/min;;2;N
2026-07-30 18:04:11;Bloco;1.5 Turbo;USI101649;OK;3,37;5;cc/min;;2;N
2026-07-30 18:04:11;Leak Zero;1.5 Turbo;MON106940;OK;2,02;3;cc/min;;2;N
2026-07-30 18:04:27;Leak Zero;1.5;MON106923;OK;1,29;3;cc/min;;2;N
2026-07-30 18:05:51;Cabeçote;1.0;USI104380;OK;2,92;4;cc/min;;2;N
2026-07-30 18:06:23;Bloco;1.5 Turbo;USI101648;OK;2,55;5;cc/min;;2;N
2026-07-30 18:06:23;Leak Zero;1.5 Turbo;MON106939;OK;1,53;3;cc/min;;2;N
2026-07-30 18:06:29;Cabeçote;1.0;USI104398;OK;1,92;4;cc/min;;2;N
2026-07-30 18:06:29;Water Leak;1.0;MON109292;OK;2,88;6;cc/min;;2;N
2026-07-30 18:07:00;Water Leak;1.5;MON109333;OK;2,11;6;cc/min;;2;N
2026-07-30 18:07:05;Cabeçote;1.5 Turbo;USI104387;OK;0,95;4;cc/min;;2;N
2026-07-30 18:08:15;Cabeçote;1.5 Turbo;USI104397;OK;2,71;4;cc/min;;2;N
2026-07-30 18:08:48;Cabeçote;1.5 Turbo;USI104395;OK;1,77;4;cc/min;;2;N
2026-07-30 18:09:04;Cabeçote;1.0;USI104363;OK;2,17;4;cc/min;;2;N
2026-07-30 18:09:04;Water Leak;1.0;MON109318;OK;3,26;6;cc/min;;2;N
2026-07-30 18:09:52;Cabeçote;1.5 Turbo;USI104413;OK;1,82;4;cc/min;;2;N
2026-07-30 18:09:52;Water Leak;1.5 Turbo;MON109307;OK;2,73;6;cc/min;;2;N
2026-07-30 18:10:09;Leak Zero;1.0;MON106927;OK;1,86;3;cc/min;;2;N
2026-07-30 18:10:32;Water Leak;1.5;MON109316;OK;1,56;6;cc/min;;2;N
2026-07-30 18:11:15;Cabeçote;1.5 Turbo;USI104390;OK;2,08;4;cc/min;;2;N
2026-07-30 18:11:27;Bloco;1.0;USI101644;OK;3,48;5;cc/min;;2;N
2026-07-30 18:11:27;Leak Zero;1.0;MON106935;OK;2,09;3;cc/min;;2;N
2026-07-30 18:11:38;Bloco;1.5;USI101640;OK;1,50;5;cc/min;;2;N
2026-07-30 18:11:38;Leak Zero;1.5;MON106931;OK;0,90;3;cc/min;;2;N
2026-07-30 18:11:43;Cabeçote;1.0;USI104406;OK;2,33;4;cc/min;;2;N
2026-07-30 18:11:43;Water Leak;1.0;MON109300;OK;3,50;6;cc/min;;2;N
2026-07-30 18:11:52;Cabeçote;1.0;USI104404;OK;2,65;4;cc/min;;2;N
2026-07-30 18:11:52;Water Leak;1.0;MON109298;OK;3,98;6;cc/min;;2;N
2026-07-30 18:12:56;Bloco;1.5 Turbo;USI101637;OK;1,45;5;cc/min;;2;N
2026-07-30 18:12:56;Leak Zero;1.5 Turbo;MON106928;OK;0,87;3;cc/min;;2;N
2026-07-30 18:14:07;Cabeçote;1.0;USI104386;OK;1,73;4;cc/min;;2;N
2026-07-30 18:14:09;Cabeçote;1.0;USI104399;OK;2,92;4;cc/min;;2;N
2026-07-30 18:14:09;Water Leak;1.0;MON109293;OK;4,38;6;cc/min;;2;N
2026-07-30 18:14:42;Cabeçote;1.5 Turbo;USI104388;OK;2,02;4;cc/min;;2;N
2026-07-30 18:15:45;Bloco;1.5 Turbo;USI101642;OK;2,51;5;cc/min;;2;N
2026-07-30 18:15:45;Leak Zero;1.5 Turbo;MON106933;OK;1,51;3;cc/min;;2;N
2026-07-30 18:16:18;Cabeçote;1.5 Turbo;USI104382;OK;2,02;4;cc/min;;2;N
2026-07-30 18:16:53;Bloco;1.5;USI101668;OK;3,17;5;cc/min;;2;N
2026-07-30 18:16:53;Cabeçote;1.5;USI104367;OK;2,54;4;cc/min;;2;N
2026-07-30 18:17:07;Water Leak;1.5 Turbo;MON109326;OK;2,18;6;cc/min;;2;N
2026-07-30 18:17:55;Cabeçote;1.5;USI104408;OK;2,45;4;cc/min;;2;N
2026-07-30 18:17:55;Water Leak;1.5;MON109302;OK;3,67;6;cc/min;;2;N
2026-07-30 18:18:06;Bloco;1.5;USI101639;OK;3,40;5;cc/min;;2;N
2026-07-30 18:18:06;Leak Zero;1.5;MON106930;OK;2,04;3;cc/min;;2;N
2026-07-30 18:19:09;Bloco;1.5 Turbo;USI101665;OK;2,70;5;cc/min;;2;N
2026-07-30 18:20:07;Bloco;1.5 Turbo;USI101645;OK;0,82;5;cc/min;;2;N
2026-07-30 18:20:07;Leak Zero;1.5 Turbo;MON106936;OK;0,49;3;cc/min;;2;N
2026-07-30 18:21:00;Water Leak;1.0;MON109350;OK;3,37;6;cc/min;;2;N
2026-07-30 18:21:50;Water Leak;1.5;MON109347;OK;3,51;6;cc/min;;2;N
2026-07-30 18:22:16;Water Leak;1.5 Turbo;MON109367;OK;2,73;6;cc/min;;2;N
2026-07-30 18:22:57;Bloco;1.5 Turbo;USI101710;OK;1,58;5;cc/min;;2;N
2026-07-30 18:23:24;Cabeçote;1.5 Turbo;USI104427;OK;2,29;4;cc/min;;2;N
2026-07-30 18:23:24;Leak Zero;1.5 Turbo;MON106958;OK;1,72;3;cc/min;;2;N
2026-07-30 18:24:17;Bloco;1.0;USI101700;OK;2,35;5;cc/min;;2;N
2026-07-30 18:24:28;Cabeçote;1.5;USI104424;OK;2,75;4;cc/min;;2;N
2026-07-30 18:24:33;Bloco;1.5 Turbo;USI101686;OK;1,45;5;cc/min;;2;N
2026-07-30 18:24:33;Cabeçote;1.5 Turbo;USI104446;OK;1,16;4;cc/min;;2;N
2026-07-30 18:24:33;Leak Zero;1.5 Turbo;MON106977;OK;0,87;3;cc/min;;2;N
2026-07-30 18:24:36;Water Leak;1.5;MON109340;OK;1,16;6;cc/min;;2;N
2026-07-30 18:24:52;Bloco;1.5 Turbo;USI101682;OK;1,72;5;cc/min;;2;N
2026-07-30 18:24:52;Cabeçote;1.5 Turbo;USI104442;OK;1,38;4;cc/min;;2;N
2026-07-30 18:24:52;Leak Zero;1.5 Turbo;MON106973;OK;1,03;3;cc/min;;2;N
2026-07-30 18:25:14;Bloco;1.5 Turbo;USI101705;OK;1,34;5;cc/min;;2;N
2026-07-30 18:28:03;Bloco;1.5 Turbo;USI101685;OK;2,53;5;cc/min;;2;N
2026-07-30 18:28:03;Cabeçote;1.5 Turbo;USI104445;OK;2,02;4;cc/min;;2;N
2026-07-30 18:28:03;Leak Zero;1.5 Turbo;MON106976;OK;1,52;3;cc/min;;2;N
2026-07-30 18:28:56;Water Leak;1.5 Turbo;MON109343;OK;4,21;6;cc/min;;2;N
2026-07-30 18:29:23;Bloco;1.5;USI101681;OK;1,79;5;cc/min;;2;N
2026-07-30 18:29:23;Cabeçote;1.5;USI104441;OK;1,44;4;cc/min;;2;N
2026-07-30 18:29:23;Leak Zero;1.5;MON106972;OK;1,08;3;cc/min;;2;N
2026-07-30 18:30:20;Bloco;1.5 Turbo;USI101707;OK;2,45;5;cc/min;;2;N
2026-07-30 18:30:23;Bloco;1.5 Turbo;USI101687;OK;1,02;5;cc/min;;2;N
2026-07-30 18:30:23;Cabeçote;1.5 Turbo;USI104447;OK;0,81;4;cc/min;;2;N
2026-07-30 18:30:23;Leak Zero;1.5 Turbo;MON106978;OK;0,61;3;cc/min;;2;N
2026-07-30 18:32:12;Water Leak;1.5;MON109349;OK;3,12;6;cc/min;;2;N
2026-07-30 18:34:11;Bloco;1.5 Turbo;USI101699;OK;2,03;5;cc/min;;2;N
2026-07-30 18:34:45;Cabeçote;1.0;USI104433;OK;2,23;4;cc/min;;2;N
2026-07-30 18:34:45;Leak Zero;1.0;MON106964;OK;1,67;3;cc/min;;2;N
2026-07-30 18:35:07;Cabeçote;1.5;USI104431;OK;2,16;4;cc/min;;2;N
2026-07-30 18:35:07;Leak Zero;1.5;MON106962;OK;1,62;3;cc/min;;2;N
2026-07-30 18:35:08;Bloco;1.5;USI101702;OK;2,55;5;cc/min;;2;N
2026-07-30 18:35:23;Cabeçote;1.0;USI104426;OK;0,73;4;cc/min;;2;N
2026-07-30 18:35:23;Leak Zero;1.0;MON106957;OK;0,54;3;cc/min;;2;N
2026-07-30 18:35:51;Leak Zero;1.5;MON106953;OK;1,92;3;cc/min;;2;N
2026-07-30 18:35:55;Bloco;1.0;USI101677;OK;3,09;5;cc/min;;2;N
2026-07-30 18:35:55;Cabeçote;1.0;USI104437;OK;2,47;4;cc/min;;2;N
2026-07-30 18:35:55;Leak Zero;1.0;MON106968;OK;1,86;3;cc/min;;2;N
2026-07-30 18:36:15;Cabeçote;1.5;USI104419;OK;2,82;4;cc/min;;2;N
2026-07-30 18:36:16;Cabeçote;1.5;USI104430;OK;2,88;4;cc/min;;2;N
2026-07-30 18:36:16;Leak Zero;1.5;MON106961;OK;2,16;3;cc/min;;2;N
2026-07-30 18:36:50;Water Leak;1.0;MON109366;OK;2,51;6;cc/min;;2;N
2026-07-30 18:38:04;Water Leak;1.5;MON109370;OK;3,39;6;cc/min;;2;N
2026-07-30 18:39:39;Bloco;1.5;USI101678;OK;2,52;5;cc/min;;2;N
2026-07-30 18:39:39;Cabeçote;1.5;USI104438;OK;2,01;4;cc/min;;2;N
2026-07-30 18:39:39;Leak Zero;1.5;MON106969;OK;1,51;3;cc/min;;2;N
2026-07-30 18:39:41;Cabeçote;1.0;USI104418;OK;0,91;4;cc/min;;2;N
2026-07-30 18:40:49;Bloco;1.5;USI101712;OK;2,22;5;cc/min;;2;N
2026-07-30 18:43:21;Bloco;1.5 Turbo;USI101690;OK;3,17;5;cc/min;;2;N
2026-07-30 18:43:21;Cabeçote;1.5 Turbo;USI104450;OK;2,54;4;cc/min;;2;N
2026-07-30 18:43:21;Leak Zero;1.5 Turbo;MON106981;OK;1,90;3;cc/min;;2;N
2026-07-30 18:44:05;Bloco;1.5;USI101703;OK;2,76;5;cc/min;;2;N
2026-07-30 18:45:25;Water Leak;1.0;MON109339;OK;1,37;6;cc/min;;2;N
2026-07-30 18:45:41;Bloco;1.0;USI101675;OK;1,01;5;cc/min;;2;N
2026-07-30 18:45:41;Cabeçote;1.0;USI104422;OK;1,23;4;cc/min;;2;N
2026-07-30 18:45:41;Cabeçote;1.0;USI104435;OK;0,81;4;cc/min;;2;N
2026-07-30 18:45:41;Leak Zero;1.0;MON106966;OK;0,61;3;cc/min;;2;N
2026-07-30 18:45:53;Water Leak;1.0;MON109359;OK;1,20;6;cc/min;;2;N
2026-07-30 18:47:01;Bloco;1.0;USI101684;OK;1,49;5;cc/min;;2;N
2026-07-30 18:47:01;Cabeçote;1.0;USI104444;OK;1,19;4;cc/min;;2;N
2026-07-30 18:47:01;Leak Zero;1.0;MON106975;OK;0,89;3;cc/min;;2;N
2026-07-30 18:47:19;Bloco;1.0;USI101674;OK;2,45;5;cc/min;;2;N
2026-07-30 18:47:19;Cabeçote;1.0;USI104434;OK;1,96;4;cc/min;;2;N
2026-07-30 18:47:19;Leak Zero;1.0;MON106965;OK;1,47;3;cc/min;;2;N
2026-07-30 18:47:56;Cabeçote;1.5;USI104420;OK;2,76;4;cc/min;;2;N
2026-07-30 18:48:14;Bloco;1.5;USI101694;OK;2,52;5;cc/min;;2;N
2026-07-30 18:48:14;Cabeçote;1.5;USI104454;OK;2,01;4;cc/min;;2;N
2026-07-30 18:48:14;Leak Zero;1.5;MON106985;OK;1,51;3;cc/min;;2;N
2026-07-30 18:48:20;Water Leak;1.0;MON109342;OK;3,58;6;cc/min;;2;N
2026-07-30 18:48:32;Water Leak;1.5 Turbo;MON109372;OK;3,78;6;cc/min;;2;N
2026-07-30 18:49:25;Water Leak;1.5 Turbo;MON109351;OK;4,12;6;cc/min;;2;N
2026-07-30 18:49:31;Cabeçote;1.0;USI104429;OK;2,09;4;cc/min;;2;N
2026-07-30 18:49:31;Leak Zero;1.0;MON106960;OK;1,57;3;cc/min;;2;N
2026-07-30 18:49:38;Water Leak;1.5 Turbo;MON109368;OK;3,46;6;cc/min;;2;N
2026-07-30 18:50:41;Water Leak;1.5 Turbo;MON109369;OK;4,46;6;cc/min;;2;N
2026-07-30 18:52:02;Leak Zero;1.0;MON106952;OK;1,04;3;cc/min;;2;N
2026-07-30 18:53:06;Bloco;1.5;USI101711;OK;0,86;5;cc/min;;2;N
2026-07-30 18:53:11;Water Leak;1.5;MON109354;OK;1,15;6;cc/min;;2;N
2026-07-30 18:53:35;Water Leak;1.0;MON109371;OK;3,47;6;cc/min;;2;N
2026-07-30 18:54:13;Water Leak;1.0;MON109363;OK;3,02;6;cc/min;;2;N
2026-07-30 18:55:27;Bloco;1.5 Turbo;USI101704;OK;0,90;5;cc/min;;2;N
2026-07-30 18:55:43;Cabeçote;1.0;USI104428;OK;2,29;4;cc/min;;2;N
2026-07-30 18:55:43;Leak Zero;1.0;MON106959;OK;1,72;3;cc/min;;2;N
2026-07-30 18:55:47;Water Leak;1.0;MON109338;OK;2,51;6;cc/min;;2;N
2026-07-30 18:55:47;Water Leak;1.0;MON109344;OK;2,29;6;cc/min;;2;N
2026-07-30 18:55:47;Water Leak;1.5 Turbo;MON109345;OK;3,78;6;cc/min;;2;N
2026-07-30 18:55:51;Water Leak;1.0;MON109337;OK;4,08;6;cc/min;;2;N
2026-07-30 18:56:07;Cabeçote;1.5 Turbo;USI104421;OK;1,87;4;cc/min;;2;N
2026-07-30 18:56:19;Water Leak;1.0;MON109341;OK;1,51;6;cc/min;;2;N
2026-07-30 18:57:07;Bloco;1.5 Turbo;USI101695;OK;1,08;5;cc/min;;2;N
2026-07-30 18:57:07;Cabeçote;1.5 Turbo;USI104455;OK;0,86;4;cc/min;;2;N
2026-07-30 18:57:07;Leak Zero;1.5 Turbo;MON106986;OK;0,65;3;cc/min;;2;N
2026-07-30 18:57:10;Water Leak;1.5;MON109346;OK;3,47;6;cc/min;;2;N
2026-07-30 18:58:32;Bloco;1.5;USI101709;OK;2,95;5;cc/min;;2;N
2026-07-30 19:01:15;Bloco;1.0;USI101696;OK;3,50;5;cc/min;;2;N
2026-07-30 19:01:15;Cabeçote;1.0;USI104456;OK;2,80;4;cc/min;;2;N
2026-07-30 19:01:15;Leak Zero;1.0;MON106987;OK;2,10;3;cc/min;;2;N
2026-07-30 19:01:36;Cabeçote;1.5 Turbo;USI104415;OK;1,36;4;cc/min;;2;N
2026-07-30 19:02:26;Water Leak;1.5;MON109357;OK;2,33;6;cc/min;;2;N
2026-07-30 19:03:01;Bloco;1.0;USI101692;OK;2,56;5;cc/min;;2;N
2026-07-30 19:03:01;Cabeçote;1.0;USI104452;OK;2,05;4;cc/min;;2;N
2026-07-30 19:03:01;Leak Zero;1.0;MON106983;OK;1,54;3;cc/min;;2;N
2026-07-30 19:03:02;Cabeçote;1.5 Turbo;USI104416;OK;2,90;4;cc/min;;2;N
2026-07-30 19:03:25;Water Leak;1.5;MON109362;OK;3,64;6;cc/min;;2;N
2026-07-30 19:03:41;Bloco;1.5;USI101693;OK;1,93;5;cc/min;;2;N
2026-07-30 19:03:41;Cabeçote;1.5;USI104453;OK;1,54;4;cc/min;;2;N
2026-07-30 19:03:41;Leak Zero;1.5;MON106984;OK;1,16;3;cc/min;;2;N
2026-07-30 19:04:09;Bloco;1.0;USI101679;OK;1,43;5;cc/min;;2;N
2026-07-30 19:04:09;Cabeçote;1.0;USI104439;OK;1,15;4;cc/min;;2;N
2026-07-30 19:04:09;Leak Zero;1.0;MON106970;OK;0,86;3;cc/min;;2;N
2026-07-30 19:04:11;Water Leak;1.5 Turbo;MON109365;OK;4,05;6;cc/min;;2;N
2026-07-30 19:04:27;Water Leak;1.5;MON109348;OK;2,58;6;cc/min;;2;N
2026-07-30 19:04:50;Bloco;1.5 Turbo;USI101688;OK;3,23;5;cc/min;;2;N
2026-07-30 19:04:50;Cabeçote;1.5 Turbo;USI104448;OK;2,59;4;cc/min;;2;N
2026-07-30 19:04:50;Leak Zero;1.5 Turbo;MON106979;OK;1,94;3;cc/min;;2;N
2026-07-30 19:04:54;Bloco;1.5 Turbo;USI101680;OK;2,45;5;cc/min;;2;N
2026-07-30 19:04:54;Cabeçote;1.5 Turbo;USI104440;OK;1,96;4;cc/min;;2;N
2026-07-30 19:04:54;Leak Zero;1.5 Turbo;MON106971;OK;1,47;3;cc/min;;2;N
2026-07-30 19:06:23;Water Leak;1.5 Turbo;MON109364;OK;3,06;6;cc/min;;2;N
2026-07-30 19:07:05;Bloco;1.5 Turbo;USI101698;OK;3,29;5;cc/min;;2;N
2026-07-30 19:08:06;Cabeçote;1.5;USI104417;OK;1,20;4;cc/min;;2;N
2026-07-30 19:08:12;Bloco;1.5;USI101691;OK;2,48;5;cc/min;;2;N
2026-07-30 19:08:12;Cabeçote;1.5;USI104451;OK;1,99;4;cc/min;;2;N
2026-07-30 19:08:12;Leak Zero;1.5;MON106982;OK;1,49;3;cc/min;;2;N
2026-07-30 19:09:27;Bloco;1.5;USI101676;OK;2,04;5;cc/min;;2;N
2026-07-30 19:09:27;Cabeçote;1.5;USI104436;OK;1,64;4;cc/min;;2;N
2026-07-30 19:09:27;Leak Zero;1.5;MON106967;OK;1,23;3;cc/min;;2;N
2026-07-30 19:09:52;Bloco;1.5 Turbo;USI101713;OK;2,28;5;cc/min;;2;N
2026-07-30 19:10:09;Water Leak;1.0;MON109352;OK;3,71;6;cc/min;;2;N
2026-07-30 19:11:10;Water Leak;1.0;MON109334;OK;3,58;6;cc/min;;2;N
2026-07-30 19:11:27;Water Leak;1.0;MON109360;OK;4,17;6;cc/min;;2;N
2026-07-30 19:11:38;Water Leak;1.5;MON109356;OK;1,80;6;cc/min;;2;N
2026-07-30 19:12:24;Cabeçote;1.0;USI104425;NOK;11,37;4;cc/min;Guia de válvula;2;N
2026-07-30 19:12:56;Water Leak;1.5 Turbo;MON109353;OK;1,74;6;cc/min;;2;N
2026-07-30 19:12:59;Cabeçote;1.5 Turbo;USI104423;OK;2,79;4;cc/min;;2;N
2026-07-30 19:13:08;Bloco;1.5;USI101701;OK;2,52;5;cc/min;;2;N
2026-07-30 19:13:15;Bloco;1.0;USI101683;OK;1,23;5;cc/min;;2;N
2026-07-30 19:13:15;Cabeçote;1.0;USI104443;OK;0,99;4;cc/min;;2;N
2026-07-30 19:13:15;Leak Zero;1.0;MON106974;OK;0,74;3;cc/min;;2;N
2026-07-30 19:13:47;Bloco;1.5 Turbo;USI101697;OK;0,80;5;cc/min;;2;N
2026-07-30 19:13:47;Cabeçote;1.5 Turbo;USI104457;OK;0,64;4;cc/min;;2;N
2026-07-30 19:13:47;Leak Zero;1.5 Turbo;MON106988;OK;0,48;3;cc/min;;2;N
2026-07-30 19:13:54;Leak Zero;1.5 Turbo;MON106955;OK;0,46;3;cc/min;;2;N
2026-07-30 19:14:17;Leak Zero;1.5;MON106951;OK;1,96;3;cc/min;;2;N
2026-07-30 19:14:42;Water Leak;1.5;MON109335;OK;1,45;6;cc/min;;2;N
2026-07-30 19:14:44;Bloco;1.5 Turbo;USI101706;NOK;12,05;5;cc/min;Galeria de água;2;N
2026-07-30 19:14:54;Leak Zero;1.5;MON106954;OK;1,63;3;cc/min;;2;N
2026-07-30 19:14:59;Cabeçote;1.5;USI104432;OK;1,16;4;cc/min;;2;N
2026-07-30 19:14:59;Leak Zero;1.5;MON106963;OK;0,87;3;cc/min;;2;N
2026-07-30 19:15:23;Bloco;1.5;USI101689;OK;1,18;5;cc/min;;2;N
2026-07-30 19:15:23;Cabeçote;1.5;USI104449;OK;0,94;4;cc/min;;2;N
2026-07-30 19:15:23;Leak Zero;1.5;MON106980;OK;0,71;3;cc/min;;2;N
2026-07-30 19:15:39;Leak Zero;1.5 Turbo;MON106950;OK;1,11;3;cc/min;;2;N
2026-07-30 19:15:45;Water Leak;1.5 Turbo;MON109358;OK;3,02;6;cc/min;;2;N
2026-07-30 19:17:55;Bloco;1.5;USI101708;OK;3,06;5;cc/min;;2;N
2026-07-30 19:18:06;Water Leak;1.5;MON109355;OK;4,08;6;cc/min;;2;N
2026-07-30 19:18:15;Leak Zero;1.5;MON106956;OK;0,99;3;cc/min;;2;N
2026-07-30 19:18:16;Water Leak;1.5;MON109336;OK;1,18;6;cc/min;;2;N
2026-07-30 19:19:28;Cabeçote;1.5;USI104414;OK;1,46;4;cc/min;;2;N
2026-07-30 19:20:07;Water Leak;1.5 Turbo;MON109361;OK;0,99;6;cc/min;;2;N
2026-07-30 19:20:29;Cabeçote;1.5;USI104486;OK;1,54;4;cc/min;;2;N
2026-07-30 19:20:29;Leak Zero;1.5;MON107017;OK;1,15;3;cc/min;;2;N
2026-07-30 19:22:57;Cabeçote;1.5 Turbo;USI104470;OK;1,27;4;cc/min;;2;N
2026-07-30 19:22:57;Leak Zero;1.5 Turbo;MON107001;OK;0,95;3;cc/min;;2;N
2026-07-30 19:23:19;Cabeçote;1.5 Turbo;USI104488;OK;2,87;4;cc/min;;2;N
2026-07-30 19:23:19;Leak Zero;1.5 Turbo;MON107019;OK;2,15;3;cc/min;;2;N
2026-07-30 19:23:24;Bloco;1.5 Turbo;USI101727;OK;2,86;5;cc/min;;2;N
2026-07-30 19:23:24;Water Leak;1.5 Turbo;MON109383;OK;3,44;6;cc/min;;2;N
2026-07-30 19:24:28;Bloco;1.5;USI101724;OK;3,44;5;cc/min;;2;N
2026-07-30 19:24:33;Bloco;1.5 Turbo;USI101746;OK;1,45;5;cc/min;;2;N
2026-07-30 19:24:33;Water Leak;1.5 Turbo;MON109402;OK;1,74;6;cc/min;;2;N
2026-07-30 19:24:52;Bloco;1.5 Turbo;USI101742;OK;1,72;5;cc/min;;2;N
2026-07-30 19:24:52;Water Leak;1.5 Turbo;MON109398;OK;2,07;6;cc/min;;2;N
2026-07-30 19:25:22;Cabeçote;1.0;USI104497;OK;1,95;4;cc/min;;2;N
2026-07-30 19:25:22;Leak Zero;1.0;MON107028;OK;1,46;3;cc/min;;2;N
2026-07-30 19:27:53;Water Leak;1.5;MON109374;OK;2,75;6;cc/min;;2;N
2026-07-30 19:28:03;Bloco;1.5 Turbo;USI101745;OK;2,53;5;cc/min;;2;N
2026-07-30 19:28:03;Water Leak;1.5 Turbo;MON109401;OK;3,03;6;cc/min;;2;N
2026-07-30 19:29:23;Bloco;1.5;USI101741;OK;1,79;5;cc/min;;2;N
2026-07-30 19:29:23;Water Leak;1.5;MON109397;OK;2,15;6;cc/min;;2;N
2026-07-30 19:29:49;Cabeçote;1.5;USI104505;OK;0,60;4;cc/min;;2;N
2026-07-30 19:30:20;Cabeçote;1.5 Turbo;USI104467;OK;1,96;4;cc/min;;2;N
2026-07-30 19:30:20;Leak Zero;1.5 Turbo;MON106998;OK;1,47;3;cc/min;;2;N
2026-07-30 19:30:23;Bloco;1.5 Turbo;USI101747;OK;1,02;5;cc/min;;2;N
2026-07-30 19:30:23;Water Leak;1.5 Turbo;MON109403;OK;1,22;6;cc/min;;2;N
2026-07-30 19:31:39;Cabeçote;1.5 Turbo;USI104460;OK;2,66;4;cc/min;;2;N
2026-07-30 19:31:39;Leak Zero;1.5 Turbo;MON106991;OK;1,99;3;cc/min;;2;N
2026-07-30 19:33:49;Cabeçote;1.5 Turbo;USI104501;OK;2,43;4;cc/min;;2;N
2026-07-30 19:34:05;Cabeçote;1.5 Turbo;USI104494;OK;0,97;4;cc/min;;2;N
2026-07-30 19:34:05;Leak Zero;1.5 Turbo;MON107025;OK;0,72;3;cc/min;;2;N
2026-07-30 19:34:11;Bloco;1.5 Turbo;USI101759;OK;2,03;5;cc/min;;2;N
2026-07-30 19:34:24;Cabeçote;1.0;USI104425;OK;2,00;4;cc/min;;2;S
2026-07-30 19:34:45;Bloco;1.0;USI101733;OK;2,79;5;cc/min;;2;N
2026-07-30 19:34:45;Water Leak;1.0;MON109389;OK;3,35;6;cc/min;;2;N
2026-07-30 19:34:58;Cabeçote;1.0;USI104506;OK;2,31;4;cc/min;;2;N
2026-07-30 19:35:07;Bloco;1.5;USI101731;OK;2,69;5;cc/min;;2;N
2026-07-30 19:35:07;Water Leak;1.5;MON109387;OK;3,23;6;cc/min;;2;N
2026-07-30 19:35:11;Water Leak;1.5 Turbo;MON109373;OK;1,81;6;cc/min;;2;N
2026-07-30 19:35:19;Cabeçote;1.0;USI104479;OK;2,02;4;cc/min;;2;N
2026-07-30 19:35:19;Leak Zero;1.0;MON107010;OK;1,52;3;cc/min;;2;N
2026-07-30 19:35:23;Bloco;1.0;USI101726;OK;0,91;5;cc/min;;2;N
2026-07-30 19:35:23;Water Leak;1.0;MON109382;OK;1,09;6;cc/min;;2;N
2026-07-30 19:35:51;Water Leak;1.5;MON109378;OK;3,83;6;cc/min;;2;N
2026-07-30 19:35:55;Bloco;1.0;USI101737;OK;3,09;5;cc/min;;2;N
2026-07-30 19:35:55;Water Leak;1.0;MON109393;OK;3,71;6;cc/min;;2;N
2026-07-30 19:36:15;Bloco;1.5;USI101719;OK;3,52;5;cc/min;;2;N
2026-07-30 19:36:16;Bloco;1.5;USI101730;OK;3,60;5;cc/min;;2;N
2026-07-30 19:36:16;Water Leak;1.5;MON109386;OK;4,32;6;cc/min;;2;N
2026-07-30 19:38:07;Cabeçote;1.5;USI104487;OK;1,16;4;cc/min;;2;N
2026-07-30 19:38:07;Leak Zero;1.5;MON107018;OK;0,87;3;cc/min;;2;N
2026-07-30 19:39:39;Bloco;1.5;USI101738;OK;2,52;5;cc/min;;2;N
2026-07-30 19:39:39;Cabeçote;1.5;USI104504;OK;1,38;4;cc/min;;2;N
2026-07-30 19:39:39;Water Leak;1.5;MON109394;OK;3,02;6;cc/min;;2;N
2026-07-30 19:39:41;Bloco;1.0;USI101718;OK;1,14;5;cc/min;;2;N
2026-07-30 19:39:43;Cabeçote;1.5 Turbo;USI104483;OK;2,05;4;cc/min;;2;N
2026-07-30 19:39:43;Leak Zero;1.5 Turbo;MON107014;OK;1,53;3;cc/min;;2;N
2026-07-30 19:40:49;Cabeçote;1.5;USI104472;OK;1,78;4;cc/min;;2;N
2026-07-30 19:40:49;Leak Zero;1.5;MON107003;OK;1,33;3;cc/min;;2;N
2026-07-30 19:41:03;Cabeçote;1.5;USI104503;OK;2,85;4;cc/min;;2;N
2026-07-30 19:42:04;Cabeçote;1.5;USI104481;OK;1,66;4;cc/min;;2;N
2026-07-30 19:42:04;Leak Zero;1.5;MON107012;OK;1,25;3;cc/min;;2;N
2026-07-30 19:42:45;Cabeçote;1.0;USI104461;OK;2,29;4;cc/min;;2;N
2026-07-30 19:42:45;Leak Zero;1.0;MON106992;OK;1,72;3;cc/min;;2;N
2026-07-30 19:43:11;Cabeçote;1.5 Turbo;USI104475;OK;1,94;4;cc/min;;2;N
2026-07-30 19:43:11;Leak Zero;1.5 Turbo;MON107006;OK;1,45;3;cc/min;;2;N
2026-07-30 19:43:21;Bloco;1.5 Turbo;USI101750;OK;3,17;5;cc/min;;2;N
2026-07-30 19:43:21;Water Leak;1.5 Turbo;MON109406;OK;3,81;6;cc/min;;2;N
2026-07-30 19:45:41;Bloco;1.0;USI101722;OK;1,53;5;cc/min;;2;N
2026-07-30 19:45:41;Bloco;1.0;USI101735;OK;1,01;5;cc/min;;2;N
2026-07-30 19:45:41;Water Leak;1.0;MON109391;OK;1,21;6;cc/min;;2;N
2026-07-30 19:46:04;Cabeçote;1.0;USI104498;OK;0,90;4;cc/min;;2;N
2026-07-30 19:46:04;Leak Zero;1.0;MON107029;OK;0,68;3;cc/min;;2;N
2026-07-30 19:47:01;Bloco;1.0;USI101744;OK;1,49;5;cc/min;;2;N
2026-07-30 19:47:01;Water Leak;1.0;MON109400;OK;1,79;6;cc/min;;2;N
2026-07-30 19:47:19;Bloco;1.0;USI101734;OK;2,45;5;cc/min;;2;N
2026-07-30 19:47:19;Water Leak;1.0;MON109390;OK;2,94;6;cc/min;;2;N
2026-07-30 19:47:56;Bloco;1.5;USI101720;OK;3,46;5;cc/min;;2;N
2026-07-30 19:48:14;Bloco;1.5;USI101754;OK;2,52;5;cc/min;;2;N
2026-07-30 19:49:31;Bloco;1.0;USI101729;OK;2,62;5;cc/min;;2;N
2026-07-30 19:49:31;Water Leak;1.0;MON109385;OK;3,14;6;cc/min;;2;N
2026-07-30 19:50:59;Cabeçote;1.5;USI104480;OK;2,25;4;cc/min;;2;N
2026-07-30 19:50:59;Leak Zero;1.5;MON107011;OK;1,69;3;cc/min;;2;N
2026-07-30 19:51:00;Cabeçote;1.5 Turbo;USI104474;OK;1,32;4;cc/min;;2;N
2026-07-30 19:51:00;Leak Zero;1.5 Turbo;MON107005;OK;0,99;3;cc/min;;2;N
2026-07-30 19:52:02;Water Leak;1.0;MON109377;OK;2,07;6;cc/min;;2;N
2026-07-30 19:53:06;Cabeçote;1.5;USI104471;OK;0,68;4;cc/min;;2;N
2026-07-30 19:53:06;Leak Zero;1.5;MON107002;OK;0,51;3;cc/min;;2;N
2026-07-30 19:54:13;Cabeçote;1.5 Turbo;USI104502;OK;1,85;4;cc/min;;2;N
2026-07-30 19:54:13;Cabeçote;1.5;USI104496;OK;1,23;4;cc/min;;2;N
2026-07-30 19:54:13;Leak Zero;1.5;MON107027;OK;0,92;3;cc/min;;2;N
2026-07-30 19:54:37;Cabeçote;1.5;USI104462;OK;2,82;4;cc/min;;2;N
2026-07-30 19:54:37;Leak Zero;1.5;MON106993;OK;2,12;3;cc/min;;2;N
2026-07-30 19:54:55;Cabeçote;1.0;USI104478;OK;2,22;4;cc/min;;2;N
2026-07-30 19:54:55;Leak Zero;1.0;MON107009;OK;1,66;3;cc/min;;2;N
2026-07-30 19:55:28;Cabeçote;1.5 Turbo;USI104500;OK;1,30;4;cc/min;;2;N
2026-07-30 19:55:43;Bloco;1.0;USI101728;OK;2,86;5;cc/min;;2;N
2026-07-30 19:55:43;Water Leak;1.0;MON109384;OK;3,44;6;cc/min;;2;N
2026-07-30 19:56:07;Bloco;1.5 Turbo;USI101721;OK;2,34;5;cc/min;;2;N
2026-07-30 19:56:53;Cabeçote;1.5;USI104463;OK;1,63;4;cc/min;;2;N
2026-07-30 19:56:53;Leak Zero;1.5;MON106994;OK;1,22;3;cc/min;;2;N
2026-07-30 19:57:07;Bloco;1.5 Turbo;USI101755;OK;1,08;5;cc/min;;2;N
2026-07-30 19:57:30;Cabeçote;1.5;USI104491;OK;2,15;4;cc/min;;2;N
2026-07-30 19:57:30;Leak Zero;1.5;MON107022;OK;1,61;3;cc/min;;2;N
2026-07-30 19:58:32;Cabeçote;1.5;USI104469;OK;2,36;4;cc/min;;2;N
2026-07-30 19:58:32;Leak Zero;1.5;MON107000;OK;1,77;3;cc/min;;2;N
2026-07-30 19:59:03;Cabeçote;1.5 Turbo;USI104493;OK;2,06;4;cc/min;;2;N
2026-07-30 19:59:03;Leak Zero;1.5 Turbo;MON107024;OK;1,54;3;cc/min;;2;N
2026-07-30 19:59:35;Cabeçote;1.5 Turbo;USI104485;OK;2,96;4;cc/min;;2;N
2026-07-30 19:59:35;Leak Zero;1.5 Turbo;MON107016;OK;2,22;3;cc/min;;2;N
2026-07-30 20:00:58;Cabeçote;1.0;USI104495;OK;1,10;4;cc/min;;2;N
2026-07-30 20:00:58;Leak Zero;1.0;MON107026;OK;0,83;3;cc/min;;2;N
2026-07-30 20:01:15;Bloco;1.0;USI101756;OK;3,50;5;cc/min;;2;N
2026-07-30 20:01:36;Bloco;1.5 Turbo;USI101715;OK;1,70;5;cc/min;;2;N
2026-07-30 20:02:26;Cabeçote;1.5 Turbo;USI104489;OK;1,23;4;cc/min;;2;N
2026-07-30 20:02:26;Cabeçote;1.5 Turbo;USI104490;OK;0,84;4;cc/min;;2;N
2026-07-30 20:02:26;Leak Zero;1.5 Turbo;MON107020;OK;0,92;3;cc/min;;2;N
2026-07-30 20:02:26;Leak Zero;1.5 Turbo;MON107021;OK;0,63;3;cc/min;;2;N
2026-07-30 20:02:57;Cabeçote;1.5 Turbo;USI104476;OK;1,73;4;cc/min;;2;N
2026-07-30 20:02:57;Leak Zero;1.5 Turbo;MON107007;OK;1,30;3;cc/min;;2;N
2026-07-30 20:03:01;Bloco;1.0;USI101752;OK;2,56;5;cc/min;;2;N
2026-07-30 20:03:01;Water Leak;1.0;MON109408;OK;3,07;6;cc/min;;2;N
2026-07-30 20:03:02;Bloco;1.5 Turbo;USI101716;OK;3,62;5;cc/min;;2;N
2026-07-30 20:03:21;Cabeçote;1.5 Turbo;USI104465;OK;3,00;4;cc/min;;2;N
2026-07-30 20:03:21;Leak Zero;1.5 Turbo;MON106996;OK;2,25;3;cc/min;;2;N
2026-07-30 20:03:41;Bloco;1.5;USI101753;OK;1,93;5;cc/min;;2;N
2026-07-30 20:03:56;Cabeçote;1.5 Turbo;USI104477;OK;1,42;4;cc/min;;2;N
2026-07-30 20:03:56;Leak Zero;1.5 Turbo;MON107008;OK;1,06;3;cc/min;;2;N
2026-07-30 20:04:09;Bloco;1.0;USI101739;OK;1,43;5;cc/min;;2;N
2026-07-30 20:04:09;Water Leak;1.0;MON109395;OK;1,72;6;cc/min;;2;N
2026-07-30 20:04:50;Bloco;1.5 Turbo;USI101748;OK;3,23;5;cc/min;;2;N
2026-07-30 20:04:50;Water Leak;1.5 Turbo;MON109404;OK;3,88;6;cc/min;;2;N
2026-07-30 20:04:54;Bloco;1.5 Turbo;USI101740;OK;2,45;5;cc/min;;2;N
2026-07-30 20:04:54;Water Leak;1.5 Turbo;MON109396;OK;2,94;6;cc/min;;2;N
2026-07-30 20:06:29;Cabeçote;1.0;USI104458;OK;1,92;4;cc/min;;2;N
2026-07-30 20:06:29;Leak Zero;1.0;MON106989;OK;1,44;3;cc/min;;2;N
2026-07-30 20:07:00;Cabeçote;1.5;USI104499;OK;1,40;4;cc/min;;2;N
2026-07-30 20:07:00;Leak Zero;1.5;MON107030;OK;1,05;3;cc/min;;2;N
2026-07-30 20:07:05;Bloco;1.5 Turbo;USI101758;OK;3,29;5;cc/min;;2;N
2026-07-30 20:08:06;Bloco;1.5;USI101717;OK;1,50;5;cc/min;;2;N
2026-07-30 20:08:12;Bloco;1.5;USI101751;OK;2,48;5;cc/min;;2;N
2026-07-30 20:08:12;Water Leak;1.5;MON109407;OK;2,98;6;cc/min;;2;N
2026-07-30 20:09:04;Cabeçote;1.0;USI104484;OK;2,17;4;cc/min;;2;N
2026-07-30 20:09:04;Leak Zero;1.0;MON107015;OK;1,63;3;cc/min;;2;N
2026-07-30 20:09:27;Bloco;1.5;USI101736;OK;2,04;5;cc/min;;2;N
2026-07-30 20:09:27;Water Leak;1.5;MON109392;OK;2,45;6;cc/min;;2;N
2026-07-30 20:09:52;Cabeçote;1.5 Turbo;USI104473;OK;1,82;4;cc/min;;2;N
2026-07-30 20:09:52;Leak Zero;1.5 Turbo;MON107004;OK;1,37;3;cc/min;;2;N
2026-07-30 20:10:32;Cabeçote;1.5;USI104482;OK;1,04;4;cc/min;;2;N
2026-07-30 20:10:32;Leak Zero;1.5;MON107013;OK;0,78;3;cc/min;;2;N
2026-07-30 20:11:43;Cabeçote;1.0;USI104466;OK;2,33;4;cc/min;;2;N
2026-07-30 20:11:43;Leak Zero;1.0;MON106997;OK;1,75;3;cc/min;;2;N
2026-07-30 20:11:52;Cabeçote;1.0;USI104464;OK;2,65;4;cc/min;;2;N
2026-07-30 20:11:52;Leak Zero;1.0;MON106995;OK;1,99;3;cc/min;;2;N
2026-07-30 20:12:24;Bloco;1.0;USI101725;NOK;14,21;5;cc/min;Face de fogo;2;N
2026-07-30 20:12:59;Bloco;1.5 Turbo;USI101723;OK;3,49;5;cc/min;;2;N
2026-07-30 20:13:15;Bloco;1.0;USI101743;OK;1,23;5;cc/min;;2;N
2026-07-30 20:13:15;Water Leak;1.0;MON109399;OK;1,48;6;cc/min;;2;N
2026-07-30 20:13:47;Bloco;1.5 Turbo;USI101757;OK;0,80;5;cc/min;;2;N
2026-07-30 20:13:54;Water Leak;1.5 Turbo;MON109380;OK;0,92;6;cc/min;;2;N
2026-07-30 20:14:09;Cabeçote;1.0;USI104459;OK;2,92;4;cc/min;;2;N
2026-07-30 20:14:09;Leak Zero;1.0;MON106990;OK;2,19;3;cc/min;;2;N
2026-07-30 20:14:17;Water Leak;1.5;MON109376;OK;3,92;6;cc/min;;2;N
2026-07-30 20:14:54;Water Leak;1.5;MON109379;OK;3,26;6;cc/min;;2;N
2026-07-30 20:14:59;Bloco;1.5;USI101732;OK;1,45;5;cc/min;;2;N
2026-07-30 20:14:59;Water Leak;1.5;MON109388;OK;1,73;6;cc/min;;2;N
2026-07-30 20:15:23;Bloco;1.5;USI101749;OK;1,18;5;cc/min;;2;N
2026-07-30 20:15:23;Water Leak;1.5;MON109405;OK;1,42;6;cc/min;;2;N
2026-07-30 20:15:39;Water Leak;1.5 Turbo;MON109375;OK;2,21;6;cc/min;;2;N
2026-07-30 20:17:07;Cabeçote;1.5 Turbo;USI104492;OK;1,46;4;cc/min;;2;N
2026-07-30 20:17:07;Leak Zero;1.5 Turbo;MON107023;OK;1,09;3;cc/min;;2;N
2026-07-30 20:17:55;Cabeçote;1.5;USI104468;OK;2,45;4;cc/min;;2;N
2026-07-30 20:17:55;Leak Zero;1.5;MON106999;OK;1,84;3;cc/min;;2;N
2026-07-30 20:18:15;Water Leak;1.5;MON109381;OK;1,98;6;cc/min;;2;N
2026-07-30 20:19:28;Bloco;1.5;USI101714;OK;1,82;5;cc/min;;2;N
2026-07-30 20:20:29;Bloco;1.5;USI101786;OK;1,92;5;cc/min;;2;N
2026-07-30 20:20:29;Water Leak;1.5;MON109442;OK;2,31;6;cc/min;;2;N
2026-07-30 20:21:00;Cabeçote;1.0;USI104516;OK;2,24;4;cc/min;;2;N
2026-07-30 20:21:00;Leak Zero;1.0;MON107047;OK;1,68;3;cc/min;;2;N
2026-07-30 20:21:50;Cabeçote;1.5;USI104513;OK;2,34;4;cc/min;;2;N
2026-07-30 20:21:50;Leak Zero;1.5;MON107044;OK;1,76;3;cc/min;;2;N
2026-07-30 20:22:16;Leak Zero;1.5 Turbo;MON107064;OK;1,37;3;cc/min;;2;N
2026-07-30 20:22:57;Bloco;1.5 Turbo;USI101770;OK;1,58;5;cc/min;;2;N
2026-07-30 20:22:57;Water Leak;1.5 Turbo;MON109426;OK;1,90;6;cc/min;;2;N
2026-07-30 20:23:19;Bloco;1.5 Turbo;USI101788;OK;3,59;5;cc/min;;2;N
2026-07-30 20:23:19;Water Leak;1.5 Turbo;MON109444;OK;4,30;6;cc/min;;2;N
2026-07-30 20:23:24;Cabeçote;1.5 Turbo;USI104548;OK;2,29;4;cc/min;;2;N
2026-07-30 20:24:28;Cabeçote;1.5;USI104545;OK;2,75;4;cc/min;;2;N
2026-07-30 20:24:36;Leak Zero;1.5;MON107037;OK;0,58;3;cc/min;;2;N
2026-07-30 20:25:22;Bloco;1.0;USI101797;OK;2,44;5;cc/min;;2;N
2026-07-30 20:25:29;Water Leak;1.5 Turbo;MON109412;OK;3,90;6;cc/min;;2;N
2026-07-30 20:28:56;Cabeçote;1.5 Turbo;USI104509;OK;2,81;4;cc/min;;2;N
2026-07-30 20:28:56;Leak Zero;1.5 Turbo;MON107040;OK;2,11;3;cc/min;;2;N
2026-07-30 20:30:20;Bloco;1.5 Turbo;USI101767;OK;2,45;5;cc/min;;2;N
2026-07-30 20:30:20;Water Leak;1.5 Turbo;MON109423;OK;2,94;6;cc/min;;2;N
2026-07-30 20:31:39;Bloco;1.5 Turbo;USI101760;OK;3,32;5;cc/min;;2;N
2026-07-30 20:31:39;Water Leak;1.5 Turbo;MON109416;OK;3,99;6;cc/min;;2;N
2026-07-30 20:32:12;Cabeçote;1.5;USI104515;OK;2,08;4;cc/min;;2;N
2026-07-30 20:32:12;Leak Zero;1.5;MON107046;OK;1,56;3;cc/min;;2;N
2026-07-30 20:34:05;Bloco;1.5 Turbo;USI101794;OK;1,21;5;cc/min;;2;N
2026-07-30 20:34:24;Bloco;1.0;USI101725;OK;2,50;5;cc/min;;2;S
2026-07-30 20:35:07;Cabeçote;1.5;USI104552;OK;2,16;4;cc/min;;2;N
2026-07-30 20:35:19;Bloco;1.0;USI101779;OK;2,53;5;cc/min;;2;N
2026-07-30 20:35:19;Water Leak;1.0;MON109435;OK;3,04;6;cc/min;;2;N
2026-07-30 20:35:23;Cabeçote;1.0;USI104547;OK;0,73;4;cc/min;;2;N
2026-07-30 20:36:15;Cabeçote;1.5;USI104540;OK;2,82;4;cc/min;;2;N
2026-07-30 20:36:16;Cabeçote;1.5;USI104551;OK;2,88;4;cc/min;;2;N
2026-07-30 20:36:50;Leak Zero;1.0;MON107063;OK;1,25;3;cc/min;;2;N
2026-07-30 20:38:04;Leak Zero;1.5;MON107067;OK;1,69;3;cc/min;;2;N
2026-07-30 20:38:07;Bloco;1.5;USI101787;OK;1,45;5;cc/min;;2;N
2026-07-30 20:38:07;Water Leak;1.5;MON109443;OK;1,73;6;cc/min;;2;N
2026-07-30 20:39:41;Cabeçote;1.0;USI104539;OK;0,91;4;cc/min;;2;N
2026-07-30 20:39:43;Bloco;1.5 Turbo;USI101783;OK;2,56;5;cc/min;;2;N
2026-07-30 20:39:43;Water Leak;1.5 Turbo;MON109439;OK;3,07;6;cc/min;;2;N
2026-07-30 20:40:49;Bloco;1.5;USI101772;OK;2,22;5;cc/min;;2;N
2026-07-30 20:40:49;Water Leak;1.5;MON109428;OK;2,67;6;cc/min;;2;N
2026-07-30 20:42:04;Bloco;1.5;USI101781;OK;2,08;5;cc/min;;2;N
2026-07-30 20:42:04;Water Leak;1.5;MON109437;OK;2,49;6;cc/min;;2;N
2026-07-30 20:42:45;Bloco;1.0;USI101761;OK;2,86;5;cc/min;;2;N
2026-07-30 20:42:45;Water Leak;1.0;MON109417;OK;3,44;6;cc/min;;2;N
2026-07-30 20:43:11;Bloco;1.5 Turbo;USI101775;OK;2,42;5;cc/min;;2;N
2026-07-30 20:43:11;Water Leak;1.5 Turbo;MON109431;OK;2,91;6;cc/min;;2;N
2026-07-30 20:45:25;Leak Zero;1.0;MON107036;OK;0,69;3;cc/min;;2;N
2026-07-30 20:45:41;Cabeçote;1.0;USI104543;OK;1,23;4;cc/min;;2;N
2026-07-30 20:45:53;Cabeçote;1.0;USI104525;OK;0,80;4;cc/min;;2;N
2026-07-30 20:45:53;Leak Zero;1.0;MON107056;OK;0,60;3;cc/min;;2;N
2026-07-30 20:46:58;Cabeçote;1.5;USI104532;OK;2,30;4;cc/min;;2;N
2026-07-30 20:47:24;Water Leak;1.5;MON109409;OK;1,62;6;cc/min;;2;N
2026-07-30 20:47:56;Cabeçote;1.5;USI104541;OK;2,76;4;cc/min;;2;N
2026-07-30 20:48:20;Cabeçote;1.0;USI104508;OK;2,39;4;cc/min;;2;N
2026-07-30 20:48:20;Leak Zero;1.0;MON107039;OK;1,79;3;cc/min;;2;N
2026-07-30 20:48:32;Leak Zero;1.5 Turbo;MON107069;OK;1,89;3;cc/min;;2;N
2026-07-30 20:49:25;Cabeçote;1.5 Turbo;USI104517;OK;2,74;4;cc/min;;2;N
2026-07-30 20:49:25;Leak Zero;1.5 Turbo;MON107048;OK;2,06;3;cc/min;;2;N
2026-07-30 20:49:31;Cabeçote;1.0;USI104550;OK;2,09;4;cc/min;;2;N
2026-07-30 20:49:38;Leak Zero;1.5 Turbo;MON107065;OK;1,73;3;cc/min;;2;N
2026-07-30 20:50:41;Leak Zero;1.5 Turbo;MON107066;OK;2,23;3;cc/min;;2;N
2026-07-30 20:50:45;Cabeçote;1.5 Turbo;USI104533;OK;2,91;4;cc/min;;2;N
2026-07-30 20:50:59;Bloco;1.5;USI101780;OK;2,82;5;cc/min;;2;N
2026-07-30 20:50:59;Water Leak;1.5;MON109436;OK;3,38;6;cc/min;;2;N
2026-07-30 20:51:00;Bloco;1.5 Turbo;USI101774;OK;1,64;5;cc/min;;2;N
2026-07-30 20:51:00;Water Leak;1.5 Turbo;MON109430;OK;1,97;6;cc/min;;2;N
2026-07-30 20:52:13;Water Leak;1.5;MON109410;OK;0,95;6;cc/min;;2;N
2026-07-30 20:53:06;Bloco;1.5;USI101771;OK;0,86;5;cc/min;;2;N
2026-07-30 20:53:06;Water Leak;1.5;MON109427;OK;1,03;6;cc/min;;2;N
2026-07-30 20:53:11;Cabeçote;1.5;USI104520;OK;0,76;4;cc/min;;2;N
2026-07-30 20:53:11;Leak Zero;1.5;MON107051;OK;0,57;3;cc/min;;2;N
2026-07-30 20:53:35;Leak Zero;1.0;MON107068;OK;1,74;3;cc/min;;2;N
2026-07-30 20:54:13;Bloco;1.5;USI101796;OK;1,54;5;cc/min;;2;N
2026-07-30 20:54:13;Cabeçote;1.0;USI104529;NOK;8,64;4;cc/min;Guia de válvula;2;N
2026-07-30 20:54:13;Leak Zero;1.0;MON107060;OK;1,51;3;cc/min;;2;N
2026-07-30 20:54:37;Bloco;1.5;USI101762;OK;3,53;5;cc/min;;2;N
2026-07-30 20:54:37;Water Leak;1.5;MON109418;OK;4,23;6;cc/min;;2;N
2026-07-30 20:54:55;Bloco;1.0;USI101778;OK;2,77;5;cc/min;;2;N
2026-07-30 20:54:55;Water Leak;1.0;MON109434;OK;3,33;6;cc/min;;2;N
2026-07-30 20:55:43;Cabeçote;1.0;USI104549;OK;2,29;4;cc/min;;2;N
2026-07-30 20:55:47;Cabeçote;1.0;USI104510;OK;1,53;4;cc/min;;2;N
2026-07-30 20:55:47;Cabeçote;1.5 Turbo;USI104511;OK;2,52;4;cc/min;;2;N
2026-07-30 20:55:47;Leak Zero;1.0;MON107035;OK;1,26;3;cc/min;;2;N
2026-07-30 20:55:47;Leak Zero;1.0;MON107041;OK;1,15;3;cc/min;;2;N
2026-07-30 20:55:47;Leak Zero;1.5 Turbo;MON107042;OK;1,89;3;cc/min;;2;N
2026-07-30 20:55:51;Leak Zero;1.0;MON107034;OK;2,04;3;cc/min;;2;N
2026-07-30 20:56:07;Cabeçote;1.5 Turbo;USI104542;OK;1,87;4;cc/min;;2;N
2026-07-30 20:56:12;Cabeçote;1.0;USI104530;OK;2,76;4;cc/min;;2;N
2026-07-30 20:56:19;Cabeçote;1.0;USI104507;OK;1,01;4;cc/min;;2;N
2026-07-30 20:56:19;Leak Zero;1.0;MON107038;OK;0,76;3;cc/min;;2;N
2026-07-30 20:56:53;Bloco;1.5;USI101763;OK;2,04;5;cc/min;;2;N
2026-07-30 20:56:53;Water Leak;1.5;MON109419;OK;2,44;6;cc/min;;2;N
2026-07-30 20:57:10;Cabeçote;1.5;USI104512;OK;2,31;4;cc/min;;2;N
2026-07-30 20:57:10;Leak Zero;1.5;MON107043;OK;1,74;3;cc/min;;2;N
2026-07-30 20:57:30;Bloco;1.5;USI101791;OK;2,69;5;cc/min;;2;N
2026-07-30 20:57:30;Water Leak;1.5;MON109447;OK;3,22;6;cc/min;;2;N
2026-07-30 20:58:32;Bloco;1.5;USI101769;OK;2,95;5;cc/min;;2;N
2026-07-30 20:58:32;Water Leak;1.5;MON109425;OK;3,54;6;cc/min;;2;N
2026-07-30 20:59:03;Bloco;1.5 Turbo;USI101793;OK;2,57;5;cc/min;;2;N
2026-07-30 20:59:03;Water Leak;1.5 Turbo;MON109449;OK;3,08;6;cc/min;;2;N
2026-07-30 20:59:35;Bloco;1.5 Turbo;USI101785;OK;3,70;5;cc/min;;2;N
2026-07-30 20:59:35;Water Leak;1.5 Turbo;MON109441;OK;4,44;6;cc/min;;2;N
2026-07-30 21:00:58;Bloco;1.0;USI101795;OK;1,38;5;cc/min;;2;N
2026-07-30 21:01:36;Cabeçote;1.5 Turbo;USI104536;OK;1,36;4;cc/min;;2;N
2026-07-30 21:02:26;Bloco;1.5 Turbo;USI101789;OK;1,54;5;cc/min;;2;N
2026-07-30 21:02:26;Bloco;1.5 Turbo;USI101790;OK;1,05;5;cc/min;;2;N
2026-07-30 21:02:26;Cabeçote;1.5;USI104523;OK;1,56;4;cc/min;;2;N
2026-07-30 21:02:26;Leak Zero;1.5;MON107054;OK;1,17;3;cc/min;;2;N
2026-07-30 21:02:26;Water Leak;1.5 Turbo;MON109445;OK;1,84;6;cc/min;;2;N
2026-07-30 21:02:26;Water Leak;1.5 Turbo;MON109446;OK;1,26;6;cc/min;;2;N
2026-07-30 21:02:54;Cabeçote;1.5;USI104534;OK;2,37;4;cc/min;;2;N
2026-07-30 21:02:57;Bloco;1.5 Turbo;USI101776;OK;2,17;5;cc/min;;2;N
2026-07-30 21:02:57;Water Leak;1.5 Turbo;MON109432;OK;2,60;6;cc/min;;2;N
2026-07-30 21:03:02;Cabeçote;1.5 Turbo;USI104537;OK;2,90;4;cc/min;;2;N
2026-07-30 21:03:21;Bloco;1.5 Turbo;USI101765;OK;3,75;5;cc/min;;2;N
2026-07-30 21:03:21;Water Leak;1.5 Turbo;MON109421;OK;4,50;6;cc/min;;2;N
2026-07-30 21:03:25;Cabeçote;1.5;USI104528;OK;2,43;4;cc/min;;2;N
2026-07-30 21:03:25;Leak Zero;1.5;MON107059;OK;1,82;3;cc/min;;2;N
2026-07-30 21:03:56;Bloco;1.5 Turbo;USI101777;OK;1,77;5;cc/min;;2;N
2026-07-30 21:03:56;Water Leak;1.5 Turbo;MON109433;OK;2,13;6;cc/min;;2;N
2026-07-30 21:04:11;Leak Zero;1.5 Turbo;MON107062;OK;2,02;3;cc/min;;2;N
2026-07-30 21:04:27;Cabeçote;1.5;USI104514;OK;1,72;4;cc/min;;2;N
2026-07-30 21:04:27;Leak Zero;1.5;MON107045;OK;1,29;3;cc/min;;2;N
2026-07-30 21:06:23;Leak Zero;1.5 Turbo;MON107061;OK;1,53;3;cc/min;;2;N
2026-07-30 21:06:29;Water Leak;1.0;MON109414;OK;2,88;6;cc/min;;2;N
2026-07-30 21:08:06;Cabeçote;1.5;USI104538;OK;1,20;4;cc/min;;2;N
2026-07-30 21:08:15;Water Leak;1.5 Turbo;MON109413;OK;4,07;6;cc/min;;2;N
2026-07-30 21:08:48;Water Leak;1.5 Turbo;MON109411;OK;2,66;6;cc/min;;2;N
2026-07-30 21:09:04;Bloco;1.0;USI101784;OK;2,72;5;cc/min;;2;N
2026-07-30 21:09:04;Water Leak;1.0;MON109440;OK;3,26;6;cc/min;;2;N
2026-07-30 21:09:52;Bloco;1.5 Turbo;USI101773;OK;2,28;5;cc/min;;2;N
2026-07-30 21:09:52;Water Leak;1.5 Turbo;MON109429;OK;2,73;6;cc/min;;2;N
2026-07-30 21:10:09;Cabeçote;1.0;USI104518;OK;2,48;4;cc/min;;2;N
2026-07-30 21:10:09;Leak Zero;1.0;MON107049;OK;1,86;3;cc/min;;2;N
2026-07-30 21:10:32;Bloco;1.5;USI101782;OK;1,30;5;cc/min;;2;N
2026-07-30 21:10:32;Water Leak;1.5;MON109438;OK;1,56;6;cc/min;;2;N
2026-07-30 21:11:10;Leak Zero;1.0;MON107031;OK;1,79;3;cc/min;;2;N
2026-07-30 21:11:27;Cabeçote;1.0;USI104526;OK;2,78;4;cc/min;;2;N
2026-07-30 21:11:27;Leak Zero;1.0;MON107057;OK;2,09;3;cc/min;;2;N
2026-07-30 21:11:38;Cabeçote;1.5;USI104522;OK;1,20;4;cc/min;;2;N
2026-07-30 21:11:38;Leak Zero;1.5;MON107053;OK;0,90;3;cc/min;;2;N
2026-07-30 21:11:43;Bloco;1.0;USI101766;OK;2,91;5;cc/min;;2;N
2026-07-30 21:11:43;Water Leak;1.0;MON109422;OK;3,50;6;cc/min;;2;N
2026-07-30 21:11:52;Bloco;1.0;USI101764;OK;3,31;5;cc/min;;2;N
2026-07-30 21:11:52;Water Leak;1.0;MON109420;OK;3,98;6;cc/min;;2;N
2026-07-30 21:12:24;Cabeçote;1.0;USI104546;NOK;11,37;4;cc/min;Guia de válvula;2;N
2026-07-30 21:12:36;Cabeçote;1.5;USI104531;OK;1,11;4;cc/min;;2;N
2026-07-30 21:12:56;Cabeçote;1.5 Turbo;USI104519;OK;1,16;4;cc/min;;2;N
2026-07-30 21:12:56;Leak Zero;1.5 Turbo;MON107050;OK;0,87;3;cc/min;;2;N
2026-07-30 21:12:59;Cabeçote;1.5 Turbo;USI104544;OK;2,79;4;cc/min;;2;N
2026-07-30 21:14:09;Water Leak;1.0;MON109415;OK;4,38;6;cc/min;;2;N
2026-07-30 21:14:42;Leak Zero;1.5;MON107032;OK;0,73;3;cc/min;;2;N
2026-07-30 21:15:45;Cabeçote;1.5 Turbo;USI104524;OK;2,01;4;cc/min;;2;N
2026-07-30 21:15:45;Leak Zero;1.5 Turbo;MON107055;OK;1,51;3;cc/min;;2;N
2026-07-30 21:16:13;Cabeçote;1.0;USI104529;OK;2,00;4;cc/min;;2;S
2026-07-30 21:17:07;Bloco;1.5 Turbo;USI101792;OK;1,82;5;cc/min;;2;N
2026-07-30 21:17:07;Water Leak;1.5 Turbo;MON109448;OK;2,18;6;cc/min;;2;N
2026-07-30 21:17:55;Bloco;1.5;USI101768;OK;3,06;5;cc/min;;2;N
2026-07-30 21:17:55;Water Leak;1.5;MON109424;OK;3,67;6;cc/min;;2;N
2026-07-30 21:18:06;Cabeçote;1.5;USI104521;OK;2,72;4;cc/min;;2;N
2026-07-30 21:18:06;Leak Zero;1.5;MON107052;OK;2,04;3;cc/min;;2;N
2026-07-30 21:18:16;Leak Zero;1.5;MON107033;OK;0,59;3;cc/min;;2;N
2026-07-30 21:19:28;Cabeçote;1.5;USI104535;OK;1,46;4;cc/min;;2;N
2026-07-30 21:20:07;Cabeçote;1.5 Turbo;USI104527;OK;0,66;4;cc/min;;2;N
2026-07-30 21:20:07;Leak Zero;1.5 Turbo;MON107058;OK;0,49;3;cc/min;;2;N
2026-07-30 21:20:15;Cabeçote;1.0;USI104565;OK;0,78;4;cc/min;;2;N
2026-07-30 21:21:00;Bloco;1.0;USI101816;OK;2,80;5;cc/min;;2;N
2026-07-30 21:21:00;Water Leak;1.0;MON109472;OK;3,37;6;cc/min;;2;N
2026-07-30 21:21:50;Bloco;1.5;USI101813;OK;2,93;5;cc/min;;2;N
2026-07-30 21:21:50;Water Leak;1.5;MON109469;OK;3,51;6;cc/min;;2;N
2026-07-30 21:22:16;Bloco;1.5 Turbo;USI101833;OK;2,28;5;cc/min;;2;N
2026-07-30 21:22:57;Cabeçote;1.5 Turbo;USI104591;OK;1,27;4;cc/min;;2;N
2026-07-30 21:23:24;Leak Zero;1.5 Turbo;MON107080;OK;1,72;3;cc/min;;2;N
2026-07-30 21:24:30;Bloco;1.5 Turbo;USI101798;OK;1,72;5;cc/min;;2;N
2026-07-30 21:24:30;Water Leak;1.5 Turbo;MON109454;OK;2,07;6;cc/min;;2;N
2026-07-30 21:24:33;Leak Zero;1.5 Turbo;MON107099;OK;0,87;3;cc/min;;2;N
2026-07-30 21:24:36;Bloco;1.5;USI101806;OK;0,97;5;cc/min;;2;N
2026-07-30 21:24:36;Water Leak;1.5;MON109462;OK;1,16;6;cc/min;;2;N
2026-07-30 21:24:52;Leak Zero;1.5 Turbo;MON107095;OK;1,03;3;cc/min;;2;N
2026-07-30 21:25:29;Cabeçote;1.5 Turbo;USI104577;OK;2,60;4;cc/min;;2;N
2026-07-30 21:27:46;Cabeçote;1.0;USI104558;OK;1,78;4;cc/min;;2;N
2026-07-30 21:27:53;Leak Zero;1.5;MON107071;OK;1,37;3;cc/min;;2;N
2026-07-30 21:28:03;Leak Zero;1.5 Turbo;MON107098;OK;1,52;3;cc/min;;2;N
2026-07-30 21:28:56;Bloco;1.5 Turbo;USI101809;OK;3,51;5;cc/min;;2;N
2026-07-30 21:28:56;Water Leak;1.5 Turbo;MON109465;OK;4,21;6;cc/min;;2;N
2026-07-30 21:29:20;Cabeçote;1.5;USI104554;OK;1,37;4;cc/min;;2;N
2026-07-30 21:29:23;Leak Zero;1.5;MON107094;OK;1,08;3;cc/min;;2;N
2026-07-30 21:30:20;Cabeçote;1.5 Turbo;USI104588;OK;1,96;4;cc/min;;2;N
2026-07-30 21:30:23;Leak Zero;1.5 Turbo;MON107100;OK;0,61;3;cc/min;;2;N
2026-07-30 21:31:39;Cabeçote;1.5 Turbo;USI104581;OK;2,66;4;cc/min;;2;N
2026-07-30 21:32:12;Bloco;1.5;USI101815;OK;2,60;5;cc/min;;2;N
2026-07-30 21:32:12;Water Leak;1.5;MON109471;OK;3,12;6;cc/min;;2;N
2026-07-30 21:32:42;Cabeçote;1.5;USI104555;OK;1,64;4;cc/min;;2;N
2026-07-30 21:34:24;Cabeçote;1.0;USI104546;OK;2,00;4;cc/min;;2;S
2026-07-30 21:34:36;Water Leak;1.5;MON109453;OK;1,84;6;cc/min;;2;N
2026-07-30 21:34:45;Leak Zero;1.0;MON107086;OK;1,67;3;cc/min;;2;N
2026-07-30 21:35:07;Leak Zero;1.5;MON107084;OK;1,62;3;cc/min;;2;N
2026-07-30 21:35:11;Leak Zero;1.5 Turbo;MON107070;OK;0,90;3;cc/min;;2;N
2026-07-30 21:35:19;Cabeçote;1.0;USI104600;OK;2,02;4;cc/min;;2;N
2026-07-30 21:35:23;Leak Zero;1.0;MON107079;OK;0,54;3;cc/min;;2;N
2026-07-30 21:35:51;Leak Zero;1.5;MON107075;OK;1,92;3;cc/min;;2;N
2026-07-30 21:35:55;Leak Zero;1.0;MON107090;OK;1,86;3;cc/min;;2;N
2026-07-30 21:35:59;Cabeçote;1.5 Turbo;USI104556;OK;1,18;4;cc/min;;2;N
2026-07-30 21:36:16;Leak Zero;1.5;MON107083;OK;2,16;3;cc/min;;2;N
2026-07-30 21:36:50;Bloco;1.0;USI101832;OK;2,09;5;cc/min;;2;N
2026-07-30 21:37:40;Cabeçote;1.5 Turbo;USI104560;OK;2,78;4;cc/min;;2;N
2026-07-30 21:38:04;Bloco;1.5;USI101836;OK;2,82;5;cc/min;;2;N
2026-07-30 21:39:18;Water Leak;1.5;MON109451;OK;2,43;6;cc/min;;2;N
2026-07-30 21:39:30;Cabeçote;1.5 Turbo;USI104573;OK;2,37;4;cc/min;;2;N
2026-07-30 21:39:39;Leak Zero;1.5;MON107091;OK;1,51;3;cc/min;;2;N
2026-07-30 21:39:45;Cabeçote;1.5;USI104564;OK;1,61;4;cc/min;;2;N
2026-07-30 21:40:17;Cabeçote;1.5 Turbo;USI104559;OK;2,64;4;cc/min;;2;N
2026-07-30 21:40:25;Cabeçote;1.5 Turbo;USI104572;OK;0,67;4;cc/min;;2;N
2026-07-30 21:40:36;Bloco;1.0;USI101839;OK;1,73;5;cc/min;;2;N
2026-07-30 21:40:49;Cabeçote;1.5;USI104593;OK;1,78;4;cc/min;;2;N
2026-07-30 21:42:04;Cabeçote;1.5;USI104602;OK;1,66;4;cc/min;;2;N
2026-07-30 21:42:45;Cabeçote;1.0;USI104582;OK;2,29;4;cc/min;;2;N
2026-07-30 21:43:11;Cabeçote;1.5 Turbo;USI104596;OK;1,94;4;cc/min;;2;N
2026-07-30 21:43:21;Leak Zero;1.5 Turbo;MON107103;OK;1,90;3;cc/min;;2;N
2026-07-30 21:43:37;Cabeçote;1.5;USI104570;OK;2,02;4;cc/min;;2;N
2026-07-30 21:45:25;Bloco;1.0;USI101805;OK;1,14;5;cc/min;;2;N
2026-07-30 21:45:25;Water Leak;1.0;MON109461;OK;1,37;6;cc/min;;2;N
2026-07-30 21:45:41;Leak Zero;1.0;MON107088;OK;0,61;3;cc/min;;2;N
2026-07-30 21:45:53;Bloco;1.0;USI101825;OK;1,00;5;cc/min;;2;N
2026-07-30 21:45:53;Water Leak;1.0;MON109481;OK;1,20;6;cc/min;;2;N
2026-07-30 21:46:17;Water Leak;1.0;MON109452;OK;3,86;6;cc/min;;2;N
2026-07-30 21:47:01;Leak Zero;1.0;MON107097;OK;0,89;3;cc/min;;2;N
2026-07-30 21:47:19;Leak Zero;1.0;MON107087;OK;1,47;3;cc/min;;2;N
2026-07-30 21:47:24;Cabeçote;1.5;USI104574;OK;1,08;4;cc/min;;2;N
2026-07-30 21:48:20;Bloco;1.0;USI101808;OK;2,98;5;cc/min;;2;N
2026-07-30 21:48:20;Water Leak;1.0;MON109464;OK;3,58;6;cc/min;;2;N
2026-07-30 21:48:32;Bloco;1.5 Turbo;USI101838;OK;3,15;5;cc/min;;2;N
2026-07-30 21:49:25;Bloco;1.5 Turbo;USI101817;OK;3,43;5;cc/min;;2;N
2026-07-30 21:49:25;Water Leak;1.5 Turbo;MON109473;OK;4,12;6;cc/min;;2;N
2026-07-30 21:49:31;Leak Zero;1.0;MON107082;OK;1,57;3;cc/min;;2;N
2026-07-30 21:49:35;Bloco;1.5;USI101799;OK;2,95;5;cc/min;;2;N
2026-07-30 21:49:35;Water Leak;1.5;MON109455;OK;3,54;6;cc/min;;2;N
2026-07-30 21:49:38;Bloco;1.5 Turbo;USI101834;OK;2,89;5;cc/min;;2;N
2026-07-30 21:50:41;Bloco;1.5 Turbo;USI101835;OK;3,71;5;cc/min;;2;N
2026-07-30 21:50:59;Cabeçote;1.5;USI104601;OK;2,25;4;cc/min;;2;N
2026-07-30 21:51:00;Cabeçote;1.5 Turbo;USI104595;OK;1,32;4;cc/min;;2;N
2026-07-30 21:51:21;Cabeçote;1.0;USI104562;OK;2,03;4;cc/min;;2;N
2026-07-30 21:52:02;Leak Zero;1.0;MON107074;OK;1,04;3;cc/min;;2;N
2026-07-30 21:52:13;Cabeçote;1.5;USI104575;OK;0,63;4;cc/min;;2;N
2026-07-30 21:53:06;Cabeçote;1.5;USI104592;OK;0,68;4;cc/min;;2;N
2026-07-30 21:53:11;Bloco;1.5;USI101820;OK;0,96;5;cc/min;;2;N
2026-07-30 21:53:11;Water Leak;1.5;MON109476;OK;1,15;6;cc/min;;2;N
2026-07-30 21:53:35;Bloco;1.0;USI101837;OK;2,89;5;cc/min;;2;N
2026-07-30 21:53:58;Cabeçote;1.0;USI104557;OK;0,77;4;cc/min;;2;N
2026-07-30 21:54:13;Bloco;1.0;USI101829;OK;2,52;5;cc/min;;2;N
2026-07-30 21:54:37;Cabeçote;1.5;USI104583;OK;2,82;4;cc/min;;2;N
2026-07-30 21:54:55;Cabeçote;1.0;USI104599;OK;2,22;4;cc/min;;2;N
2026-07-30 21:55:43;Leak Zero;1.0;MON107081;OK;1,72;3;cc/min;;2;N
2026-07-30 21:55:46;Bloco;1.5 Turbo;USI101841;OK;2,14;5;cc/min;;2;N
2026-07-30 21:55:47;Bloco;1.0;USI101804;OK;2,09;5;cc/min;;2;N
2026-07-30 21:55:47;Bloco;1.0;USI101810;OK;1,91;5;cc/min;;2;N
2026-07-30 21:55:47;Bloco;1.5 Turbo;USI101811;OK;3,15;5;cc/min;;2;N
2026-07-30 21:55:47;Water Leak;1.0;MON109460;OK;2,51;6;cc/min;;2;N
2026-07-30 21:55:47;Water Leak;1.0;MON109466;OK;2,29;6;cc/min;;2;N
2026-07-30 21:55:47;Water Leak;1.5 Turbo;MON109467;OK;3,78;6;cc/min;;2;N
2026-07-30 21:55:51;Bloco;1.0;USI101803;OK;3,40;5;cc/min;;2;N
2026-07-30 21:55:51;Water Leak;1.0;MON109459;OK;4,08;6;cc/min;;2;N
2026-07-30 21:56:19;Bloco;1.0;USI101807;OK;1,26;5;cc/min;;2;N
2026-07-30 21:56:19;Water Leak;1.0;MON109463;OK;1,51;6;cc/min;;2;N
2026-07-30 21:56:34;Cabeçote;1.0;USI104553;OK;2,90;4;cc/min;;2;N
2026-07-30 21:56:53;Cabeçote;1.5;USI104584;OK;1,63;4;cc/min;;2;N
2026-07-30 21:57:10;Bloco;1.5;USI101812;OK;2,89;5;cc/min;;2;N
2026-07-30 21:57:10;Water Leak;1.5;MON109468;OK;3,47;6;cc/min;;2;N
2026-07-30 21:58:32;Cabeçote;1.5;USI104590;OK;2,36;4;cc/min;;2;N
2026-07-30 22:00:37;Bloco;1.0;USI101840;OK;1,55;5;cc/min;;2;N
2026-07-30 22:01:31;Bloco;1.5 Turbo;USI101842;OK;2,55;5;cc/min;;2;N
2026-07-30 22:02:26;Bloco;1.5;USI101823;OK;1,95;5;cc/min;;2;N
2026-07-30 22:02:26;Water Leak;1.5;MON109479;OK;2,33;6;cc/min;;2;N
2026-07-30 22:02:48;Cabeçote;1.0;USI104566;OK;2,05;4;cc/min;;2;N
2026-07-30 22:02:57;Cabeçote;1.5 Turbo;USI104597;OK;1,73;4;cc/min;;2;N
2026-07-30 22:03:01;Leak Zero;1.0;MON107105;OK;1,54;3;cc/min;;2;N
2026-07-30 22:03:21;Cabeçote;1.5 Turbo;USI104586;OK;3,00;4;cc/min;;2;N
2026-07-30 22:03:25;Bloco;1.5;USI101828;OK;3,03;5;cc/min;;2;N
2026-07-30 22:03:56;Cabeçote;1.5 Turbo;USI104598;OK;1,42;4;cc/min;;2;N
2026-07-30 22:04:09;Leak Zero;1.0;MON107092;OK;0,86;3;cc/min;;2;N
2026-07-30 22:04:11;Bloco;1.5 Turbo;USI101831;OK;3,37;5;cc/min;;2;N
2026-07-30 22:04:27;Bloco;1.5;USI101814;OK;2,15;5;cc/min;;2;N
2026-07-30 22:04:27;Water Leak;1.5;MON109470;OK;2,58;6;cc/min;;2;N
2026-07-30 22:04:50;Leak Zero;1.5 Turbo;MON107101;OK;1,94;3;cc/min;;2;N
2026-07-30 22:04:54;Leak Zero;1.5 Turbo;MON107093;OK;1,47;3;cc/min;;2;N
2026-07-30 22:05:51;Cabeçote;1.0;USI104561;OK;2,92;4;cc/min;;2;N
2026-07-30 22:06:23;Bloco;1.5 Turbo;USI101830;OK;2,55;5;cc/min;;2;N
2026-07-30 22:06:29;Cabeçote;1.0;USI104579;OK;1,92;4;cc/min;;2;N
2026-07-30 22:07:05;Cabeçote;1.5 Turbo;USI104568;OK;0,95;4;cc/min;;2;N
2026-07-30 22:08:12;Leak Zero;1.5;MON107104;OK;1,49;3;cc/min;;2;N
2026-07-30 22:08:15;Cabeçote;1.5 Turbo;USI104578;OK;2,71;4;cc/min;;2;N
2026-07-30 22:08:48;Cabeçote;1.5 Turbo;USI104576;OK;1,77;4;cc/min;;2;N
2026-07-30 22:09:27;Leak Zero;1.5;MON107089;OK;1,23;3;cc/min;;2;N
2026-07-30 22:09:52;Cabeçote;1.5 Turbo;USI104594;OK;1,82;4;cc/min;;2;N
2026-07-30 22:10:09;Bloco;1.0;USI101818;OK;3,10;5;cc/min;;2;N
2026-07-30 22:10:09;Water Leak;1.0;MON109474;OK;3,71;6;cc/min;;2;N
2026-07-30 22:10:32;Cabeçote;1.5;USI104603;OK;1,04;4;cc/min;;2;N
2026-07-30 22:11:10;Bloco;1.0;USI101800;OK;2,99;5;cc/min;;2;N
2026-07-30 22:11:10;Water Leak;1.0;MON109456;OK;3,58;6;cc/min;;2;N
2026-07-30 22:11:15;Cabeçote;1.5 Turbo;USI104571;OK;2,08;4;cc/min;;2;N
2026-07-30 22:11:27;Bloco;1.0;USI101826;OK;3,48;5;cc/min;;2;N
2026-07-30 22:11:27;Water Leak;1.0;MON109482;OK;4,17;6;cc/min;;2;N
2026-07-30 22:11:38;Bloco;1.5;USI101822;OK;1,50;5;cc/min;;2;N
2026-07-30 22:11:38;Water Leak;1.5;MON109478;OK;1,80;6;cc/min;;2;N
2026-07-30 22:11:43;Cabeçote;1.0;USI104587;OK;2,33;4;cc/min;;2;N
2026-07-30 22:11:52;Cabeçote;1.0;USI104585;OK;2,65;4;cc/min;;2;N
2026-07-30 22:12:56;Bloco;1.5 Turbo;USI101819;OK;1,45;5;cc/min;;2;N
2026-07-30 22:12:56;Water Leak;1.5 Turbo;MON109475;OK;1,74;6;cc/min;;2;N
2026-07-30 22:13:15;Leak Zero;1.0;MON107096;OK;0,74;3;cc/min;;2;N
2026-07-30 22:13:54;Leak Zero;1.5 Turbo;MON107077;OK;0,46;3;cc/min;;2;N
2026-07-30 22:14:07;Cabeçote;1.0;USI104567;OK;1,73;4;cc/min;;2;N
2026-07-30 22:14:09;Cabeçote;1.0;USI104580;OK;2,92;4;cc/min;;2;N
2026-07-30 22:14:17;Leak Zero;1.5;MON107073;OK;1,96;3;cc/min;;2;N
2026-07-30 22:14:42;Bloco;1.5;USI101801;OK;1,21;5;cc/min;;2;N
2026-07-30 22:14:42;Cabeçote;1.5 Turbo;USI104569;OK;2,02;4;cc/min;;2;N
2026-07-30 22:14:42;Water Leak;1.5;MON109457;OK;1,45;6;cc/min;;2;N
2026-07-30 22:14:54;Leak Zero;1.5;MON107076;OK;1,63;3;cc/min;;2;N
2026-07-30 22:14:59;Leak Zero;1.5;MON107085;OK;0,87;3;cc/min;;2;N
2026-07-30 22:15:23;Leak Zero;1.5;MON107102;OK;0,71;3;cc/min;;2;N
2026-07-30 22:15:39;Leak Zero;1.5 Turbo;MON107072;OK;1,11;3;cc/min;;2;N
2026-07-30 22:15:45;Bloco;1.5 Turbo;USI101824;OK;2,51;5;cc/min;;2;N
2026-07-30 22:15:45;Water Leak;1.5 Turbo;MON109480;OK;3,02;6;cc/min;;2;N
2026-07-30 22:16:18;Cabeçote;1.5 Turbo;USI104563;OK;2,02;4;cc/min;;2;N
2026-07-30 22:17:37;Water Leak;1.5 Turbo;MON109450;OK;2,53;6;cc/min;;2;N
2026-07-30 22:17:55;Cabeçote;1.5;USI104589;OK;2,45;4;cc/min;;2;N
2026-07-30 22:18:06;Bloco;1.5;USI101821;OK;3,40;5;cc/min;;2;N
2026-07-30 22:18:06;Water Leak;1.5;MON109477;OK;4,08;6;cc/min;;2;N
2026-07-30 22:18:15;Leak Zero;1.5;MON107078;OK;0,99;3;cc/min;;2;N
2026-07-30 22:18:16;Bloco;1.5;USI101802;OK;0,98;5;cc/min;;2;N
2026-07-30 22:18:16;Water Leak;1.5;MON109458;OK;1,18;6;cc/min;;2;N
2026-07-30 22:20:07;Bloco;1.5 Turbo;USI101827;OK;0,82;5;cc/min;;2;N
2026-07-30 22:20:07;Water Leak;1.5 Turbo;MON109483;OK;0,99;6;cc/min;;2;N
2026-07-30 22:20:29;Water Leak;1.5;MON109502;OK;2,31;6;cc/min;;2;N
2026-07-30 22:22:57;Leak Zero;1.5 Turbo;MON107123;OK;0,95;3;cc/min;;2;N
2026-07-30 22:23:19;Water Leak;1.5 Turbo;MON109504;OK;4,30;6;cc/min;;2;N
2026-07-30 22:23:24;Bloco;1.5 Turbo;USI101849;OK;2,86;5;cc/min;;2;N
2026-07-30 22:23:24;Cabeçote;1.5 Turbo;USI104608;OK;2,29;4;cc/min;;2;N
2026-07-30 22:24:28;Cabeçote;1.5;USI104605;OK;2,75;4;cc/min;;2;N
2026-07-30 22:24:52;Bloco;1.5 Turbo;USI101864;OK;1,72;5;cc/min;;2;N
2026-07-30 22:25:22;Cabeçote;1.0;USI104616;OK;1,95;4;cc/min;;2;N
2026-07-30 22:25:29;Leak Zero;1.5 Turbo;MON107109;OK;1,95;3;cc/min;;2;N
2026-07-30 22:28:03;Bloco;1.5 Turbo;USI101867;OK;2,53;5;cc/min;;2;N
2026-07-30 22:29:23;Bloco;1.5;USI101863;OK;1,79;5;cc/min;;2;N
2026-07-30 22:29:49;Cabeçote;1.5;USI104624;OK;0,60;4;cc/min;;2;N
2026-07-30 22:30:20;Leak Zero;1.5 Turbo;MON107120;OK;1,47;3;cc/min;;2;N
2026-07-30 22:31:39;Leak Zero;1.5 Turbo;MON107113;OK;1,99;3;cc/min;;2;N
2026-07-30 22:32:44;Water Leak;1.5 Turbo;MON109485;OK;3,20;6;cc/min;;2;N
2026-07-30 22:32:55;Water Leak;1.0;MON109488;OK;2,14;6;cc/min;;2;N
2026-07-30 22:33:49;Cabeçote;1.5 Turbo;USI104620;OK;2,43;4;cc/min;;2;N
2026-07-30 22:34:45;Bloco;1.0;USI101855;OK;2,79;5;cc/min;;2;N
2026-07-30 22:34:45;Cabeçote;1.0;USI104614;NOK;9,30;4;cc/min;Sede de válvula;2;N
2026-07-30 22:34:58;Cabeçote;1.0;USI104625;OK;2,31;4;cc/min;;2;N
2026-07-30 22:35:07;Bloco;1.5;USI101853;OK;2,69;5;cc/min;;2;N
2026-07-30 22:35:07;Cabeçote;1.5;USI104612;OK;2,16;4;cc/min;;2;N
2026-07-30 22:35:19;Water Leak;1.0;MON109495;OK;3,04;6;cc/min;;2;N
2026-07-30 22:35:23;Bloco;1.0;USI101848;OK;0,91;5;cc/min;;2;N
2026-07-30 22:35:23;Cabeçote;1.0;USI104607;OK;0,73;4;cc/min;;2;N
2026-07-30 22:35:51;Bloco;1.5;USI101844;OK;3,19;5;cc/min;;2;N
2026-07-30 22:35:55;Bloco;1.0;USI101859;OK;3,09;5;cc/min;;2;N
2026-07-30 22:36:16;Bloco;1.5;USI101852;OK;3,60;5;cc/min;;2;N
2026-07-30 22:36:16;Cabeçote;1.5;USI104611;OK;2,88;4;cc/min;;2;N
2026-07-30 22:38:07;Water Leak;1.5;MON109503;OK;1,73;6;cc/min;;2;N
2026-07-30 22:39:39;Bloco;1.5;USI101860;OK;2,52;5;cc/min;;2;N
2026-07-30 22:39:39;Cabeçote;1.5;USI104623;OK;1,38;4;cc/min;;2;N
2026-07-30 22:39:43;Water Leak;1.5 Turbo;MON109499;OK;3,07;6;cc/min;;2;N
2026-07-30 22:40:49;Leak Zero;1.5;MON107125;OK;1,33;3;cc/min;;3;N
2026-07-30 22:41:03;Cabeçote;1.5;USI104622;OK;2,85;4;cc/min;;3;N
2026-07-30 22:42:04;Water Leak;1.5;MON109497;OK;2,49;6;cc/min;;3;N
2026-07-30 22:42:45;Leak Zero;1.0;MON107114;OK;1,72;3;cc/min;;3;N
2026-07-30 22:43:11;Leak Zero;1.5 Turbo;MON107128;OK;1,45;3;cc/min;;3;N
2026-07-30 22:45:41;Bloco;1.0;USI101857;OK;1,01;5;cc/min;;3;N
2026-07-30 22:46:04;Cabeçote;1.0;USI104617;OK;0,90;4;cc/min;;3;N
2026-07-30 22:47:01;Bloco;1.0;USI101866;OK;1,49;5;cc/min;;3;N
2026-07-30 22:47:19;Bloco;1.0;USI101856;OK;2,45;5;cc/min;;3;N
2026-07-30 22:47:24;Leak Zero;1.5;MON107106;OK;0,81;3;cc/min;;3;N
2026-07-30 22:49:31;Bloco;1.0;USI101851;OK;2,62;5;cc/min;;3;N
2026-07-30 22:49:31;Cabeçote;1.0;USI104610;OK;2,09;4;cc/min;;3;N
2026-07-30 22:50:59;Water Leak;1.5;MON109496;OK;3,38;6;cc/min;;3;N
2026-07-30 22:51:00;Leak Zero;1.5 Turbo;MON107127;OK;0,99;3;cc/min;;3;N
2026-07-30 22:52:02;Bloco;1.0;USI101843;OK;1,73;5;cc/min;;3;N
2026-07-30 22:52:13;Leak Zero;1.5;MON107107;OK;0,48;3;cc/min;;3;N
2026-07-30 22:53:06;Leak Zero;1.5;MON107124;OK;0,51;3;cc/min;;3;N
2026-07-30 22:54:13;Cabeçote;1.5 Turbo;USI104621;OK;1,85;4;cc/min;;3;N
2026-07-30 22:54:13;Cabeçote;1.5;USI104615;OK;1,23;4;cc/min;;3;N
2026-07-30 22:54:37;Leak Zero;1.5;MON107115;OK;2,12;3;cc/min;;3;N
2026-07-30 22:54:55;Water Leak;1.0;MON109494;OK;3,33;6;cc/min;;3;N
2026-07-30 22:55:28;Cabeçote;1.5 Turbo;USI104619;OK;1,30;4;cc/min;;3;N
2026-07-30 22:55:43;Bloco;1.0;USI101850;OK;2,86;5;cc/min;;3;N
2026-07-30 22:55:43;Cabeçote;1.0;USI104609;OK;2,29;4;cc/min;;3;N
2026-07-30 22:55:43;Cabeçote;1.5;USI104626;OK;2,76;4;cc/min;;3;N
2026-07-30 22:56:45;Cabeçote;1.0;USI104614;OK;2,00;4;cc/min;;3;S
2026-07-30 22:56:53;Leak Zero;1.5;MON107116;OK;1,22;3;cc/min;;3;N
2026-07-30 22:58:32;Leak Zero;1.5;MON107122;OK;1,77;3;cc/min;;3;N
2026-07-30 22:59:27;Water Leak;1.5;MON109484;OK;4,36;6;cc/min;;3;N
2026-07-30 22:59:35;Water Leak;1.5 Turbo;MON109501;OK;4,44;6;cc/min;;3;N
2026-07-30 23:02:26;Water Leak;1.5 Turbo;MON109505;OK;1,84;6;cc/min;;3;N
2026-07-30 23:02:26;Water Leak;1.5 Turbo;MON109506;OK;1,26;6;cc/min;;3;N
2026-07-30 23:02:37;Water Leak;1.5;MON109489;OK;3,88;6;cc/min;;3;N
2026-07-30 23:02:57;Water Leak;1.5 Turbo;MON109492;OK;2,60;6;cc/min;;3;N
2026-07-30 23:03:21;Leak Zero;1.5 Turbo;MON107118;OK;2,25;3;cc/min;;3;N
2026-07-30 23:03:56;Water Leak;1.5 Turbo;MON109493;OK;2,13;6;cc/min;;3;N
2026-07-30 23:04:09;Bloco;1.0;USI101861;OK;1,43;5;cc/min;;3;N
2026-07-30 23:04:11;Water Leak;1.5 Turbo;MON109486;OK;1,07;6;cc/min;;3;N
2026-07-30 23:04:19;Water Leak;1.0;MON109491;NOK;10,74;6;cc/min;Carcaça do termostato;3;N
2026-07-30 23:04:54;Bloco;1.5 Turbo;USI101862;OK;2,45;5;cc/min;;3;N
2026-07-30 23:06:29;Leak Zero;1.0;MON107111;OK;1,44;3;cc/min;;3;N
2026-07-30 23:07:00;Cabeçote;1.5;USI104618;OK;1,40;4;cc/min;;3;N
2026-07-30 23:08:15;Leak Zero;1.5 Turbo;MON107110;OK;2,03;3;cc/min;;3;N
2026-07-30 23:08:48;Leak Zero;1.5 Turbo;MON107108;OK;1,33;3;cc/min;;3;N
2026-07-30 23:09:04;Water Leak;1.0;MON109500;OK;3,26;6;cc/min;;3;N
2026-07-30 23:09:27;Bloco;1.5;USI101858;OK;2,04;5;cc/min;;3;N
2026-07-30 23:09:52;Leak Zero;1.5 Turbo;MON107126;OK;1,37;3;cc/min;;3;N
2026-07-30 23:10:32;Water Leak;1.5;MON109498;OK;1,56;6;cc/min;;3;N
2026-07-30 23:11:43;Leak Zero;1.0;MON107119;OK;1,75;3;cc/min;;3;N
2026-07-30 23:11:52;Leak Zero;1.0;MON107117;OK;1,99;3;cc/min;;3;N
2026-07-30 23:12:24;Cabeçote;1.0;USI104606;NOK;11,37;4;cc/min;Guia de válvula;3;N
2026-07-30 23:12:59;Cabeçote;1.5 Turbo;USI104604;OK;2,79;4;cc/min;;3;N
2026-07-30 23:13:15;Bloco;1.0;USI101865;OK;1,23;5;cc/min;;3;N
2026-07-30 23:13:54;Bloco;1.5 Turbo;USI101846;OK;0,77;5;cc/min;;3;N
2026-07-30 23:14:09;Leak Zero;1.0;MON107112;OK;2,19;3;cc/min;;3;N
2026-07-30 23:14:11;Water Leak;1.0;MON109487;OK;2,88;6;cc/min;;3;N
2026-07-30 23:14:54;Bloco;1.5;USI101845;OK;2,72;5;cc/min;;3;N
2026-07-30 23:14:59;Bloco;1.5;USI101854;OK;1,45;5;cc/min;;3;N
2026-07-30 23:14:59;Cabeçote;1.5;USI104613;OK;1,16;4;cc/min;;3;N
2026-07-30 23:17:51;Water Leak;1.5;MON109490;OK;2,75;6;cc/min;;3;N
2026-07-30 23:17:55;Leak Zero;1.5;MON107121;OK;1,84;3;cc/min;;3;N
2026-07-30 23:18:15;Bloco;1.5;USI101847;OK;1,65;5;cc/min;;3;N
2026-07-30 23:21:00;Cabeçote;1.0;USI104635;OK;2,24;4;cc/min;;3;N
2026-07-30 23:21:50;Cabeçote;1.5;USI104632;OK;2,34;4;cc/min;;3;N
2026-07-30 23:24:28;Leak Zero;1.5;MON107137;OK;2,06;3;cc/min;;3;N
2026-07-30 23:24:30;Leak Zero;1.5 Turbo;MON107151;OK;1,03;3;cc/min;;3;N
2026-07-30 23:24:30;Water Leak;1.5 Turbo;MON109514;OK;2,07;6;cc/min;;3;N
2026-07-30 23:24:36;Water Leak;1.5;MON109522;OK;1,16;6;cc/min;;3;N
2026-07-30 23:25:29;Bloco;1.5 Turbo;USI101878;OK;3,25;5;cc/min;;3;N
2026-07-30 23:26:19;Water Leak;1.0;MON109491;OK;3,00;6;cc/min;;3;S
2026-07-30 23:28:56;Cabeçote;1.5 Turbo;USI104628;OK;2,81;4;cc/min;;3;N
2026-07-30 23:28:56;Water Leak;1.5 Turbo;MON109525;OK;4,21;6;cc/min;;3;N
2026-07-30 23:31:39;Bloco;1.5 Turbo;USI101882;OK;3,32;5;cc/min;;3;N
2026-07-30 23:32:12;Cabeçote;1.5;USI104634;OK;2,08;4;cc/min;;3;N
2026-07-30 23:34:24;Cabeçote;1.0;USI104606;OK;2,00;4;cc/min;;3;S
2026-07-30 23:34:36;Leak Zero;1.5;MON107150;OK;0,92;3;cc/min;;3;N
2026-07-30 23:34:36;Water Leak;1.5;MON109513;OK;1,84;6;cc/min;;3;N
2026-07-30 23:36:15;Leak Zero;1.5;MON107132;OK;2,11;3;cc/min;;3;N
2026-07-30 23:39:18;Leak Zero;1.5;MON107148;OK;1,22;3;cc/min;;3;N
2026-07-30 23:39:18;Water Leak;1.5;MON109511;OK;2,43;6;cc/min;;3;N
2026-07-30 23:39:30;Bloco;1.5 Turbo;USI101874;OK;2,96;5;cc/min;;3;N
2026-07-30 23:39:41;Leak Zero;1.0;MON107131;OK;0,68;3;cc/min;;3;N
2026-07-30 23:40:25;Bloco;1.5 Turbo;USI101873;OK;0,83;5;cc/min;;3;N
2026-07-30 23:42:45;Bloco;1.0;USI101883;OK;2,86;5;cc/min;;3;N
2026-07-30 23:43:37;Bloco;1.5;USI101871;OK;2,53;5;cc/min;;3;N
2026-07-30 23:45:25;Water Leak;1.0;MON109521;OK;1,37;6;cc/min;;3;N
2026-07-30 23:45:41;Leak Zero;1.0;MON107135;OK;0,92;3;cc/min;;3;N
2026-07-30 23:45:53;Cabeçote;1.0;USI104644;OK;0,80;4;cc/min;;3;N
2026-07-30 23:46:17;Leak Zero;1.0;MON107149;OK;1,93;3;cc/min;;3;N
2026-07-30 23:46:17;Water Leak;1.0;MON109512;OK;3,86;6;cc/min;;3;N
2026-07-30 23:47:24;Bloco;1.5;USI101875;OK;1,35;5;cc/min;;3;N
2026-07-30 23:47:56;Leak Zero;1.5;MON107133;OK;2,07;3;cc/min;;3;N
2026-07-30 23:48:20;Cabeçote;1.0;USI104627;OK;2,39;4;cc/min;;3;N
2026-07-30 23:48:20;Water Leak;1.0;MON109524;OK;3,58;6;cc/min;;3;N
2026-07-30 23:49:25;Cabeçote;1.5 Turbo;USI104636;OK;2,74;4;cc/min;;3;N
2026-07-30 23:49:35;Water Leak;1.5;MON109515;OK;3,54;6;cc/min;;3;N
2026-07-30 23:52:13;Bloco;1.5;USI101876;OK;0,79;5;cc/min;;3;N
2026-07-30 23:53:11;Cabeçote;1.5;USI104639;OK;0,76;4;cc/min;;3;N
2026-07-30 23:54:13;Cabeçote;1.0;USI104648;NOK;8,64;4;cc/min;Guia de válvula;3;N
2026-07-30 23:54:37;Bloco;1.5;USI101884;OK;3,53;5;cc/min;;3;N
2026-07-30 23:54:44;Leak Zero;1.5 Turbo;MON107144;OK;0,90;3;cc/min;;3;N
2026-07-30 23:54:44;Water Leak;1.5 Turbo;MON109507;OK;1,80;6;cc/min;;3;N
2026-07-30 23:55:47;Cabeçote;1.0;USI104629;OK;1,53;4;cc/min;;3;N
2026-07-30 23:55:47;Cabeçote;1.5 Turbo;USI104630;OK;2,52;4;cc/min;;3;N
2026-07-30 23:55:47;Water Leak;1.0;MON109520;OK;2,51;6;cc/min;;3;N
2026-07-30 23:55:47;Water Leak;1.0;MON109526;OK;2,29;6;cc/min;;3;N
2026-07-30 23:55:47;Water Leak;1.5 Turbo;MON109527;OK;3,78;6;cc/min;;3;N
2026-07-30 23:55:51;Water Leak;1.0;MON109519;OK;4,08;6;cc/min;;3;N
2026-07-30 23:56:07;Leak Zero;1.5 Turbo;MON107134;OK;1,41;3;cc/min;;3;N
2026-07-30 23:56:19;Water Leak;1.0;MON109523;OK;1,51;6;cc/min;;3;N
2026-07-30 23:56:53;Bloco;1.5;USI101885;OK;2,04;5;cc/min;;3;N
2026-07-30 23:57:10;Cabeçote;1.5;USI104631;OK;2,31;4;cc/min;;3;N
2026-07-30 23:57:10;Water Leak;1.5;MON109528;OK;3,47;6;cc/min;;3;N
2026-07-30 23:58:28;Leak Zero;1.0;MON107140;OK;0,55;3;cc/min;;3;N
2026-07-30 23:59:09;Leak Zero;1.0;MON107139;OK;0,91;3;cc/min;;3;N
2026-07-31 00:02:26;Cabeçote;1.5;USI104642;OK;1,56;4;cc/min;;3;N
2026-07-31 00:03:02;Leak Zero;1.5 Turbo;MON107129;OK;2,17;3;cc/min;;3;N
2026-07-31 00:03:21;Bloco;1.5 Turbo;USI101887;OK;3,75;5;cc/min;;3;N
2026-07-31 00:03:25;Cabeçote;1.5;USI104647;OK;2,43;4;cc/min;;3;N
2026-07-31 00:04:27;Cabeçote;1.5;USI104633;OK;1,72;4;cc/min;;3;N
2026-07-31 00:04:56;Leak Zero;1.5;MON107145;OK;2,09;3;cc/min;;3;N
2026-07-31 00:04:56;Water Leak;1.5;MON109508;OK;4,19;6;cc/min;;3;N
2026-07-31 00:05:16;Leak Zero;1.0;MON107146;OK;0,89;3;cc/min;;3;N
2026-07-31 00:05:16;Water Leak;1.0;MON109509;OK;1,77;6;cc/min;;3;N
2026-07-31 00:06:29;Bloco;1.0;USI101880;OK;2,40;5;cc/min;;3;N
2026-07-31 00:07:05;Bloco;1.5 Turbo;USI101869;OK;1,19;5;cc/min;;3;N
2026-07-31 00:08:01;Leak Zero;1.5 Turbo;MON107141;OK;1,52;3;cc/min;;3;N
2026-07-31 00:08:06;Leak Zero;1.5;MON107130;OK;0,90;3;cc/min;;3;N
2026-07-31 00:08:06;Leak Zero;1.5;MON107143;OK;0,93;3;cc/min;;3;N
2026-07-31 00:08:15;Bloco;1.5 Turbo;USI101879;OK;3,39;5;cc/min;;3;N
2026-07-31 00:08:35;Leak Zero;1.5 Turbo;MON107142;OK;1,33;3;cc/min;;3;N
2026-07-31 00:08:48;Bloco;1.5 Turbo;USI101877;OK;2,21;5;cc/min;;3;N
2026-07-31 00:10:09;Cabeçote;1.0;USI104637;OK;2,48;4;cc/min;;3;N
2026-07-31 00:11:10;Water Leak;1.0;MON109516;OK;3,58;6;cc/min;;3;N
2026-07-31 00:11:15;Bloco;1.5 Turbo;USI101872;OK;2,60;5;cc/min;;3;N
2026-07-31 00:11:27;Cabeçote;1.0;USI104645;OK;2,78;4;cc/min;;3;N
2026-07-31 00:11:38;Cabeçote;1.5;USI104641;OK;1,20;4;cc/min;;3;N
2026-07-31 00:11:43;Bloco;1.0;USI101888;OK;2,91;5;cc/min;;3;N
2026-07-31 00:11:52;Bloco;1.0;USI101886;OK;3,31;5;cc/min;;3;N
2026-07-31 00:12:24;Leak Zero;1.0;MON107138;OK;2,19;3;cc/min;;3;N
2026-07-31 00:12:56;Cabeçote;1.5 Turbo;USI104638;OK;1,16;4;cc/min;;3;N
2026-07-31 00:12:59;Leak Zero;1.5 Turbo;MON107136;OK;2,09;3;cc/min;;3;N
2026-07-31 00:14:07;Bloco;1.0;USI101868;OK;2,16;5;cc/min;;3;N
2026-07-31 00:14:09;Bloco;1.0;USI101881;OK;3,65;5;cc/min;;3;N
2026-07-31 00:14:42;Bloco;1.5 Turbo;USI101870;OK;2,53;5;cc/min;;3;N
2026-07-31 00:14:42;Water Leak;1.5;MON109517;OK;1,45;6;cc/min;;3;N
2026-07-31 00:15:45;Cabeçote;1.5 Turbo;USI104643;OK;2,01;4;cc/min;;3;N
2026-07-31 00:16:13;Cabeçote;1.0;USI104648;OK;2,00;4;cc/min;;3;S
2026-07-31 00:17:37;Leak Zero;1.5 Turbo;MON107147;OK;1,26;3;cc/min;;3;N
2026-07-31 00:17:37;Water Leak;1.5 Turbo;MON109510;OK;2,53;6;cc/min;;3;N
2026-07-31 00:18:06;Cabeçote;1.5;USI104640;OK;2,72;4;cc/min;;3;N
2026-07-31 00:18:16;Water Leak;1.5;MON109518;OK;1,18;6;cc/min;;3;N
2026-07-31 00:20:07;Cabeçote;1.5 Turbo;USI104646;OK;0,66;4;cc/min;;3;N
2026-07-31 00:20:29;Cabeçote;1.5;USI104665;OK;1,54;4;cc/min;;3;N
2026-07-31 00:21:05;Leak Zero;1.5 Turbo;MON107171;OK;1,84;3;cc/min;;3;N
2026-07-31 00:21:05;Water Leak;1.5 Turbo;MON109534;OK;3,68;6;cc/min;;3;N
2026-07-31 00:22:57;Cabeçote;1.5 Turbo;USI104649;OK;1,27;4;cc/min;;3;N
2026-07-31 00:23:13;Water Leak;1.5 Turbo;MON109541;OK;3,49;6;cc/min;;3;N
2026-07-31 00:23:19;Cabeçote;1.5 Turbo;USI104667;OK;2,87;4;cc/min;;3;N
2026-07-31 00:23:24;Bloco;1.5 Turbo;USI101909;OK;2,86;5;cc/min;;3;N
2026-07-31 00:24:28;Bloco;1.5;USI101906;OK;3,44;5;cc/min;;3;N
2026-07-31 00:25:28;Leak Zero;1.0;MON107161;OK;2,09;3;cc/min;;3;N
2026-07-31 00:26:44;Leak Zero;1.5;MON107169;OK;0,61;3;cc/min;;3;N
2026-07-31 00:26:44;Water Leak;1.5;MON109532;OK;1,22;6;cc/min;;3;N
2026-07-31 00:28:46;Leak Zero;1.5;MON107163;OK;1,98;3;cc/min;;3;N
2026-07-31 00:29:49;Leak Zero;1.5;MON107157;OK;0,45;3;cc/min;;3;N
2026-07-31 00:31:52;Water Leak;1.5 Turbo;MON109542;OK;3,99;6;cc/min;;3;N
2026-07-31 00:32:44;Water Leak;1.5 Turbo;MON109545;OK;3,20;6;cc/min;;3;N
2026-07-31 00:33:49;Leak Zero;1.5 Turbo;MON107153;OK;1,82;3;cc/min;;3;N
2026-07-31 00:34:05;Cabeçote;1.5 Turbo;USI104673;OK;0,97;4;cc/min;;3;N
2026-07-31 00:34:07;Leak Zero;1.5;MON107160;OK;1,86;3;cc/min;;3;N
2026-07-31 00:34:58;Leak Zero;1.0;MON107158;OK;1,73;3;cc/min;;3;N
2026-07-31 00:35:19;Cabeçote;1.0;USI104658;OK;2,02;4;cc/min;;3;N
2026-07-31 00:35:23;Bloco;1.0;USI101908;OK;0,91;5;cc/min;;3;N
2026-07-31 00:36:15;Bloco;1.5;USI101901;OK;3,52;5;cc/min;;3;N
2026-07-31 00:38:07;Cabeçote;1.5;USI104666;OK;1,16;4;cc/min;;3;N
2026-07-31 00:39:39;Leak Zero;1.5;MON107156;OK;1,04;3;cc/min;;3;N
2026-07-31 00:39:41;Bloco;1.0;USI101900;OK;1,14;5;cc/min;;3;N
2026-07-31 00:39:43;Cabeçote;1.5 Turbo;USI104662;OK;2,05;4;cc/min;;3;N
2026-07-31 00:40:49;Cabeçote;1.5;USI104651;OK;1,78;4;cc/min;;3;N
2026-07-31 00:41:03;Leak Zero;1.5;MON107155;OK;2,13;3;cc/min;;3;N
2026-07-31 00:42:04;Cabeçote;1.5;USI104660;OK;1,66;4;cc/min;;3;N
2026-07-31 00:43:11;Cabeçote;1.5 Turbo;USI104654;OK;1,94;4;cc/min;;3;N
2026-07-31 00:43:42;Leak Zero;1.0;MON107167;OK;1,41;3;cc/min;;3;N
2026-07-31 00:43:42;Water Leak;1.0;MON109530;OK;2,82;6;cc/min;;3;N
2026-07-31 00:45:41;Bloco;1.0;USI101904;OK;1,53;5;cc/min;;3;N
2026-07-31 00:45:48;Water Leak;1.5 Turbo;MON109536;OK;1,59;6;cc/min;;3;N
2026-07-31 00:46:58;Bloco;1.5;USI101893;OK;2,87;5;cc/min;;3;N
2026-07-31 00:47:56;Bloco;1.5;USI101902;OK;3,46;5;cc/min;;3;N
2026-07-31 00:50:45;Bloco;1.5 Turbo;USI101894;OK;3,63;5;cc/min;;3;N
2026-07-31 00:50:59;Cabeçote;1.5;USI104659;OK;2,25;4;cc/min;;3;N
2026-07-31 00:51:00;Cabeçote;1.5 Turbo;USI104653;OK;1,32;4;cc/min;;3;N
2026-07-31 00:52:10;Water Leak;1.5 Turbo;MON109537;OK;2,25;6;cc/min;;3;N
2026-07-31 00:53:06;Cabeçote;1.5;USI104650;OK;0,68;4;cc/min;;3;N
2026-07-31 00:54:13;Leak Zero;1.5 Turbo;MON107154;OK;1,39;3;cc/min;;3;N
2026-07-31 00:54:51;Leak Zero;1.0;MON107165;OK;1,03;3;cc/min;;3;N
2026-07-31 00:54:55;Cabeçote;1.0;USI104657;OK;2,22;4;cc/min;;3;N
2026-07-31 00:55:28;Leak Zero;1.5 Turbo;MON107152;OK;0,97;3;cc/min;;3;N
2026-07-31 00:55:30;Water Leak;1.5 Turbo;MON109538;OK;2,97;6;cc/min;;3;N
2026-07-31 00:55:32;Bloco;1.5;USI101890;OK;2,95;5;cc/min;;3;N
2026-07-31 00:55:32;Leak Zero;1.0;MON107168;OK;1,91;3;cc/min;;3;N
2026-07-31 00:55:32;Water Leak;1.0;MON109531;OK;3,82;6;cc/min;;3;N
2026-07-31 00:55:43;Bloco;1.0;USI101910;OK;2,86;5;cc/min;;3;N
2026-07-31 00:55:43;Leak Zero;1.5;MON107159;OK;2,07;3;cc/min;;3;N
2026-07-31 00:56:07;Bloco;1.5 Turbo;USI101903;OK;2,34;5;cc/min;;3;N
2026-07-31 00:56:12;Bloco;1.0;USI101891;OK;3,45;5;cc/min;;3;N
2026-07-31 00:56:15;Water Leak;1.5 Turbo;MON109539;OK;3,10;6;cc/min;;3;N
2026-07-31 00:56:20;Leak Zero;1.5 Turbo;MON107166;OK;1,27;3;cc/min;;3;N
2026-07-31 00:56:20;Water Leak;1.5 Turbo;MON109529;OK;2,53;6;cc/min;;3;N
2026-07-31 00:57:30;Cabeçote;1.5;USI104670;OK;2,15;4;cc/min;;3;N
2026-07-31 00:59:03;Cabeçote;1.5 Turbo;USI104672;OK;2,06;4;cc/min;;3;N
2026-07-31 00:59:27;Water Leak;1.5;MON109544;OK;4,36;6;cc/min;;3;N
2026-07-31 00:59:35;Cabeçote;1.5 Turbo;USI104664;OK;2,96;4;cc/min;;3;N
2026-07-31 01:00:27;Water Leak;1.5;MON109540;OK;4,00;6;cc/min;;3;N
2026-07-31 01:01:36;Bloco;1.5 Turbo;USI101897;OK;1,70;5;cc/min;;3;N
2026-07-31 01:02:26;Cabeçote;1.5 Turbo;USI104668;OK;1,23;4;cc/min;;3;N
2026-07-31 01:02:26;Cabeçote;1.5 Turbo;USI104669;OK;0,84;4;cc/min;;3;N
2026-07-31 01:02:54;Bloco;1.5;USI101895;OK;2,96;5;cc/min;;3;N
2026-07-31 01:02:57;Cabeçote;1.5 Turbo;USI104655;OK;1,73;4;cc/min;;3;N
2026-07-31 01:03:02;Bloco;1.5 Turbo;USI101898;OK;3,62;5;cc/min;;3;N
2026-07-31 01:03:48;Water Leak;1.5 Turbo;MON109543;OK;1,51;6;cc/min;;3;N
2026-07-31 01:03:56;Cabeçote;1.5 Turbo;USI104656;OK;1,42;4;cc/min;;3;N
2026-07-31 01:05:50;Bloco;1.5 Turbo;USI101889;OK;1,38;5;cc/min;;3;N
2026-07-31 01:08:06;Bloco;1.5;USI101899;OK;1,50;5;cc/min;;3;N
2026-07-31 01:08:37;Leak Zero;1.5;MON107164;OK;1,06;3;cc/min;;3;N
2026-07-31 01:09:04;Cabeçote;1.0;USI104663;OK;2,17;4;cc/min;;3;N
2026-07-31 01:09:52;Cabeçote;1.5 Turbo;USI104652;OK;1,82;4;cc/min;;3;N
2026-07-31 01:09:52;Leak Zero;1.5;MON107162;OK;1,15;3;cc/min;;3;N
2026-07-31 01:10:32;Cabeçote;1.5;USI104661;OK;1,04;4;cc/min;;3;N
2026-07-31 01:10:56;Leak Zero;1.5;MON107172;OK;2,07;3;cc/min;;3;N
2026-07-31 01:10:56;Water Leak;1.5;MON109535;OK;4,14;6;cc/min;;3;N
2026-07-31 01:12:24;Bloco;1.0;USI101907;NOK;14,21;5;cc/min;Face de fogo;3;N
2026-07-31 01:12:36;Bloco;1.5;USI101892;OK;1,39;5;cc/min;;3;N
2026-07-31 01:12:59;Bloco;1.5 Turbo;USI101905;OK;3,49;5;cc/min;;3;N
2026-07-31 01:15:05;Leak Zero;1.5 Turbo;MON107170;OK;1,89;3;cc/min;;3;N
2026-07-31 01:15:05;Water Leak;1.5 Turbo;MON109533;OK;3,78;6;cc/min;;3;N
2026-07-31 01:17:07;Cabeçote;1.5 Turbo;USI104671;OK;1,46;4;cc/min;;3;N
2026-07-31 01:19:28;Bloco;1.5;USI101896;OK;1,82;5;cc/min;;3;N
2026-07-31 01:20:15;Bloco;1.0;USI101926;OK;0,97;5;cc/min;;3;N
2026-07-31 01:21:00;Cabeçote;1.0;USI104695;OK;2,24;4;cc/min;;3;N
2026-07-31 01:21:50;Cabeçote;1.5;USI104692;OK;2,34;4;cc/min;;3;N
2026-07-31 01:22:16;Leak Zero;1.5 Turbo;MON107185;OK;1,37;3;cc/min;;3;N
2026-07-31 01:22:16;Water Leak;1.5 Turbo;MON109548;OK;2,73;6;cc/min;;3;N
2026-07-31 01:24:30;Cabeçote;1.5 Turbo;USI104677;OK;1,38;4;cc/min;;3;N
2026-07-31 01:24:36;Cabeçote;1.5;USI104685;OK;0,78;4;cc/min;;3;N
2026-07-31 01:26:09;Bloco;1.0;USI101911;OK;2,48;5;cc/min;;3;N
2026-07-31 01:26:09;Water Leak;1.0;MON109567;OK;2,97;6;cc/min;;3;N
2026-07-31 01:27:46;Bloco;1.0;USI101919;OK;2,22;5;cc/min;;3;N
2026-07-31 01:28:56;Cabeçote;1.5 Turbo;USI104688;OK;2,81;4;cc/min;;3;N
2026-07-31 01:29:20;Bloco;1.5;USI101915;OK;1,71;5;cc/min;;3;N
2026-07-31 01:31:11;Water Leak;1.0;MON109559;OK;4,07;6;cc/min;;3;N
2026-07-31 01:32:12;Cabeçote;1.5;USI104694;OK;2,08;4;cc/min;;3;N
2026-07-31 01:32:42;Bloco;1.5;USI101916;OK;2,06;5;cc/min;;3;N
2026-07-31 01:34:04;Water Leak;1.0;MON109564;OK;3,77;6;cc/min;;3;N
2026-07-31 01:34:24;Bloco;1.0;USI101907;OK;2,50;5;cc/min;;3;S
2026-07-31 01:34:36;Cabeçote;1.5;USI104676;OK;1,23;4;cc/min;;3;N
2026-07-31 01:35:55;Water Leak;1.5;MON109566;OK;3,78;6;cc/min;;3;N
2026-07-31 01:35:59;Bloco;1.5 Turbo;USI101917;OK;1,47;5;cc/min;;3;N
2026-07-31 01:36:50;Leak Zero;1.0;MON107184;OK;1,25;3;cc/min;;3;N
2026-07-31 01:36:50;Water Leak;1.0;MON109547;OK;2,51;6;cc/min;;3;N
2026-07-31 01:37:40;Bloco;1.5 Turbo;USI101921;OK;3,48;5;cc/min;;3;N
2026-07-31 01:38:04;Leak Zero;1.5;MON107188;OK;1,69;3;cc/min;;3;N
2026-07-31 01:38:04;Water Leak;1.5;MON109551;OK;3,39;6;cc/min;;3;N
2026-07-31 01:39:18;Cabeçote;1.5;USI104674;OK;1,62;4;cc/min;;3;N
2026-07-31 01:39:30;Bloco;1.5 Turbo;USI101934;OK;2,96;5;cc/min;;3;N
2026-07-31 01:39:45;Bloco;1.5;USI101925;OK;2,01;5;cc/min;;3;N
2026-07-31 01:40:17;Bloco;1.5 Turbo;USI101920;OK;3,30;5;cc/min;;3;N
2026-07-31 01:40:25;Bloco;1.5 Turbo;USI101933;OK;0,83;5;cc/min;;3;N
2026-07-31 01:40:36;Leak Zero;1.0;MON107191;OK;1,04;3;cc/min;;3;N
2026-07-31 01:40:36;Water Leak;1.0;MON109554;OK;2,07;6;cc/min;;3;N
2026-07-31 01:41:33;Bloco;1.5 Turbo;USI101913;OK;3,00;5;cc/min;;3;N
2026-07-31 01:43:37;Bloco;1.5;USI101931;OK;2,53;5;cc/min;;3;N
2026-07-31 01:43:37;Water Leak;1.0;MON109563;OK;3,20;6;cc/min;;3;N
2026-07-31 01:45:25;Cabeçote;1.0;USI104684;OK;0,92;4;cc/min;;3;N
2026-07-31 01:45:53;Leak Zero;1.0;MON107177;OK;0,60;3;cc/min;;3;N
2026-07-31 01:46:17;Cabeçote;1.0;USI104675;OK;2,57;4;cc/min;;3;N
2026-07-31 01:46:41;Water Leak;1.5;MON109558;OK;2,43;6;cc/min;;3;N
2026-07-31 01:47:24;Bloco;1.5;USI101935;OK;1,35;5;cc/min;;3;N
2026-07-31 01:48:20;Cabeçote;1.0;USI104687;OK;2,39;4;cc/min;;3;N
2026-07-31 01:48:32;Leak Zero;1.5 Turbo;MON107190;OK;1,89;3;cc/min;;3;N
2026-07-31 01:48:32;Water Leak;1.5 Turbo;MON109553;OK;3,78;6;cc/min;;3;N
2026-07-31 01:49:25;Cabeçote;1.5 Turbo;USI104696;OK;2,74;4;cc/min;;3;N
2026-07-31 01:49:35;Cabeçote;1.5;USI104678;OK;2,36;4;cc/min;;3;N
2026-07-31 01:49:38;Leak Zero;1.5 Turbo;MON107186;OK;1,73;3;cc/min;;3;N
2026-07-31 01:49:38;Water Leak;1.5 Turbo;MON109549;OK;3,46;6;cc/min;;3;N
2026-07-31 01:50:41;Leak Zero;1.5 Turbo;MON107187;OK;2,23;3;cc/min;;3;N
2026-07-31 01:50:41;Water Leak;1.5 Turbo;MON109550;OK;4,46;6;cc/min;;3;N
2026-07-31 01:51:21;Bloco;1.0;USI101923;OK;2,53;5;cc/min;;3;N
2026-07-31 01:53:11;Cabeçote;1.5;USI104699;OK;0,76;4;cc/min;;3;N
2026-07-31 01:53:35;Leak Zero;1.0;MON107189;OK;1,74;3;cc/min;;3;N
2026-07-31 01:53:35;Water Leak;1.0;MON109552;OK;3,47;6;cc/min;;3;N
2026-07-31 01:53:58;Bloco;1.0;USI101918;OK;0,97;5;cc/min;;3;N
2026-07-31 01:54:13;Leak Zero;1.0;MON107181;OK;1,51;3;cc/min;;3;N
2026-07-31 01:55:46;Water Leak;1.5 Turbo;MON109556;OK;2,57;6;cc/min;;3;N
2026-07-31 01:55:47;Cabeçote;1.0;USI104683;OK;1,67;4;cc/min;;3;N
2026-07-31 01:55:47;Cabeçote;1.0;USI104689;OK;1,53;4;cc/min;;3;N
2026-07-31 01:55:47;Cabeçote;1.5 Turbo;USI104690;OK;2,52;4;cc/min;;3;N
2026-07-31 01:55:51;Cabeçote;1.0;USI104682;OK;2,72;4;cc/min;;3;N
2026-07-31 01:56:19;Cabeçote;1.0;USI104686;OK;1,01;4;cc/min;;3;N
2026-07-31 01:56:19;Water Leak;1.5 Turbo;MON109560;OK;1,16;6;cc/min;;3;N
2026-07-31 01:56:34;Bloco;1.0;USI101914;OK;3,62;5;cc/min;;3;N
2026-07-31 01:57:10;Cabeçote;1.5;USI104691;OK;2,31;4;cc/min;;3;N
2026-07-31 01:58:55;Bloco;1.0;USI101912;OK;2,99;5;cc/min;;3;N
2026-07-31 01:58:55;Water Leak;1.0;MON109568;OK;3,59;6;cc/min;;3;N
2026-07-31 01:59:29;Water Leak;1.5 Turbo;MON109561;OK;4,03;6;cc/min;;3;N
2026-07-31 02:00:37;Leak Zero;1.0;MON107192;OK;0,93;3;cc/min;;3;N
2026-07-31 02:00:37;Water Leak;1.0;MON109555;OK;1,87;6;cc/min;;3;N
2026-07-31 02:01:31;Water Leak;1.5 Turbo;MON109557;OK;3,06;6;cc/min;;3;N
2026-07-31 02:02:26;Leak Zero;1.5;MON107175;OK;1,17;3;cc/min;;3;N
2026-07-31 02:02:48;Bloco;1.0;USI101927;OK;2,56;5;cc/min;;3;N
2026-07-31 02:03:25;Leak Zero;1.5;MON107180;OK;1,82;3;cc/min;;3;N
2026-07-31 02:04:11;Leak Zero;1.5 Turbo;MON107183;OK;2,02;3;cc/min;;3;N
2026-07-31 02:04:11;Water Leak;1.5 Turbo;MON109546;OK;4,05;6;cc/min;;3;N
2026-07-31 02:04:27;Cabeçote;1.5;USI104693;OK;1,72;4;cc/min;;3;N
2026-07-31 02:05:51;Bloco;1.0;USI101922;OK;3,65;5;cc/min;;3;N
2026-07-31 02:06:23;Leak Zero;1.5 Turbo;MON107182;OK;1,53;3;cc/min;;3;N
2026-07-31 02:07:05;Bloco;1.5 Turbo;USI101929;OK;1,19;5;cc/min;;3;N
2026-07-31 02:10:09;Cabeçote;1.0;USI104697;OK;2,48;4;cc/min;;3;N
2026-07-31 02:11:10;Cabeçote;1.0;USI104679;OK;2,39;4;cc/min;;3;N
2026-07-31 02:11:15;Bloco;1.5 Turbo;USI101932;OK;2,60;5;cc/min;;3;N
2026-07-31 02:11:27;Leak Zero;1.0;MON107178;OK;2,09;3;cc/min;;3;N
2026-07-31 02:11:38;Leak Zero;1.5;MON107174;OK;0,90;3;cc/min;;3;N
2026-07-31 02:12:56;Cabeçote;1.5 Turbo;USI104698;OK;1,16;4;cc/min;;3;N
2026-07-31 02:14:07;Bloco;1.0;USI101928;OK;2,16;5;cc/min;;3;N
2026-07-31 02:14:42;Bloco;1.5 Turbo;USI101930;OK;2,53;5;cc/min;;3;N
2026-07-31 02:14:42;Cabeçote;1.5;USI104680;OK;0,97;4;cc/min;;3;N
2026-07-31 02:15:45;Leak Zero;1.5 Turbo;MON107176;OK;1,51;3;cc/min;;3;N
2026-07-31 02:16:18;Bloco;1.5 Turbo;USI101924;OK;2,53;5;cc/min;;3;N
2026-07-31 02:16:53;Water Leak;1.5;MON109565;OK;3,80;6;cc/min;;3;N
2026-07-31 02:18:06;Leak Zero;1.5;MON107173;OK;2,04;3;cc/min;;3;N
2026-07-31 02:18:16;Cabeçote;1.5;USI104681;OK;0,79;4;cc/min;;3;N
2026-07-31 02:19:09;Water Leak;1.5 Turbo;MON109562;OK;3,24;6;cc/min;;3;N
2026-07-31 02:20:07;Leak Zero;1.5 Turbo;MON107179;OK;0,49;3;cc/min;;3;N
2026-07-31 02:22:57;Bloco;1.5 Turbo;USI101951;OK;1,58;5;cc/min;;3;N
2026-07-31 02:23:13;Cabeçote;1.5 Turbo;USI104704;OK;2,33;4;cc/min;;3;N
2026-07-31 02:23:24;Leak Zero;1.5 Turbo;MON107201;OK;1,72;3;cc/min;;3;N
2026-07-31 02:24:17;Bloco;1.0;USI101941;OK;2,35;5;cc/min;;3;N
2026-07-31 02:24:33;Water Leak;1.5 Turbo;MON109583;OK;1,74;6;cc/min;;3;N
2026-07-31 02:24:52;Water Leak;1.5 Turbo;MON109579;OK;2,07;6;cc/min;;3;N
2026-07-31 02:25:14;Bloco;1.5 Turbo;USI101946;OK;1,34;5;cc/min;;3;N
2026-07-31 02:28:03;Water Leak;1.5 Turbo;MON109582;OK;3,03;6;cc/min;;3;N
2026-07-31 02:29:23;Water Leak;1.5;MON109578;OK;2,15;6;cc/min;;3;N
2026-07-31 02:30:20;Bloco;1.5 Turbo;USI101948;OK;2,45;5;cc/min;;3;N
2026-07-31 02:30:23;Water Leak;1.5 Turbo;MON109584;OK;1,22;6;cc/min;;3;N
2026-07-31 02:31:11;Cabeçote;1.0;USI104721;OK;2,71;4;cc/min;;3;N
2026-07-31 02:31:52;Cabeçote;1.5 Turbo;USI104705;OK;2,66;4;cc/min;;3;N
2026-07-31 02:32:44;Cabeçote;1.5 Turbo;USI104708;OK;2,13;4;cc/min;;3;N
2026-07-31 02:32:55;Cabeçote;1.0;USI104711;OK;1,43;4;cc/min;;3;N
2026-07-31 02:34:04;Cabeçote;1.0;USI104726;OK;2,51;4;cc/min;;3;N
2026-07-31 02:34:11;Bloco;1.5 Turbo;USI101940;OK;2,03;5;cc/min;;3;N
2026-07-31 02:34:45;Leak Zero;1.0;MON107207;OK;1,67;3;cc/min;;3;N
2026-07-31 02:34:45;Water Leak;1.0;MON109570;OK;3,35;6;cc/min;;3;N
2026-07-31 02:35:07;Leak Zero;1.5;MON107205;OK;1,62;3;cc/min;;3;N
2026-07-31 02:35:08;Bloco;1.5;USI101943;OK;2,55;5;cc/min;;3;N
2026-07-31 02:35:19;Bloco;1.0;USI101960;OK;2,53;5;cc/min;;3;N
2026-07-31 02:35:23;Leak Zero;1.0;MON107200;OK;0,54;3;cc/min;;3;N
2026-07-31 02:35:51;Leak Zero;1.5;MON107196;OK;1,92;3;cc/min;;3;N
2026-07-31 02:35:55;Cabeçote;1.5;USI104728;OK;2,52;4;cc/min;;3;N
2026-07-31 02:35:55;Leak Zero;1.0;MON107211;OK;1,86;3;cc/min;;3;N
2026-07-31 02:35:55;Water Leak;1.0;MON109574;OK;3,71;6;cc/min;;3;N
2026-07-31 02:36:16;Leak Zero;1.5;MON107204;OK;2,16;3;cc/min;;3;N
2026-07-31 02:39:39;Leak Zero;1.5;MON107212;OK;1,51;3;cc/min;;3;N
2026-07-31 02:39:39;Water Leak;1.5;MON109575;OK;3,02;6;cc/min;;3;N
2026-07-31 02:40:49;Bloco;1.5;USI101953;OK;2,22;5;cc/min;;3;N
2026-07-31 02:43:11;Bloco;1.5 Turbo;USI101956;OK;2,42;5;cc/min;;3;N
2026-07-31 02:43:21;Water Leak;1.5 Turbo;MON109587;OK;3,81;6;cc/min;;3;N
2026-07-31 02:43:37;Cabeçote;1.0;USI104725;OK;2,13;4;cc/min;;3;N
2026-07-31 02:44:05;Bloco;1.5;USI101944;OK;2,76;5;cc/min;;3;N
2026-07-31 02:45:41;Leak Zero;1.0;MON107209;OK;0,61;3;cc/min;;3;N
2026-07-31 02:45:41;Water Leak;1.0;MON109572;OK;1,21;6;cc/min;;3;N
2026-07-31 02:46:41;Cabeçote;1.5;USI104720;OK;1,62;4;cc/min;;3;N
2026-07-31 02:47:01;Water Leak;1.0;MON109581;OK;1,79;6;cc/min;;3;N
2026-07-31 02:47:19;Leak Zero;1.0;MON107208;OK;1,47;3;cc/min;;3;N
2026-07-31 02:47:19;Water Leak;1.0;MON109571;OK;2,94;6;cc/min;;3;N
2026-07-31 02:49:31;Leak Zero;1.0;MON107203;OK;1,57;3;cc/min;;3;N
2026-07-31 02:50:59;Bloco;1.5;USI101961;OK;2,82;5;cc/min;;3;N
2026-07-31 02:51:00;Bloco;1.5 Turbo;USI101955;OK;1,64;5;cc/min;;3;N
2026-07-31 02:52:02;Leak Zero;1.0;MON107195;OK;1,04;3;cc/min;;3;N
2026-07-31 02:52:10;Cabeçote;1.5 Turbo;USI104700;OK;1,50;4;cc/min;;3;N
2026-07-31 02:53:06;Bloco;1.5;USI101952;OK;0,86;5;cc/min;;3;N
2026-07-31 02:54:55;Bloco;1.0;USI101959;OK;2,77;5;cc/min;;3;N
2026-07-31 02:55:27;Bloco;1.5 Turbo;USI101945;OK;0,90;5;cc/min;;3;N
2026-07-31 02:55:30;Cabeçote;1.5 Turbo;USI104701;OK;1,98;4;cc/min;;3;N
2026-07-31 02:55:43;Leak Zero;1.0;MON107202;OK;1,72;3;cc/min;;3;N
2026-07-31 02:55:46;Cabeçote;1.5 Turbo;USI104718;OK;1,71;4;cc/min;;3;N
2026-07-31 02:56:15;Cabeçote;1.5 Turbo;USI104702;OK;2,07;4;cc/min;;3;N
2026-07-31 02:56:19;Cabeçote;1.5 Turbo;USI104722;OK;0,77;4;cc/min;;3;N
2026-07-31 02:57:07;Bloco;1.5 Turbo;USI101936;OK;1,08;5;cc/min;;3;N
2026-07-31 02:58:32;Bloco;1.5;USI101950;OK;2,95;5;cc/min;;3;N
2026-07-31 02:59:27;Cabeçote;1.5;USI104707;OK;2,91;4;cc/min;;3;N
2026-07-31 02:59:29;Cabeçote;1.5 Turbo;USI104723;OK;2,69;4;cc/min;;3;N
2026-07-31 03:00:27;Cabeçote;1.5;USI104703;OK;2,67;4;cc/min;;3;N
2026-07-31 03:00:37;Cabeçote;1.0;USI104717;OK;1,24;4;cc/min;;3;N
2026-07-31 03:01:15;Bloco;1.0;USI101937;OK;3,50;5;cc/min;;3;N
2026-07-31 03:01:31;Cabeçote;1.5 Turbo;USI104719;OK;2,04;4;cc/min;;3;N
2026-07-31 03:02:37;Cabeçote;1.5;USI104712;OK;2,59;4;cc/min;;3;N
2026-07-31 03:02:57;Bloco;1.5 Turbo;USI101957;OK;2,17;5;cc/min;;3;N
2026-07-31 03:02:57;Cabeçote;1.5 Turbo;USI104715;OK;1,73;4;cc/min;;3;N
2026-07-31 03:03:48;Cabeçote;1.5 Turbo;USI104706;OK;1,01;4;cc/min;;3;N
2026-07-31 03:03:56;Bloco;1.5 Turbo;USI101958;OK;1,77;5;cc/min;;3;N
2026-07-31 03:03:56;Cabeçote;1.5 Turbo;USI104716;NOK;6,85;4;cc/min;Sede de válvula;3;N
2026-07-31 03:04:09;Leak Zero;1.0;MON107213;OK;0,86;3;cc/min;;3;N
2026-07-31 03:04:09;Water Leak;1.0;MON109576;OK;1,72;6;cc/min;;3;N
2026-07-31 03:04:11;Cabeçote;1.5 Turbo;USI104709;OK;0,71;4;cc/min;;3;N
2026-07-31 03:04:19;Cabeçote;1.0;USI104714;NOK;7,16;4;cc/min;Galeria de água;3;N
2026-07-31 03:04:50;Water Leak;1.5 Turbo;MON109585;OK;3,88;6;cc/min;;3;N
2026-07-31 03:04:54;Leak Zero;1.5 Turbo;MON107214;OK;1,47;3;cc/min;;3;N
2026-07-31 03:04:54;Water Leak;1.5 Turbo;MON109577;OK;2,94;6;cc/min;;3;N
2026-07-31 03:07:05;Bloco;1.5 Turbo;USI101939;OK;3,29;5;cc/min;;3;N
2026-07-31 03:08:12;Water Leak;1.5;MON109588;OK;2,98;6;cc/min;;3;N
2026-07-31 03:09:27;Leak Zero;1.5;MON107210;OK;1,23;3;cc/min;;3;N
2026-07-31 03:09:27;Water Leak;1.5;MON109573;OK;2,45;6;cc/min;;3;N
2026-07-31 03:09:52;Bloco;1.5 Turbo;USI101954;OK;2,28;5;cc/min;;3;N
2026-07-31 03:13:08;Bloco;1.5;USI101942;OK;2,52;5;cc/min;;3;N
2026-07-31 03:13:15;Water Leak;1.0;MON109580;OK;1,48;6;cc/min;;3;N
2026-07-31 03:13:47;Bloco;1.5 Turbo;USI101938;OK;0,80;5;cc/min;;3;N
2026-07-31 03:13:54;Leak Zero;1.5 Turbo;MON107198;OK;0,46;3;cc/min;;3;N
2026-07-31 03:14:11;Cabeçote;1.0;USI104710;OK;1,92;4;cc/min;;3;N
2026-07-31 03:14:17;Leak Zero;1.5;MON107194;OK;1,96;3;cc/min;;3;N
2026-07-31 03:14:44;Bloco;1.5 Turbo;USI101947;NOK;12,05;5;cc/min;Galeria de água;3;N
2026-07-31 03:14:54;Leak Zero;1.5;MON107197;OK;1,63;3;cc/min;;3;N
2026-07-31 03:14:59;Leak Zero;1.5;MON107206;OK;0,87;3;cc/min;;3;N
2026-07-31 03:14:59;Water Leak;1.5;MON109569;OK;1,73;6;cc/min;;3;N
2026-07-31 03:15:23;Water Leak;1.5;MON109586;OK;1,42;6;cc/min;;3;N
2026-07-31 03:15:39;Leak Zero;1.5 Turbo;MON107193;OK;1,11;3;cc/min;;3;N
2026-07-31 03:16:53;Cabeçote;1.5;USI104727;OK;2,54;4;cc/min;;3;N
2026-07-31 03:17:51;Cabeçote;1.5;USI104713;OK;1,83;4;cc/min;;3;N
2026-07-31 03:17:55;Bloco;1.5;USI101949;OK;3,06;5;cc/min;;3;N
2026-07-31 03:18:15;Leak Zero;1.5;MON107199;OK;0,99;3;cc/min;;3;N
2026-07-31 03:19:09;Cabeçote;1.5 Turbo;USI104724;OK;2,16;4;cc/min;;3;N
2026-07-31 03:20:15;Leak Zero;1.0;MON107218;OK;0,58;3;cc/min;;3;N
2026-07-31 03:22:57;Water Leak;1.5 Turbo;MON109607;OK;1,90;6;cc/min;;3;N
2026-07-31 03:24:28;Bloco;1.5;USI101965;OK;3,44;5;cc/min;;3;N
2026-07-31 03:24:30;Bloco;1.5 Turbo;USI101979;OK;1,72;5;cc/min;;3;N
2026-07-31 03:25:28;Cabeçote;1.0;USI104746;OK;2,78;4;cc/min;;3;N
2026-07-31 03:25:29;Leak Zero;1.5 Turbo;MON107230;OK;1,95;3;cc/min;;3;N
2026-07-31 03:25:29;Water Leak;1.5 Turbo;MON109593;OK;3,90;6;cc/min;;3;N
2026-07-31 03:25:56;Cabeçote;1.5 Turbo;USI104716;OK;2,00;4;cc/min;;3;S
2026-07-31 03:26:19;Cabeçote;1.0;USI104714;OK;2,00;4;cc/min;;3;S
2026-07-31 03:28:46;Cabeçote;1.5;USI104748;OK;2,64;4;cc/min;;3;N
2026-07-31 03:29:23;Cabeçote;1.5;USI104740;NOK;6,91;4;cc/min;Câmara de combustão;3;N
2026-07-31 03:29:49;Cabeçote;1.5;USI104742;OK;0,60;4;cc/min;;3;N
2026-07-31 03:30:20;Water Leak;1.5 Turbo;MON109604;OK;2,94;6;cc/min;;3;N
2026-07-31 03:31:39;Water Leak;1.5 Turbo;MON109597;OK;3,99;6;cc/min;;3;N
2026-07-31 03:34:07;Cabeçote;1.5;USI104745;OK;2,48;4;cc/min;;3;N
2026-07-31 03:34:36;Bloco;1.5;USI101978;OK;1,54;5;cc/min;;3;N
2026-07-31 03:34:45;Cabeçote;1.0;USI104732;OK;2,23;4;cc/min;;3;N
2026-07-31 03:34:58;Cabeçote;1.0;USI104743;OK;2,31;4;cc/min;;3;N
2026-07-31 03:35:07;Cabeçote;1.5;USI104730;OK;2,16;4;cc/min;;3;N
2026-07-31 03:35:55;Cabeçote;1.0;USI104736;OK;2,47;4;cc/min;;3;N
2026-07-31 03:36:16;Cabeçote;1.5;USI104729;OK;2,88;4;cc/min;;3;N
2026-07-31 03:39:18;Bloco;1.5;USI101976;OK;2,03;5;cc/min;;3;N
2026-07-31 03:39:30;Leak Zero;1.5 Turbo;MON107226;OK;1,78;3;cc/min;;3;N
2026-07-31 03:39:30;Water Leak;1.5 Turbo;MON109589;OK;3,56;6;cc/min;;3;N
2026-07-31 03:39:39;Cabeçote;1.5;USI104737;OK;2,01;4;cc/min;;3;N
2026-07-31 03:39:39;Cabeçote;1.5;USI104741;OK;1,38;4;cc/min;;3;N
2026-07-31 03:39:45;Leak Zero;1.5;MON107217;OK;1,21;3;cc/min;;3;N
2026-07-31 03:40:25;Leak Zero;1.5 Turbo;MON107225;OK;0,50;3;cc/min;;3;N
2026-07-31 03:40:49;Water Leak;1.5;MON109609;OK;2,67;6;cc/min;;3;N
2026-07-31 03:42:45;Water Leak;1.0;MON109598;OK;3,44;6;cc/min;;3;N
2026-07-31 03:43:37;Leak Zero;1.5;MON107223;OK;1,52;3;cc/min;;3;N
2026-07-31 03:45:41;Bloco;1.0;USI101963;OK;1,53;5;cc/min;;3;N
2026-07-31 03:45:41;Cabeçote;1.0;USI104734;OK;0,81;4;cc/min;;3;N
2026-07-31 03:46:17;Bloco;1.0;USI101977;OK;3,21;5;cc/min;;3;N
2026-07-31 03:47:19;Cabeçote;1.0;USI104733;OK;1,96;4;cc/min;;3;N
2026-07-31 03:47:24;Leak Zero;1.5;MON107227;OK;0,81;3;cc/min;;3;N
2026-07-31 03:47:24;Water Leak;1.5;MON109590;OK;1,62;6;cc/min;;3;N
2026-07-31 03:49:35;Bloco;1.5;USI101980;OK;2,95;5;cc/min;;3;N
2026-07-31 03:51:00;Water Leak;1.5 Turbo;MON109611;OK;1,97;6;cc/min;;3;N
2026-07-31 03:51:21;Leak Zero;1.0;MON107215;OK;1,52;3;cc/min;;3;N
2026-07-31 03:51:23;Cabeçote;1.5;USI104740;NOK;2,00;4;cc/min;;3;S
2026-07-31 03:52:13;Leak Zero;1.5;MON107228;OK;0,48;3;cc/min;;3;N
2026-07-31 03:52:13;Water Leak;1.5;MON109591;OK;0,95;6;cc/min;;3;N
2026-07-31 03:53:06;Water Leak;1.5;MON109608;OK;1,03;6;cc/min;;3;N
2026-07-31 03:54:37;Water Leak;1.5;MON109599;OK;4,23;6;cc/min;;3;N
2026-07-31 03:54:44;Bloco;1.5 Turbo;USI101972;OK;1,50;5;cc/min;;3;N
2026-07-31 03:55:43;Cabeçote;1.5;USI104744;OK;2,76;4;cc/min;;3;N
2026-07-31 03:55:47;Bloco;1.0;USI101985;OK;2,09;5;cc/min;;3;N
2026-07-31 03:55:51;Bloco;1.0;USI101984;OK;3,40;5;cc/min;;3;N
2026-07-31 03:56:07;Bloco;1.5 Turbo;USI101962;OK;2,34;5;cc/min;;3;N
2026-07-31 03:56:53;Water Leak;1.5;MON109600;OK;2,44;6;cc/min;;3;N
2026-07-31 03:58:28;Bloco;1.0;USI101968;OK;0,91;5;cc/min;;3;N
2026-07-31 03:58:32;Water Leak;1.5;MON109606;OK;3,54;6;cc/min;;3;N
2026-07-31 03:59:09;Bloco;1.0;USI101967;OK;1,51;5;cc/min;;3;N
2026-07-31 04:02:48;Leak Zero;1.0;MON107219;OK;1,53;3;cc/min;;3;N
2026-07-31 04:03:21;Water Leak;1.5 Turbo;MON109602;OK;4,50;6;cc/min;;3;N
2026-07-31 04:04:09;Cabeçote;1.0;USI104738;OK;1,15;4;cc/min;;3;N
2026-07-31 04:04:54;Cabeçote;1.5 Turbo;USI104739;OK;1,96;4;cc/min;;3;N
2026-07-31 04:04:56;Bloco;1.5;USI101973;OK;3,49;5;cc/min;;3;N
2026-07-31 04:05:16;Bloco;1.0;USI101974;OK;1,48;5;cc/min;;3;N
2026-07-31 04:06:29;Leak Zero;1.0;MON107232;OK;1,44;3;cc/min;;3;N
2026-07-31 04:06:29;Water Leak;1.0;MON109595;OK;2,88;6;cc/min;;3;N
2026-07-31 04:07:05;Leak Zero;1.5 Turbo;MON107221;OK;0,71;3;cc/min;;3;N
2026-07-31 04:08:01;Bloco;1.5 Turbo;USI101969;OK;2,53;5;cc/min;;3;N
2026-07-31 04:08:06;Bloco;1.5;USI101971;OK;1,55;5;cc/min;;3;N
2026-07-31 04:08:15;Leak Zero;1.5 Turbo;MON107231;OK;2,03;3;cc/min;;3;N
2026-07-31 04:08:15;Water Leak;1.5 Turbo;MON109594;OK;4,07;6;cc/min;;3;N
2026-07-31 04:08:35;Bloco;1.5 Turbo;USI101970;OK;2,22;5;cc/min;;3;N
2026-07-31 04:08:48;Leak Zero;1.5 Turbo;MON107229;OK;1,33;3;cc/min;;3;N
2026-07-31 04:08:48;Water Leak;1.5 Turbo;MON109592;OK;2,66;6;cc/min;;3;N
2026-07-31 04:09:27;Cabeçote;1.5;USI104735;OK;1,64;4;cc/min;;3;N
2026-07-31 04:09:52;Cabeçote;1.5;USI104747;OK;1,54;4;cc/min;;3;N
2026-07-31 04:09:52;Water Leak;1.5 Turbo;MON109610;OK;2,73;6;cc/min;;3;N
2026-07-31 04:11:10;Bloco;1.0;USI101981;OK;2,99;5;cc/min;;3;N
2026-07-31 04:11:15;Leak Zero;1.5 Turbo;MON107224;OK;1,56;3;cc/min;;3;N
2026-07-31 04:11:43;Water Leak;1.0;MON109603;OK;3,50;6;cc/min;;3;N
2026-07-31 04:11:52;Water Leak;1.0;MON109601;OK;3,98;6;cc/min;;3;N
2026-07-31 04:12:24;Bloco;1.0;USI101966;OK;3,65;5;cc/min;;3;N
2026-07-31 04:12:59;Bloco;1.5 Turbo;USI101964;OK;3,49;5;cc/min;;3;N
2026-07-31 04:14:07;Leak Zero;1.0;MON107220;OK;1,29;3;cc/min;;3;N
2026-07-31 04:14:09;Water Leak;1.0;MON109596;OK;4,38;6;cc/min;;3;N
2026-07-31 04:14:42;Bloco;1.5;USI101982;OK;1,21;5;cc/min;;3;N
2026-07-31 04:14:42;Leak Zero;1.5 Turbo;MON107222;OK;1,52;3;cc/min;;3;N
2026-07-31 04:14:59;Cabeçote;1.5;USI104731;OK;1,16;4;cc/min;;3;N
2026-07-31 04:16:18;Leak Zero;1.5 Turbo;MON107216;OK;1,52;3;cc/min;;3;N
2026-07-31 04:17:37;Bloco;1.5 Turbo;USI101975;OK;2,11;5;cc/min;;3;N
2026-07-31 04:17:55;Water Leak;1.5;MON109605;OK;3,67;6;cc/min;;3;N
2026-07-31 04:18:16;Bloco;1.5;USI101983;OK;0,98;5;cc/min;;3;N
2026-07-31 04:21:00;Cabeçote;1.0;USI104753;OK;2,24;4;cc/min;;3;N
2026-07-31 04:21:05;Bloco;1.5 Turbo;USI101999;OK;3,07;5;cc/min;;3;N
2026-07-31 04:21:50;Cabeçote;1.5;USI104750;OK;2,34;4;cc/min;;3;N
2026-07-31 04:22:16;Cabeçote;1.5 Turbo;USI104770;OK;1,82;4;cc/min;;3;N
2026-07-31 04:22:57;Leak Zero;1.5 Turbo;MON107243;OK;0,95;3;cc/min;;3;N
2026-07-31 04:23:13;Bloco;1.5 Turbo;USI102006;OK;2,91;5;cc/min;;3;N
2026-07-31 04:23:24;Water Leak;1.5 Turbo;MON109624;OK;3,44;6;cc/min;;3;N
2026-07-31 04:24:17;Leak Zero;1.0;MON107233;OK;1,41;3;cc/min;;3;N
2026-07-31 04:24:28;Water Leak;1.5;MON109621;OK;4,12;6;cc/min;;3;N
2026-07-31 04:25:14;Leak Zero;1.5 Turbo;MON107238;OK;0,80;3;cc/min;;3;N
2026-07-31 04:25:28;Bloco;1.0;USI101989;OK;3,48;5;cc/min;;3;N
2026-07-31 04:26:44;Bloco;1.5;USI101997;OK;1,02;5;cc/min;;3;N
2026-07-31 04:28:46;Bloco;1.5;USI101991;OK;3,30;5;cc/min;;3;N
2026-07-31 04:30:20;Leak Zero;1.5 Turbo;MON107240;OK;1,47;3;cc/min;;3;N
2026-07-31 04:31:52;Bloco;1.5 Turbo;USI102007;OK;3,33;5;cc/min;;3;N
2026-07-31 04:32:12;Cabeçote;1.5;USI104752;OK;2,08;4;cc/min;;3;N
2026-07-31 04:34:07;Bloco;1.5;USI101988;OK;3,10;5;cc/min;;3;N
2026-07-31 04:34:45;Water Leak;1.0;MON109630;OK;3,35;6;cc/min;;3;N
2026-07-31 04:34:58;Bloco;1.0;USI101986;OK;2,88;5;cc/min;;3;N
2026-07-31 04:35:07;Water Leak;1.5;MON109628;OK;3,23;6;cc/min;;3;N
2026-07-31 04:35:08;Leak Zero;1.5;MON107235;OK;1,53;3;cc/min;;3;N
2026-07-31 04:35:19;Leak Zero;1.0;MON107252;OK;1,52;3;cc/min;;3;N
2026-07-31 04:35:23;Water Leak;1.0;MON109623;OK;1,09;6;cc/min;;3;N
2026-07-31 04:36:15;Water Leak;1.5;MON109616;OK;4,23;6;cc/min;;3;N
2026-07-31 04:36:16;Water Leak;1.5;MON109627;OK;4,32;6;cc/min;;3;N
2026-07-31 04:36:50;Cabeçote;1.0;USI104769;OK;1,67;4;cc/min;;3;N
2026-07-31 04:38:04;Cabeçote;1.5;USI104773;OK;2,26;4;cc/min;;3;N
2026-07-31 04:39:41;Water Leak;1.0;MON109615;OK;1,36;6;cc/min;;3;N
2026-07-31 04:39:43;Leak Zero;1.5 Turbo;MON107256;OK;1,53;3;cc/min;;3;N
2026-07-31 04:40:49;Leak Zero;1.5;MON107245;OK;1,33;3;cc/min;;3;N
2026-07-31 04:42:04;Leak Zero;1.5;MON107254;OK;1,25;3;cc/min;;3;N
2026-07-31 04:43:11;Leak Zero;1.5 Turbo;MON107248;OK;1,45;3;cc/min;;3;N
2026-07-31 04:43:42;Bloco;1.0;USI101995;OK;2,35;5;cc/min;;3;N
2026-07-31 04:44:05;Leak Zero;1.5;MON107236;OK;1,66;3;cc/min;;3;N
2026-07-31 04:45:41;Water Leak;1.0;MON109619;OK;1,84;6;cc/min;;3;N
2026-07-31 04:45:48;Bloco;1.5 Turbo;USI102001;OK;1,32;5;cc/min;;3;N
2026-07-31 04:45:53;Cabeçote;1.0;USI104762;OK;0,80;4;cc/min;;3;N
2026-07-31 04:47:19;Water Leak;1.0;MON109631;OK;2,94;6;cc/min;;3;N
2026-07-31 04:47:56;Water Leak;1.5;MON109617;OK;4,15;6;cc/min;;3;N
2026-07-31 04:48:32;Cabeçote;1.5 Turbo;USI104775;OK;2,52;4;cc/min;;3;N
2026-07-31 04:49:25;Cabeçote;1.5 Turbo;USI104754;OK;2,74;4;cc/min;;3;N
2026-07-31 04:49:31;Water Leak;1.0;MON109626;OK;3,14;6;cc/min;;3;N
2026-07-31 04:49:38;Cabeçote;1.5 Turbo;USI104771;OK;2,31;4;cc/min;;3;N
2026-07-31 04:50:41;Cabeçote;1.5 Turbo;USI104772;OK;2,97;4;cc/min;;3;N
2026-07-31 04:50:59;Leak Zero;1.5;MON107253;OK;1,69;3;cc/min;;3;N
2026-07-31 04:51:00;Leak Zero;1.5 Turbo;MON107247;OK;0,99;3;cc/min;;3;N
2026-07-31 04:52:10;Bloco;1.5 Turbo;USI102002;OK;1,88;5;cc/min;;3;N
2026-07-31 04:53:06;Leak Zero;1.5;MON107244;OK;0,51;3;cc/min;;3;N
2026-07-31 04:53:11;Cabeçote;1.5;USI104757;OK;0,76;4;cc/min;;3;N
2026-07-31 04:53:35;Cabeçote;1.0;USI104774;OK;2,31;4;cc/min;;3;N
2026-07-31 04:54:13;Cabeçote;1.0;USI104766;OK;2,01;4;cc/min;;3;N
2026-07-31 04:54:51;Bloco;1.0;USI101993;OK;1,72;5;cc/min;;3;N
2026-07-31 04:54:55;Leak Zero;1.0;MON107251;OK;1,66;3;cc/min;;3;N
2026-07-31 04:55:27;Leak Zero;1.5 Turbo;MON107237;OK;0,54;3;cc/min;;3;N
2026-07-31 04:55:30;Bloco;1.5 Turbo;USI102003;OK;2,47;5;cc/min;;3;N
2026-07-31 04:55:32;Bloco;1.0;USI101996;OK;3,18;5;cc/min;;3;N
2026-07-31 04:55:43;Bloco;1.5;USI101987;OK;3,45;5;cc/min;;3;N
2026-07-31 04:55:43;Water Leak;1.0;MON109625;OK;3,44;6;cc/min;;3;N
2026-07-31 04:56:07;Water Leak;1.5 Turbo;MON109618;OK;2,81;6;cc/min;;3;N
2026-07-31 04:56:15;Bloco;1.5 Turbo;USI102004;OK;2,59;5;cc/min;;3;N
2026-07-31 04:56:20;Bloco;1.5 Turbo;USI101994;OK;2,11;5;cc/min;;3;N
2026-07-31 04:57:10;Cabeçote;1.5;USI104749;OK;2,31;4;cc/min;;3;N
2026-07-31 04:58:32;Leak Zero;1.5;MON107242;OK;1,77;3;cc/min;;3;N
2026-07-31 04:59:27;Bloco;1.5;USI102009;OK;3,64;5;cc/min;;3;N
2026-07-31 05:00:27;Bloco;1.5;USI102005;OK;3,33;5;cc/min;;3;N
2026-07-31 05:01:36;Water Leak;1.5 Turbo;MON109612;OK;2,04;6;cc/min;;3;N
2026-07-31 05:02:26;Cabeçote;1.5;USI104760;OK;1,56;4;cc/min;;3;N
2026-07-31 05:02:57;Leak Zero;1.5 Turbo;MON107249;OK;1,30;3;cc/min;;3;N
2026-07-31 05:03:02;Water Leak;1.5 Turbo;MON109613;OK;4,35;6;cc/min;;3;N
2026-07-31 05:03:25;Cabeçote;1.5;USI104765;OK;2,43;4;cc/min;;3;N
2026-07-31 05:03:48;Bloco;1.5 Turbo;USI102008;OK;1,26;5;cc/min;;3;N
2026-07-31 05:03:56;Leak Zero;1.5 Turbo;MON107250;OK;1,06;3;cc/min;;3;N
2026-07-31 05:04:11;Cabeçote;1.5 Turbo;USI104768;OK;2,70;4;cc/min;;3;N
2026-07-31 05:04:27;Cabeçote;1.5;USI104751;OK;1,72;4;cc/min;;3;N
2026-07-31 05:06:23;Cabeçote;1.5 Turbo;USI104767;OK;2,04;4;cc/min;;3;N
2026-07-31 05:08:06;Water Leak;1.5;MON109614;OK;1,80;6;cc/min;;3;N
2026-07-31 05:08:37;Bloco;1.5;USI101992;OK;1,76;5;cc/min;;3;N
2026-07-31 05:09:52;Bloco;1.5;USI101990;OK;1,92;5;cc/min;;3;N
2026-07-31 05:09:52;Leak Zero;1.5 Turbo;MON107246;OK;1,37;3;cc/min;;3;N
2026-07-31 05:10:09;Cabeçote;1.0;USI104755;OK;2,48;4;cc/min;;3;N
2026-07-31 05:10:32;Leak Zero;1.5;MON107255;OK;0,78;3;cc/min;;3;N
2026-07-31 05:10:56;Bloco;1.5;USI102000;OK;3,45;5;cc/min;;3;N
2026-07-31 05:11:27;Cabeçote;1.0;USI104763;OK;2,78;4;cc/min;;3;N
2026-07-31 05:11:38;Cabeçote;1.5;USI104759;OK;1,20;4;cc/min;;3;N
2026-07-31 05:12:24;Water Leak;1.0;MON109622;NOK;17,06;6;cc/min;Junta do cabeçote;3;N
2026-07-31 05:12:56;Cabeçote;1.5 Turbo;USI104756;OK;1,16;4;cc/min;;3;N
2026-07-31 05:12:59;Water Leak;1.5 Turbo;MON109620;OK;4,18;6;cc/min;;3;N
2026-07-31 05:13:08;Leak Zero;1.5;MON107234;OK;1,51;3;cc/min;;3;N
2026-07-31 05:14:44;Leak Zero;1.5 Turbo;MON107239;NOK;7,23;3;cc/min;Junta do cabeçote;3;N
2026-07-31 05:14:59;Water Leak;1.5;MON109629;OK;1,73;6;cc/min;;3;N
2026-07-31 05:15:05;Bloco;1.5 Turbo;USI101998;OK;3,15;5;cc/min;;3;N
2026-07-31 05:15:45;Cabeçote;1.5 Turbo;USI104761;OK;2,01;4;cc/min;;3;N
2026-07-31 05:17:55;Leak Zero;1.5;MON107241;OK;1,84;3;cc/min;;3;N
2026-07-31 05:18:06;Cabeçote;1.5;USI104758;OK;2,72;4;cc/min;;3;N
2026-07-31 05:20:07;Cabeçote;1.5 Turbo;USI104764;OK;0,66;4;cc/min;;3;N
2026-07-31 05:20:15;Water Leak;1.0;MON109641;OK;1,17;6;cc/min;;3;N
2026-07-31 05:22:16;Bloco;1.5 Turbo;USI102013;OK;2,28;5;cc/min;;3;N
2026-07-31 05:23:24;Cabeçote;1.5 Turbo;USI104786;OK;2,29;4;cc/min;;3;N
2026-07-31 05:24:28;Leak Zero;1.5;MON107257;OK;2,06;3;cc/min;;3;N
2026-07-31 05:24:30;Leak Zero;1.5 Turbo;MON107271;OK;1,03;3;cc/min;;3;N
2026-07-31 05:24:36;Leak Zero;1.5;MON107279;OK;0,58;3;cc/min;;3;N
2026-07-31 05:27:46;Water Leak;1.0;MON109634;OK;2,67;6;cc/min;;3;N
2026-07-31 05:27:53;Cabeçote;1.5;USI104777;OK;1,83;4;cc/min;;3;N
2026-07-31 05:31:11;Bloco;1.0;USI102024;OK;3,39;5;cc/min;;3;N
2026-07-31 05:34:04;Bloco;1.0;USI102029;OK;3,14;5;cc/min;;3;N
2026-07-31 05:34:24;Water Leak;1.0;MON109622;OK;3,00;6;cc/min;;3;S
2026-07-31 05:34:36;Leak Zero;1.5;MON107270;OK;0,92;3;cc/min;;3;N
2026-07-31 05:34:45;Cabeçote;1.0;USI104792;OK;2,23;4;cc/min;;3;N
2026-07-31 05:35:07;Cabeçote;1.5;USI104790;OK;2,16;4;cc/min;;3;N
2026-07-31 05:35:11;Cabeçote;1.5 Turbo;USI104776;OK;1,21;4;cc/min;;3;N
2026-07-31 05:35:23;Cabeçote;1.0;USI104785;OK;0,73;4;cc/min;;3;N
2026-07-31 05:35:51;Cabeçote;1.5;USI104781;OK;2,56;4;cc/min;;3;N
2026-07-31 05:35:55;Bloco;1.5;USI102031;OK;3,15;5;cc/min;;3;N
2026-07-31 05:35:55;Cabeçote;1.0;USI104796;OK;2,47;4;cc/min;;3;N
2026-07-31 05:35:59;Water Leak;1.5 Turbo;MON109632;OK;1,77;6;cc/min;;3;N
2026-07-31 05:36:16;Cabeçote;1.5;USI104789;OK;2,88;4;cc/min;;3;N
2026-07-31 05:36:50;Bloco;1.0;USI102012;OK;2,09;5;cc/min;;3;N
2026-07-31 05:37:40;Water Leak;1.5 Turbo;MON109636;OK;4,17;6;cc/min;;3;N
2026-07-31 05:38:04;Bloco;1.5;USI102016;OK;2,82;5;cc/min;;3;N
2026-07-31 05:39:18;Leak Zero;1.5;MON107268;OK;1,22;3;cc/min;;3;N
2026-07-31 05:39:30;Water Leak;1.5 Turbo;MON109649;OK;3,56;6;cc/min;;3;N
2026-07-31 05:39:39;Cabeçote;1.5;USI104797;OK;2,01;4;cc/min;;3;N
2026-07-31 05:39:45;Water Leak;1.5;MON109640;OK;2,42;6;cc/min;;3;N
2026-07-31 05:40:17;Water Leak;1.5 Turbo;MON109635;OK;3,96;6;cc/min;;3;N
2026-07-31 05:40:25;Water Leak;1.5 Turbo;MON109648;OK;1,00;6;cc/min;;3;N
2026-07-31 05:40:36;Bloco;1.0;USI102019;OK;1,73;5;cc/min;;3;N
2026-07-31 05:43:37;Bloco;1.0;USI102028;OK;2,67;5;cc/min;;3;N
2026-07-31 05:43:37;Water Leak;1.5;MON109646;OK;3,04;6;cc/min;;3;N
2026-07-31 05:45:25;Leak Zero;1.0;MON107278;OK;0,69;3;cc/min;;3;N
2026-07-31 05:45:41;Cabeçote;1.0;USI104794;OK;0,81;4;cc/min;;3;N
2026-07-31 05:46:17;Leak Zero;1.0;MON107269;OK;1,93;3;cc/min;;3;N
2026-07-31 05:46:41;Bloco;1.5;USI102023;OK;2,03;5;cc/min;;3;N
2026-07-31 05:47:19;Cabeçote;1.0;USI104793;OK;1,96;4;cc/min;;3;N
2026-07-31 05:47:24;Water Leak;1.5;MON109650;OK;1,62;6;cc/min;;3;N
2026-07-31 05:48:32;Bloco;1.5 Turbo;USI102018;OK;3,15;5;cc/min;;3;N
2026-07-31 05:49:31;Cabeçote;1.0;USI104788;OK;2,09;4;cc/min;;3;N
2026-07-31 05:49:35;Leak Zero;1.5;MON107272;OK;1,77;3;cc/min;;3;N
2026-07-31 05:49:38;Bloco;1.5 Turbo;USI102014;OK;2,89;5;cc/min;;3;N
2026-07-31 05:50:41;Bloco;1.5 Turbo;USI102015;OK;3,71;5;cc/min;;3;N
2026-07-31 05:51:21;Water Leak;1.0;MON109638;OK;3,04;6;cc/min;;3;N
2026-07-31 05:52:02;Cabeçote;1.0;USI104780;OK;1,38;4;cc/min;;3;N
2026-07-31 05:52:13;Water Leak;1.5;MON109651;OK;0,95;6;cc/min;;3;N
2026-07-31 05:53:35;Bloco;1.0;USI102017;OK;2,89;5;cc/min;;3;N
2026-07-31 05:53:58;Water Leak;1.0;MON109633;OK;1,16;6;cc/min;;3;N
2026-07-31 05:54:44;Leak Zero;1.5 Turbo;MON107264;OK;0,90;3;cc/min;;3;N
2026-07-31 05:55:43;Cabeçote;1.0;USI104787;OK;2,29;4;cc/min;;3;N
2026-07-31 05:55:46;Bloco;1.5 Turbo;USI102021;OK;2,14;5;cc/min;;3;N
2026-07-31 05:55:47;Leak Zero;1.0;MON107277;OK;1,26;3;cc/min;;3;N
2026-07-31 05:55:51;Leak Zero;1.0;MON107276;OK;2,04;3;cc/min;;3;N
2026-07-31 05:56:19;Bloco;1.5 Turbo;USI102025;OK;0,97;5;cc/min;;3;N
2026-07-31 05:56:19;Leak Zero;1.0;MON107280;OK;0,76;3;cc/min;;3;N
2026-07-31 05:58:28;Leak Zero;1.0;MON107260;OK;0,55;3;cc/min;;3;N
2026-07-31 05:59:09;Leak Zero;1.0;MON107259;OK;0,91;3;cc/min;;3;N
2026-07-31 05:59:29;Bloco;1.5 Turbo;USI102026;OK;3,36;5;cc/min;;3;N
2026-07-31 06:00:37;Bloco;1.0;USI102020;OK;1,55;5;cc/min;;1;N
2026-07-31 06:01:31;Bloco;1.5 Turbo;USI102022;OK;2,55;5;cc/min;;1;N
2026-07-31 06:02:48;Water Leak;1.0;MON109642;OK;3,07;6;cc/min;;1;N
2026-07-31 06:04:09;Cabeçote;1.0;USI104798;OK;1,15;4;cc/min;;1;N
2026-07-31 06:04:11;Bloco;1.5 Turbo;USI102011;OK;3,37;5;cc/min;;1;N
2026-07-31 06:04:56;Leak Zero;1.5;MON107265;OK;2,09;3;cc/min;;1;N
2026-07-31 06:05:16;Leak Zero;1.0;MON107266;OK;0,89;3;cc/min;;1;N
2026-07-31 06:05:51;Water Leak;1.0;MON109637;OK;4,39;6;cc/min;;1;N
2026-07-31 06:06:23;Bloco;1.5 Turbo;USI102010;OK;2,55;5;cc/min;;1;N
2026-07-31 06:07:05;Water Leak;1.5 Turbo;MON109644;OK;1,43;6;cc/min;;1;N
2026-07-31 06:08:01;Leak Zero;1.5 Turbo;MON107261;OK;1,52;3;cc/min;;1;N
2026-07-31 06:08:06;Leak Zero;1.5;MON107263;OK;0,93;3;cc/min;;1;N
2026-07-31 06:08:35;Leak Zero;1.5 Turbo;MON107262;OK;1,33;3;cc/min;;1;N
2026-07-31 06:09:27;Cabeçote;1.5;USI104795;OK;1,64;4;cc/min;;1;N
2026-07-31 06:11:10;Leak Zero;1.0;MON107273;OK;1,79;3;cc/min;;1;N
2026-07-31 06:11:15;Water Leak;1.5 Turbo;MON109647;OK;3,12;6;cc/min;;1;N
2026-07-31 06:12:24;Leak Zero;1.0;MON107258;OK;2,19;3;cc/min;;1;N
2026-07-31 06:13:54;Cabeçote;1.5 Turbo;USI104783;OK;0,61;4;cc/min;;1;N
2026-07-31 06:14:07;Water Leak;1.0;MON109643;OK;2,59;6;cc/min;;1;N
2026-07-31 06:14:17;Cabeçote;1.5;USI104779;OK;2,61;4;cc/min;;1;N
2026-07-31 06:14:42;Leak Zero;1.5;MON107274;OK;0,73;3;cc/min;;1;N
2026-07-31 06:14:42;Water Leak;1.5 Turbo;MON109645;OK;3,04;6;cc/min;;1;N
2026-07-31 06:14:54;Cabeçote;1.5;USI104782;OK;2,18;4;cc/min;;1;N
2026-07-31 06:14:59;Cabeçote;1.5;USI104791;OK;1,16;4;cc/min;;1;N
2026-07-31 06:15:39;Cabeçote;1.5 Turbo;USI104778;OK;1,48;4;cc/min;;1;N
2026-07-31 06:16:18;Water Leak;1.5 Turbo;MON109639;OK;3,04;6;cc/min;;1;N
2026-07-31 06:16:53;Bloco;1.5;USI102030;OK;3,17;5;cc/min;;1;N
2026-07-31 06:17:37;Leak Zero;1.5 Turbo;MON107267;OK;1,26;3;cc/min;;1;N
2026-07-31 06:18:15;Cabeçote;1.5;USI104784;OK;1,32;4;cc/min;;1;N
2026-07-31 06:18:16;Leak Zero;1.5;MON107275;OK;0,59;3;cc/min;;1;N
2026-07-31 06:19:09;Bloco;1.5 Turbo;USI102027;OK;2,70;5;cc/min;;1;N
2026-07-31 06:20:15;Cabeçote;1.0;USI104803;OK;0,78;4;cc/min;;1;N
2026-07-31 06:20:29;Cabeçote;1.5;USI104845;OK;1,54;4;cc/min;;1;N
2026-07-31 06:20:29;Water Leak;1.5;MON109682;OK;2,31;6;cc/min;;1;N
2026-07-31 06:21:05;Leak Zero;1.5 Turbo;MON107291;OK;1,84;3;cc/min;;1;N
2026-07-31 06:22:57;Cabeçote;1.5 Turbo;USI104829;OK;1,27;4;cc/min;;1;N
2026-07-31 06:22:57;Water Leak;1.5 Turbo;MON109666;OK;1,90;6;cc/min;;1;N
2026-07-31 06:23:13;Leak Zero;1.5 Turbo;MON107298;OK;1,75;3;cc/min;;1;N
2026-07-31 06:23:19;Water Leak;1.5 Turbo;MON109684;OK;4,30;6;cc/min;;1;N
2026-07-31 06:24:17;Bloco;1.0;USI102062;OK;2,35;5;cc/min;;1;N
2026-07-31 06:24:17;Water Leak;1.0;MON109656;OK;2,82;6;cc/min;;1;N
2026-07-31 06:24:33;Bloco;1.5 Turbo;USI102048;OK;1,45;5;cc/min;;1;N
2026-07-31 06:24:52;Bloco;1.5 Turbo;USI102044;OK;1,72;5;cc/min;;1;N
2026-07-31 06:25:14;Bloco;1.5 Turbo;USI102067;OK;1,34;5;cc/min;;1;N
2026-07-31 06:25:14;Water Leak;1.5 Turbo;MON109661;OK;1,60;6;cc/min;;1;N
2026-07-31 06:25:22;Water Leak;1.0;MON109693;OK;2,93;6;cc/min;;1;N
2026-07-31 06:25:28;Leak Zero;1.0;MON107281;OK;2,09;3;cc/min;;1;N
2026-07-31 06:25:29;Cabeçote;1.5 Turbo;USI104815;OK;2,60;4;cc/min;;1;N
2026-07-31 06:26:44;Leak Zero;1.5;MON107289;OK;0,61;3;cc/min;;1;N
2026-07-31 06:27:53;Leak Zero;1.5;MON107313;OK;1,37;3;cc/min;;1;N
2026-07-31 06:28:03;Bloco;1.5 Turbo;USI102047;OK;2,53;5;cc/min;;1;N
2026-07-31 06:28:46;Leak Zero;1.5;MON107283;OK;1,98;3;cc/min;;1;N
2026-07-31 06:29:23;Bloco;1.5;USI102043;OK;1,79;5;cc/min;;1;N
2026-07-31 06:30:20;Bloco;1.5 Turbo;USI102069;OK;2,45;5;cc/min;;1;N
2026-07-31 06:30:20;Cabeçote;1.5 Turbo;USI104826;OK;1,96;4;cc/min;;1;N
2026-07-31 06:30:20;Water Leak;1.5 Turbo;MON109663;OK;2,94;6;cc/min;;1;N
2026-07-31 06:30:23;Bloco;1.5 Turbo;USI102049;OK;1,02;5;cc/min;;1;N
2026-07-31 06:31:39;Cabeçote;1.5 Turbo;USI104819;OK;2,66;4;cc/min;;1;N
2026-07-31 06:31:52;Leak Zero;1.5 Turbo;MON107299;OK;2,00;3;cc/min;;1;N
2026-07-31 06:32:44;Leak Zero;1.5 Turbo;MON107302;OK;1,60;3;cc/min;;1;N
2026-07-31 06:32:55;Leak Zero;1.0;MON107305;OK;1,07;3;cc/min;;1;N
2026-07-31 06:34:05;Water Leak;1.5 Turbo;MON109690;OK;1,45;6;cc/min;;1;N
2026-07-31 06:34:11;Bloco;1.5 Turbo;USI102061;OK;2,03;5;cc/min;;1;N
2026-07-31 06:34:11;Water Leak;1.5 Turbo;MON109655;OK;2,44;6;cc/min;;1;N
2026-07-31 06:34:45;Bloco;1.0;USI102035;OK;2,79;5;cc/min;;1;N
2026-07-31 06:35:07;Bloco;1.5;USI102033;OK;2,69;5;cc/min;;1;N
2026-07-31 06:35:08;Bloco;1.5;USI102064;OK;2,55;5;cc/min;;1;N
2026-07-31 06:35:08;Water Leak;1.5;MON109658;OK;3,07;6;cc/min;;1;N
2026-07-31 06:35:11;Leak Zero;1.5 Turbo;MON107312;OK;0,90;3;cc/min;;1;N
2026-07-31 06:35:19;Cabeçote;1.0;USI104838;OK;2,02;4;cc/min;;1;N
2026-07-31 06:35:19;Water Leak;1.0;MON109675;OK;3,04;6;cc/min;;1;N
2026-07-31 06:35:51;Leak Zero;1.5;MON107317;OK;1,92;3;cc/min;;1;N
2026-07-31 06:35:55;Bloco;1.0;USI102039;OK;3,09;5;cc/min;;1;N
2026-07-31 06:36:16;Bloco;1.5;USI102032;OK;3,60;5;cc/min;;1;N
2026-07-31 06:38:07;Cabeçote;1.5;USI104846;OK;1,16;4;cc/min;;1;N
2026-07-31 06:38:07;Water Leak;1.5;MON109683;OK;1,73;6;cc/min;;1;N
2026-07-31 06:39:07;Leak Zero;1.5;MON107310;OK;1,76;3;cc/min;;1;N
2026-07-31 06:39:30;Cabeçote;1.5 Turbo;USI104811;OK;2,37;4;cc/min;;1;N
2026-07-31 06:39:39;Bloco;1.5;USI102040;OK;2,52;5;cc/min;;1;N
2026-07-31 06:39:43;Cabeçote;1.5 Turbo;USI104842;OK;2,05;4;cc/min;;1;N
2026-07-31 06:39:43;Water Leak;1.5 Turbo;MON109679;OK;3,07;6;cc/min;;1;N
2026-07-31 06:39:45;Cabeçote;1.5;USI104802;OK;1,61;4;cc/min;;1;N
2026-07-31 06:40:25;Cabeçote;1.5 Turbo;USI104810;OK;0,67;4;cc/min;;1;N
2026-07-31 06:40:49;Cabeçote;1.5;USI104831;OK;1,78;4;cc/min;;1;N
2026-07-31 06:40:49;Water Leak;1.5;MON109668;OK;2,67;6;cc/min;;1;N
2026-07-31 06:41:36;Leak Zero;1.5;MON107309;OK;1,73;3;cc/min;;1;N
2026-07-31 06:42:04;Cabeçote;1.5;USI104840;OK;1,66;4;cc/min;;1;N
2026-07-31 06:42:04;Water Leak;1.5;MON109677;OK;2,49;6;cc/min;;1;N
2026-07-31 06:42:45;Cabeçote;1.0;USI104820;OK;2,29;4;cc/min;;1;N
2026-07-31 06:43:11;Cabeçote;1.5 Turbo;USI104834;OK;1,94;4;cc/min;;1;N
2026-07-31 06:43:11;Water Leak;1.5 Turbo;MON109671;OK;2,91;6;cc/min;;1;N
2026-07-31 06:43:21;Bloco;1.5 Turbo;USI102052;OK;3,17;5;cc/min;;1;N
2026-07-31 06:43:37;Cabeçote;1.5;USI104808;OK;2,02;4;cc/min;;1;N
2026-07-31 06:43:42;Leak Zero;1.0;MON107287;OK;1,41;3;cc/min;;1;N
2026-07-31 06:44:05;Bloco;1.5;USI102065;OK;2,76;5;cc/min;;1;N
2026-07-31 06:44:05;Water Leak;1.5;MON109659;OK;3,32;6;cc/min;;1;N
2026-07-31 06:45:41;Bloco;1.0;USI102037;OK;1,01;5;cc/min;;1;N
2026-07-31 06:45:48;Leak Zero;1.5 Turbo;MON107293;OK;0,79;3;cc/min;;1;N
2026-07-31 06:46:04;Water Leak;1.0;MON109694;OK;1,36;6;cc/min;;1;N
2026-07-31 06:47:01;Bloco;1.0;USI102046;OK;1,49;5;cc/min;;1;N
2026-07-31 06:47:19;Bloco;1.0;USI102036;OK;2,45;5;cc/min;;1;N
2026-07-31 06:47:24;Cabeçote;1.5;USI104812;OK;1,08;4;cc/min;;1;N
2026-07-31 06:48:14;Bloco;1.5;USI102056;OK;2,52;5;cc/min;;1;N
2026-07-31 06:50:59;Cabeçote;1.5;USI104839;OK;2,25;4;cc/min;;1;N
2026-07-31 06:50:59;Water Leak;1.5;MON109676;OK;3,38;6;cc/min;;1;N
2026-07-31 06:51:00;Cabeçote;1.5 Turbo;USI104833;OK;1,32;4;cc/min;;1;N
2026-07-31 06:51:00;Water Leak;1.5 Turbo;MON109670;OK;1,97;6;cc/min;;1;N
2026-07-31 06:51:21;Cabeçote;1.0;USI104800;OK;2,03;4;cc/min;;1;N
2026-07-31 06:52:02;Leak Zero;1.0;MON107316;OK;1,04;3;cc/min;;1;N
2026-07-31 06:52:10;Leak Zero;1.5 Turbo;MON107294;OK;1,13;3;cc/min;;1;N
2026-07-31 06:52:13;Cabeçote;1.5;USI104813;OK;0,63;4;cc/min;;1;N
2026-07-31 06:53:06;Cabeçote;1.5;USI104830;OK;0,68;4;cc/min;;1;N
2026-07-31 06:53:06;Water Leak;1.5;MON109667;OK;1,03;6;cc/min;;1;N
2026-07-31 06:54:13;Water Leak;1.5;MON109692;OK;1,85;6;cc/min;;1;N
2026-07-31 06:54:37;Cabeçote;1.5;USI104821;OK;2,82;4;cc/min;;1;N
2026-07-31 06:54:51;Leak Zero;1.0;MON107285;OK;1,03;3;cc/min;;1;N
2026-07-31 06:54:55;Cabeçote;1.0;USI104837;OK;2,22;4;cc/min;;1;N
2026-07-31 06:54:55;Water Leak;1.0;MON109674;OK;3,33;6;cc/min;;1;N
2026-07-31 06:55:27;Bloco;1.5 Turbo;USI102066;OK;0,90;5;cc/min;;1;N
2026-07-31 06:55:27;Water Leak;1.5 Turbo;MON109660;OK;1,08;6;cc/min;;1;N
2026-07-31 06:55:30;Leak Zero;1.5 Turbo;MON107295;OK;1,48;3;cc/min;;1;N
2026-07-31 06:55:32;Leak Zero;1.0;MON107288;OK;1,91;3;cc/min;;1;N
2026-07-31 06:56:15;Leak Zero;1.5 Turbo;MON107296;OK;1,55;3;cc/min;;1;N
2026-07-31 06:56:20;Leak Zero;1.5 Turbo;MON107286;OK;1,27;3;cc/min;;1;N
2026-07-31 06:56:53;Cabeçote;1.5;USI104822;OK;1,63;4;cc/min;;1;N
2026-07-31 06:57:07;Bloco;1.5 Turbo;USI102057;OK;1,08;5;cc/min;;1;N
2026-07-31 06:57:30;Water Leak;1.5;MON109687;OK;3,22;6;cc/min;;1;N
2026-07-31 06:58:32;Cabeçote;1.5;USI104828;OK;2,36;4;cc/min;;1;N
2026-07-31 06:58:32;Water Leak;1.5;MON109665;OK;3,54;6;cc/min;;1;N
2026-07-31 06:59:03;Water Leak;1.5 Turbo;MON109689;OK;3,08;6;cc/min;;1;N
2026-07-31 06:59:27;Leak Zero;1.5;MON107301;OK;2,18;3;cc/min;;1;N
2026-07-31 06:59:35;Cabeçote;1.5 Turbo;USI104844;OK;2,96;4;cc/min;;1;N
2026-07-31 06:59:35;Water Leak;1.5 Turbo;MON109681;OK;4,44;6;cc/min;;1;N
2026-07-31 07:00:27;Leak Zero;1.5;MON107297;OK;2,00;3;cc/min;;1;N
2026-07-31 07:00:58;Water Leak;1.0;MON109691;OK;1,65;6;cc/min;;1;N
2026-07-31 07:01:15;Bloco;1.0;USI102058;OK;3,50;5;cc/min;;1;N
2026-07-31 07:01:15;Water Leak;1.0;MON109652;OK;4,19;6;cc/min;;1;N
2026-07-31 07:02:26;Water Leak;1.5 Turbo;MON109685;OK;1,84;6;cc/min;;1;N
2026-07-31 07:02:26;Water Leak;1.5 Turbo;MON109686;OK;1,26;6;cc/min;;1;N
2026-07-31 07:02:37;Leak Zero;1.5;MON107306;OK;1,94;3;cc/min;;1;N
2026-07-31 07:02:48;Cabeçote;1.0;USI104804;OK;2,05;4;cc/min;;1;N
2026-07-31 07:02:57;Cabeçote;1.5 Turbo;USI104835;OK;1,73;4;cc/min;;1;N
2026-07-31 07:02:57;Water Leak;1.5 Turbo;MON109672;OK;2,60;6;cc/min;;1;N
2026-07-31 07:03:01;Bloco;1.0;USI102054;OK;2,56;5;cc/min;;1;N
2026-07-31 07:03:21;Cabeçote;1.5 Turbo;USI104824;OK;3,00;4;cc/min;;1;N
2026-07-31 07:03:41;Bloco;1.5;USI102055;OK;1,93;5;cc/min;;1;N
2026-07-31 07:03:48;Leak Zero;1.5 Turbo;MON107300;OK;0,75;3;cc/min;;1;N
2026-07-31 07:03:56;Cabeçote;1.5 Turbo;USI104836;OK;1,42;4;cc/min;;1;N
2026-07-31 07:03:56;Water Leak;1.5 Turbo;MON109673;OK;2,13;6;cc/min;;1;N
2026-07-31 07:04:09;Bloco;1.0;USI102041;OK;1,43;5;cc/min;;1;N
2026-07-31 07:04:11;Leak Zero;1.5 Turbo;MON107303;OK;0,53;3;cc/min;;1;N
2026-07-31 07:04:19;Leak Zero;1.0;MON107308;OK;1,14;3;cc/min;;1;N
2026-07-31 07:04:50;Bloco;1.5 Turbo;USI102050;OK;3,23;5;cc/min;;1;N
2026-07-31 07:04:54;Bloco;1.5 Turbo;USI102042;OK;2,45;5;cc/min;;1;N
2026-07-31 07:05:51;Cabeçote;1.0;USI104799;OK;2,92;4;cc/min;;1;N
2026-07-31 07:06:29;Cabeçote;1.0;USI104817;OK;1,92;4;cc/min;;1;N
2026-07-31 07:07:05;Bloco;1.5 Turbo;USI102060;OK;3,29;5;cc/min;;1;N
2026-07-31 07:07:05;Cabeçote;1.5 Turbo;USI104806;OK;0,95;4;cc/min;;1;N
2026-07-31 07:07:05;Water Leak;1.5 Turbo;MON109654;OK;3,95;6;cc/min;;1;N
2026-07-31 07:08:12;Bloco;1.5;USI102053;OK;2,48;5;cc/min;;1;N
2026-07-31 07:08:15;Cabeçote;1.5 Turbo;USI104816;OK;2,71;4;cc/min;;1;N
2026-07-31 07:08:37;Leak Zero;1.5;MON107284;OK;1,06;3;cc/min;;1;N
2026-07-31 07:08:48;Cabeçote;1.5 Turbo;USI104814;OK;1,77;4;cc/min;;1;N
2026-07-31 07:09:04;Cabeçote;1.0;USI104843;OK;2,17;4;cc/min;;1;N
2026-07-31 07:09:04;Water Leak;1.0;MON109680;OK;3,26;6;cc/min;;1;N
2026-07-31 07:09:27;Bloco;1.5;USI102038;OK;2,04;5;cc/min;;1;N
2026-07-31 07:09:52;Cabeçote;1.5 Turbo;USI104832;OK;1,82;4;cc/min;;1;N
2026-07-31 07:09:52;Leak Zero;1.5;MON107282;OK;1,15;3;cc/min;;1;N
2026-07-31 07:09:52;Water Leak;1.5 Turbo;MON109669;OK;2,73;6;cc/min;;1;N
2026-07-31 07:10:32;Cabeçote;1.5;USI104841;OK;1,04;4;cc/min;;1;N
2026-07-31 07:10:32;Water Leak;1.5;MON109678;OK;1,56;6;cc/min;;1;N
2026-07-31 07:10:56;Leak Zero;1.5;MON107292;OK;2,07;3;cc/min;;1;N
2026-07-31 07:11:15;Cabeçote;1.5 Turbo;USI104809;OK;2,08;4;cc/min;;1;N
2026-07-31 07:11:43;Cabeçote;1.0;USI104825;OK;2,33;4;cc/min;;1;N
2026-07-31 07:11:52;Cabeçote;1.0;USI104823;OK;2,65;4;cc/min;;1;N
2026-07-31 07:13:08;Bloco;1.5;USI102063;OK;2,52;5;cc/min;;1;N
2026-07-31 07:13:08;Water Leak;1.5;MON109657;OK;3,02;6;cc/min;;1;N
2026-07-31 07:13:15;Bloco;1.0;USI102045;OK;1,23;5;cc/min;;1;N
2026-07-31 07:13:47;Bloco;1.5 Turbo;USI102059;OK;0,80;5;cc/min;;1;N
2026-07-31 07:13:47;Water Leak;1.5 Turbo;MON109653;OK;0,95;6;cc/min;;1;N
2026-07-31 07:14:07;Cabeçote;1.0;USI104805;OK;1,73;4;cc/min;;1;N
2026-07-31 07:14:09;Cabeçote;1.0;USI104818;OK;2,92;4;cc/min;;1;N
2026-07-31 07:14:11;Leak Zero;1.0;MON107304;OK;1,44;3;cc/min;;1;N
2026-07-31 07:14:17;Leak Zero;1.5;MON107315;OK;1,96;3;cc/min;;1;N
2026-07-31 07:14:42;Cabeçote;1.5 Turbo;USI104807;OK;2,02;4;cc/min;;1;N
2026-07-31 07:14:44;Bloco;1.5 Turbo;USI102068;NOK;12,05;5;cc/min;Galeria de água;1;N
2026-07-31 07:14:44;Water Leak;1.5 Turbo;MON109662;NOK;14,45;6;cc/min;Bomba d'água;1;N
2026-07-31 07:14:54;Leak Zero;1.5;MON107318;OK;1,63;3;cc/min;;1;N
2026-07-31 07:14:59;Bloco;1.5;USI102034;OK;1,45;5;cc/min;;1;N
2026-07-31 07:15:05;Leak Zero;1.5 Turbo;MON107290;OK;1,89;3;cc/min;;1;N
2026-07-31 07:15:23;Bloco;1.5;USI102051;OK;1,18;5;cc/min;;1;N
2026-07-31 07:15:39;Leak Zero;1.5 Turbo;MON107314;OK;1,11;3;cc/min;;1;N
2026-07-31 07:16:18;Cabeçote;1.5 Turbo;USI104801;OK;2,02;4;cc/min;;1;N
2026-07-31 07:17:07;Water Leak;1.5 Turbo;MON109688;OK;2,18;6;cc/min;;1;N
2026-07-31 07:17:39;Leak Zero;1.5;MON107311;OK;1,49;3;cc/min;;1;N
2026-07-31 07:17:51;Leak Zero;1.5;MON107307;OK;1,38;3;cc/min;;1;N
2026-07-31 07:17:55;Bloco;1.5;USI102070;OK;3,06;5;cc/min;;1;N
2026-07-31 07:17:55;Cabeçote;1.5;USI104827;OK;2,45;4;cc/min;;1;N
2026-07-31 07:17:55;Water Leak;1.5;MON109664;OK;3,67;6;cc/min;;1;N
2026-07-31 07:20:15;Leak Zero;1.0;MON107339;OK;0,58;3;cc/min;;1;N
2026-07-31 07:21:00;Cabeçote;1.0;USI104875;OK;2,24;4;cc/min;;1;N
2026-07-31 07:21:00;Water Leak;1.0;MON109712;OK;3,37;6;cc/min;;1;N
2026-07-31 07:21:50;Cabeçote;1.5;USI104872;OK;2,34;4;cc/min;;1;N
2026-07-31 07:21:50;Water Leak;1.5;MON109709;OK;3,51;6;cc/min;;1;N
2026-07-31 07:22:16;Water Leak;1.5 Turbo;MON109729;OK;2,73;6;cc/min;;1;N
2026-07-31 07:23:24;Bloco;1.5 Turbo;USI102089;OK;2,86;5;cc/min;;1;N
2026-07-31 07:24:28;Bloco;1.5;USI102086;OK;3,44;5;cc/min;;1;N
2026-07-31 07:24:30;Cabeçote;1.5 Turbo;USI104857;OK;1,38;4;cc/min;;1;N
2026-07-31 07:24:33;Bloco;1.5 Turbo;USI102108;OK;1,45;5;cc/min;;1;N
2026-07-31 07:24:36;Cabeçote;1.5;USI104865;OK;0,78;4;cc/min;;1;N
2026-07-31 07:24:36;Water Leak;1.5;MON109702;OK;1,16;6;cc/min;;1;N
2026-07-31 07:24:52;Bloco;1.5 Turbo;USI102104;OK;1,72;5;cc/min;;1;N
2026-07-31 07:25:29;Leak Zero;1.5 Turbo;MON107351;OK;1,95;3;cc/min;;1;N
2026-07-31 07:26:09;Leak Zero;1.0;MON107324;OK;1,49;3;cc/min;;1;N
2026-07-31 07:27:46;Leak Zero;1.0;MON107332;OK;1,33;3;cc/min;;1;N
2026-07-31 07:28:03;Bloco;1.5 Turbo;USI102107;OK;2,53;5;cc/min;;1;N
2026-07-31 07:28:56;Cabeçote;1.5 Turbo;USI104868;OK;2,81;4;cc/min;;1;N
2026-07-31 07:28:56;Water Leak;1.5 Turbo;MON109705;OK;4,21;6;cc/min;;1;N
2026-07-31 07:29:20;Leak Zero;1.5;MON107328;OK;1,02;3;cc/min;;1;N
2026-07-31 07:29:23;Bloco;1.5;USI102103;OK;1,79;5;cc/min;;1;N
2026-07-31 07:30:20;Leak Zero;1.5 Turbo;MON107362;OK;1,47;3;cc/min;;1;N
2026-07-31 07:30:23;Bloco;1.5 Turbo;USI102109;OK;1,02;5;cc/min;;1;N
2026-07-31 07:31:39;Leak Zero;1.5 Turbo;MON107355;OK;1,99;3;cc/min;;1;N
2026-07-31 07:32:12;Cabeçote;1.5;USI104874;OK;2,08;4;cc/min;;1;N
2026-07-31 07:32:12;Water Leak;1.5;MON109711;OK;3,12;6;cc/min;;1;N
2026-07-31 07:32:42;Leak Zero;1.5;MON107329;OK;1,23;3;cc/min;;1;N
2026-07-31 07:34:04;Leak Zero;1.0;MON107321;OK;1,89;3;cc/min;;1;N
2026-07-31 07:34:36;Cabeçote;1.5;USI104856;OK;1,23;4;cc/min;;1;N
2026-07-31 07:34:45;Bloco;1.0;USI102095;OK;2,79;5;cc/min;;1;N
2026-07-31 07:35:07;Bloco;1.5;USI102093;OK;2,69;5;cc/min;;1;N
2026-07-31 07:35:23;Bloco;1.0;USI102088;OK;0,91;5;cc/min;;1;N
2026-07-31 07:35:55;Bloco;1.0;USI102099;OK;3,09;5;cc/min;;1;N
2026-07-31 07:35:55;Leak Zero;1.5;MON107323;OK;1,89;3;cc/min;;1;N
2026-07-31 07:35:59;Leak Zero;1.5 Turbo;MON107330;OK;0,88;3;cc/min;;1;N
2026-07-31 07:36:15;Bloco;1.5;USI102081;OK;3,52;5;cc/min;;1;N
2026-07-31 07:36:16;Bloco;1.5;USI102092;OK;3,60;5;cc/min;;1;N
2026-07-31 07:36:50;Water Leak;1.0;MON109728;OK;2,51;6;cc/min;;1;N
2026-07-31 07:37:40;Leak Zero;1.5 Turbo;MON107334;OK;2,09;3;cc/min;;1;N
2026-07-31 07:38:04;Water Leak;1.5;MON109732;OK;3,39;6;cc/min;;1;N
2026-07-31 07:39:18;Cabeçote;1.5;USI104854;OK;1,62;4;cc/min;;1;N
2026-07-31 07:39:30;Leak Zero;1.5 Turbo;MON107347;OK;1,78;3;cc/min;;1;N
2026-07-31 07:39:39;Bloco;1.5;USI102100;OK;2,52;5;cc/min;;1;N
2026-07-31 07:39:41;Bloco;1.0;USI102080;OK;1,14;5;cc/min;;1;N
2026-07-31 07:39:45;Leak Zero;1.5;MON107338;OK;1,21;3;cc/min;;1;N
2026-07-31 07:40:17;Leak Zero;1.5 Turbo;MON107333;OK;1,98;3;cc/min;;1;N
2026-07-31 07:40:25;Leak Zero;1.5 Turbo;MON107346;OK;0,50;3;cc/min;;1;N
2026-07-31 07:40:36;Water Leak;1.0;MON109735;OK;2,07;6;cc/min;;1;N
2026-07-31 07:41:33;Leak Zero;1.5 Turbo;MON107326;OK;1,80;3;cc/min;;1;N
2026-07-31 07:42:45;Leak Zero;1.0;MON107356;OK;1,72;3;cc/min;;1;N
2026-07-31 07:43:21;Bloco;1.5 Turbo;USI102112;OK;3,17;5;cc/min;;1;N
2026-07-31 07:43:37;Leak Zero;1.0;MON107320;OK;1,60;3;cc/min;;1;N
2026-07-31 07:43:37;Leak Zero;1.5;MON107344;OK;1,52;3;cc/min;;1;N
2026-07-31 07:45:25;Cabeçote;1.0;USI104864;OK;0,92;4;cc/min;;1;N
2026-07-31 07:45:25;Water Leak;1.0;MON109701;OK;1,37;6;cc/min;;1;N
2026-07-31 07:45:41;Bloco;1.0;USI102084;OK;1,53;5;cc/min;;1;N
2026-07-31 07:45:41;Bloco;1.0;USI102097;OK;1,01;5;cc/min;;1;N
2026-07-31 07:45:53;Water Leak;1.0;MON109721;OK;1,20;6;cc/min;;1;N
2026-07-31 07:46:17;Cabeçote;1.0;USI104855;OK;2,57;4;cc/min;;1;N
2026-07-31 07:46:58;Bloco;1.5;USI102073;OK;2,87;5;cc/min;;1;N
2026-07-31 07:47:01;Bloco;1.0;USI102106;OK;1,49;5;cc/min;;1;N
2026-07-31 07:47:19;Bloco;1.0;USI102096;OK;2,45;5;cc/min;;1;N
2026-07-31 07:47:24;Leak Zero;1.5;MON107348;OK;0,81;3;cc/min;;1;N
2026-07-31 07:47:56;Bloco;1.5;USI102082;OK;3,46;5;cc/min;;1;N
2026-07-31 07:48:14;Bloco;1.5;USI102116;OK;2,52;5;cc/min;;1;N
2026-07-31 07:48:20;Cabeçote;1.0;USI104867;OK;2,39;4;cc/min;;1;N
2026-07-31 07:48:20;Water Leak;1.0;MON109704;OK;3,58;6;cc/min;;1;N
2026-07-31 07:48:32;Water Leak;1.5 Turbo;MON109734;OK;3,78;6;cc/min;;1;N
2026-07-31 07:49:25;Cabeçote;1.5 Turbo;USI104876;OK;2,74;4;cc/min;;1;N
2026-07-31 07:49:25;Water Leak;1.5 Turbo;MON109713;OK;4,12;6;cc/min;;1;N
2026-07-31 07:49:31;Bloco;1.0;USI102091;OK;2,62;5;cc/min;;1;N
2026-07-31 07:49:35;Cabeçote;1.5;USI104858;OK;2,36;4;cc/min;;1;N
2026-07-31 07:49:35;Water Leak;1.5;MON109695;OK;3,54;6;cc/min;;1;N
2026-07-31 07:49:38;Water Leak;1.5 Turbo;MON109730;OK;3,46;6;cc/min;;1;N
2026-07-31 07:50:41;Water Leak;1.5 Turbo;MON109731;OK;4,46;6;cc/min;;1;N
2026-07-31 07:50:45;Bloco;1.5 Turbo;USI102074;OK;3,63;5;cc/min;;1;N
2026-07-31 07:51:21;Leak Zero;1.0;MON107336;OK;1,52;3;cc/min;;1;N
2026-07-31 07:52:13;Leak Zero;1.5;MON107349;OK;0,48;3;cc/min;;1;N
2026-07-31 07:53:11;Cabeçote;1.5;USI104879;OK;0,76;4;cc/min;;1;N
2026-07-31 07:53:11;Water Leak;1.5;MON109716;OK;1,15;6;cc/min;;1;N
2026-07-31 07:53:35;Water Leak;1.0;MON109733;OK;3,47;6;cc/min;;1;N
2026-07-31 07:53:58;Leak Zero;1.0;MON107331;OK;0,58;3;cc/min;;1;N
2026-07-31 07:54:13;Water Leak;1.0;MON109725;OK;3,02;6;cc/min;;1;N
2026-07-31 07:54:37;Leak Zero;1.5;MON107357;OK;2,12;3;cc/min;;1;N
2026-07-31 07:54:44;Cabeçote;1.5 Turbo;USI104850;OK;1,20;4;cc/min;;1;N
2026-07-31 07:55:43;Bloco;1.0;USI102090;OK;2,86;5;cc/min;;1;N
2026-07-31 07:55:47;Cabeçote;1.0;USI104863;OK;1,67;4;cc/min;;1;N
2026-07-31 07:55:47;Cabeçote;1.0;USI104869;OK;1,53;4;cc/min;;1;N
2026-07-31 07:55:47;Cabeçote;1.5 Turbo;USI104870;OK;2,52;4;cc/min;;1;N
2026-07-31 07:55:47;Water Leak;1.0;MON109700;OK;2,51;6;cc/min;;1;N
2026-07-31 07:55:47;Water Leak;1.0;MON109706;OK;2,29;6;cc/min;;1;N
2026-07-31 07:55:47;Water Leak;1.5 Turbo;MON109707;OK;3,78;6;cc/min;;1;N
2026-07-31 07:55:51;Cabeçote;1.0;USI104862;OK;2,72;4;cc/min;;1;N
2026-07-31 07:55:51;Water Leak;1.0;MON109699;OK;4,08;6;cc/min;;1;N
2026-07-31 07:56:07;Bloco;1.5 Turbo;USI102083;OK;2,34;5;cc/min;;1;N
2026-07-31 07:56:12;Bloco;1.0;USI102071;OK;3,45;5;cc/min;;1;N
2026-07-31 07:56:19;Cabeçote;1.0;USI104866;OK;1,01;4;cc/min;;1;N
2026-07-31 07:56:19;Water Leak;1.0;MON109703;OK;1,51;6;cc/min;;1;N
2026-07-31 07:56:34;Leak Zero;1.0;MON107327;OK;2,17;3;cc/min;;1;N
2026-07-31 07:56:53;Leak Zero;1.5;MON107358;OK;1,22;3;cc/min;;1;N
2026-07-31 07:57:07;Bloco;1.5 Turbo;USI102117;OK;1,08;5;cc/min;;1;N
2026-07-31 07:57:10;Cabeçote;1.5;USI104871;OK;2,31;4;cc/min;;1;N
2026-07-31 07:57:10;Water Leak;1.5;MON109708;OK;3,47;6;cc/min;;1;N
2026-07-31 07:58:55;Leak Zero;1.0;MON107325;OK;1,79;3;cc/min;;1;N
2026-07-31 08:00:37;Water Leak;1.0;MON109736;OK;1,87;6;cc/min;;1;N
2026-07-31 08:01:15;Bloco;1.0;USI102118;OK;3,50;5;cc/min;;1;N
2026-07-31 08:01:36;Bloco;1.5 Turbo;USI102077;OK;1,70;5;cc/min;;1;N
2026-07-31 08:02:26;Cabeçote;1.5;USI104882;OK;1,56;4;cc/min;;1;N
2026-07-31 08:02:26;Water Leak;1.5;MON109719;OK;2,33;6;cc/min;;1;N
2026-07-31 08:02:48;Leak Zero;1.0;MON107340;OK;1,53;3;cc/min;;1;N
2026-07-31 08:02:54;Bloco;1.5;USI102075;OK;2,96;5;cc/min;;1;N
2026-07-31 08:03:01;Bloco;1.0;USI102114;OK;2,56;5;cc/min;;1;N
2026-07-31 08:03:02;Bloco;1.5 Turbo;USI102078;OK;3,62;5;cc/min;;1;N
2026-07-31 08:03:21;Leak Zero;1.5 Turbo;MON107360;OK;2,25;3;cc/min;;1;N
2026-07-31 08:03:25;Water Leak;1.5;MON109724;OK;3,64;6;cc/min;;1;N
2026-07-31 08:03:41;Bloco;1.5;USI102115;OK;1,93;5;cc/min;;1;N
2026-07-31 08:04:09;Bloco;1.0;USI102101;OK;1,43;5;cc/min;;1;N
2026-07-31 08:04:11;Water Leak;1.5 Turbo;MON109727;OK;4,05;6;cc/min;;1;N
2026-07-31 08:04:27;Cabeçote;1.5;USI104873;OK;1,72;4;cc/min;;1;N
2026-07-31 08:04:27;Water Leak;1.5;MON109710;OK;2,58;6;cc/min;;1;N
2026-07-31 08:04:50;Bloco;1.5 Turbo;USI102110;OK;3,23;5;cc/min;;1;N
2026-07-31 08:04:54;Bloco;1.5 Turbo;USI102102;OK;2,45;5;cc/min;;1;N
2026-07-31 08:04:56;Cabeçote;1.5;USI104851;OK;2,79;4;cc/min;;1;N
2026-07-31 08:05:16;Cabeçote;1.0;USI104852;OK;1,18;4;cc/min;;1;N
2026-07-31 08:05:51;Leak Zero;1.0;MON107335;OK;2,19;3;cc/min;;1;N
2026-07-31 08:06:23;Water Leak;1.5 Turbo;MON109726;OK;3,06;6;cc/min;;1;N
2026-07-31 08:06:29;Leak Zero;1.0;MON107353;OK;1,44;3;cc/min;;1;N
2026-07-31 08:07:05;Leak Zero;1.5 Turbo;MON107342;OK;0,71;3;cc/min;;1;N
2026-07-31 08:08:01;Cabeçote;1.5 Turbo;USI104847;OK;2,02;4;cc/min;;1;N
2026-07-31 08:08:06;Bloco;1.5;USI102079;OK;1,50;5;cc/min;;1;N
2026-07-31 08:08:06;Cabeçote;1.5;USI104849;OK;1,24;4;cc/min;;1;N
2026-07-31 08:08:12;Bloco;1.5;USI102113;OK;2,48;5;cc/min;;1;N
2026-07-31 08:08:15;Leak Zero;1.5 Turbo;MON107352;OK;2,03;3;cc/min;;1;N
2026-07-31 08:08:35;Cabeçote;1.5 Turbo;USI104848;OK;1,77;4;cc/min;;1;N
2026-07-31 08:08:48;Leak Zero;1.5 Turbo;MON107350;OK;1,33;3;cc/min;;1;N
2026-07-31 08:09:27;Bloco;1.5;USI102098;OK;2,04;5;cc/min;;1;N
2026-07-31 08:10:09;Cabeçote;1.0;USI104877;OK;2,48;4;cc/min;;1;N
2026-07-31 08:10:09;Water Leak;1.0;MON109714;OK;3,71;6;cc/min;;1;N
2026-07-31 08:11:10;Cabeçote;1.0;USI104859;OK;2,39;4;cc/min;;1;N
2026-07-31 08:11:10;Water Leak;1.0;MON109696;OK;3,58;6;cc/min;;1;N
2026-07-31 08:11:15;Leak Zero;1.5 Turbo;MON107345;OK;1,56;3;cc/min;;1;N
2026-07-31 08:11:27;Water Leak;1.0;MON109722;OK;4,17;6;cc/min;;1;N
2026-07-31 08:11:38;Cabeçote;1.5;USI104881;OK;1,20;4;cc/min;;1;N
2026-07-31 08:11:38;Water Leak;1.5;MON109718;OK;1,80;6;cc/min;;1;N
2026-07-31 08:11:43;Leak Zero;1.0;MON107361;OK;1,75;3;cc/min;;1;N
2026-07-31 08:11:52;Leak Zero;1.0;MON107359;OK;1,99;3;cc/min;;1;N
2026-07-31 08:12:24;Bloco;1.0;USI102087;NOK;14,21;5;cc/min;Face de fogo;1;N
2026-07-31 08:12:36;Bloco;1.5;USI102072;OK;1,39;5;cc/min;;1;N
2026-07-31 08:12:56;Cabeçote;1.5 Turbo;USI104878;OK;1,16;4;cc/min;;1;N
2026-07-31 08:12:56;Water Leak;1.5 Turbo;MON109715;OK;1,74;6;cc/min;;1;N
2026-07-31 08:12:59;Bloco;1.5 Turbo;USI102085;OK;3,49;5;cc/min;;1;N
2026-07-31 08:13:15;Bloco;1.0;USI102105;OK;1,23;5;cc/min;;1;N
2026-07-31 08:13:47;Bloco;1.5 Turbo;USI102119;OK;0,80;5;cc/min;;1;N
2026-07-31 08:14:07;Leak Zero;1.0;MON107341;OK;1,29;3;cc/min;;1;N
2026-07-31 08:14:09;Leak Zero;1.0;MON107354;OK;2,19;3;cc/min;;1;N
2026-07-31 08:14:42;Cabeçote;1.5;USI104860;OK;0,97;4;cc/min;;1;N
2026-07-31 08:14:42;Leak Zero;1.5 Turbo;MON107343;OK;1,52;3;cc/min;;1;N
2026-07-31 08:14:42;Water Leak;1.5;MON109697;OK;1,45;6;cc/min;;1;N
2026-07-31 08:14:59;Bloco;1.5;USI102094;OK;1,45;5;cc/min;;1;N
2026-07-31 08:15:23;Bloco;1.5;USI102111;OK;1,18;5;cc/min;;1;N
2026-07-31 08:15:45;Water Leak;1.5 Turbo;MON109720;OK;3,02;6;cc/min;;1;N
2026-07-31 08:16:18;Leak Zero;1.5 Turbo;MON107337;OK;1,52;3;cc/min;;1;N
2026-07-31 08:16:53;Leak Zero;1.5;MON107322;OK;1,90;3;cc/min;;1;N
2026-07-31 08:17:37;Cabeçote;1.5 Turbo;USI104853;OK;1,69;4;cc/min;;1;N
2026-07-31 08:18:06;Cabeçote;1.5;USI104880;OK;2,72;4;cc/min;;1;N
2026-07-31 08:18:06;Water Leak;1.5;MON109717;OK;4,08;6;cc/min;;1;N
2026-07-31 08:18:16;Cabeçote;1.5;USI104861;OK;0,79;4;cc/min;;1;N
2026-07-31 08:18:16;Water Leak;1.5;MON109698;OK;1,18;6;cc/min;;1;N
2026-07-31 08:19:09;Leak Zero;1.5 Turbo;MON107319;OK;1,62;3;cc/min;;1;N
2026-07-31 08:19:28;Bloco;1.5;USI102076;OK;1,82;5;cc/min;;1;N
2026-07-31 08:20:07;Water Leak;1.5 Turbo;MON109723;OK;0,99;6;cc/min;;1;N
2026-07-31 08:20:15;Cabeçote;1.0;USI104924;OK;0,78;4;cc/min;;1;N
2026-07-31 08:20:29;Bloco;1.5;USI102148;OK;1,92;5;cc/min;;1;N
2026-07-31 08:20:29;Cabeçote;1.5;USI104905;NOK;7,21;4;cc/min;Galeria de água;1;N
2026-07-31 08:22:57;Bloco;1.5 Turbo;USI102132;OK;1,58;5;cc/min;;1;N
2026-07-31 08:23:13;Cabeçote;1.5 Turbo;USI104884;OK;2,33;4;cc/min;;1;N
2026-07-31 08:23:19;Bloco;1.5 Turbo;USI102150;OK;3,59;5;cc/min;;1;N
2026-07-31 08:23:24;Leak Zero;1.5 Turbo;MON107382;OK;1,72;3;cc/min;;1;N
2026-07-31 08:23:24;Water Leak;1.5 Turbo;MON109745;OK;3,44;6;cc/min;;1;N
2026-07-31 08:24:28;Leak Zero;1.5;MON107379;OK;2,06;3;cc/min;;1;N
2026-07-31 08:24:33;Leak Zero;1.5 Turbo;MON107401;OK;0,87;3;cc/min;;1;N
2026-07-31 08:24:33;Water Leak;1.5 Turbo;MON109764;OK;1,74;6;cc/min;;1;N
2026-07-31 08:24:52;Leak Zero;1.5 Turbo;MON107397;OK;1,03;3;cc/min;;1;N
2026-07-31 08:24:52;Water Leak;1.5 Turbo;MON109760;OK;2,07;6;cc/min;;1;N
2026-07-31 08:25:22;Bloco;1.0;USI102159;OK;2,44;5;cc/min;;1;N
2026-07-31 08:26:09;Cabeçote;1.0;USI104909;OK;1,98;4;cc/min;;1;N
2026-07-31 08:27:46;Cabeçote;1.0;USI104917;OK;1,78;4;cc/min;;1;N
2026-07-31 08:28:03;Leak Zero;1.5 Turbo;MON107400;OK;1,52;3;cc/min;;1;N
2026-07-31 08:28:03;Water Leak;1.5 Turbo;MON109763;OK;3,03;6;cc/min;;1;N
2026-07-31 08:29:20;Cabeçote;1.5;USI104913;OK;1,37;4;cc/min;;1;N
2026-07-31 08:29:23;Leak Zero;1.5;MON107396;OK;1,08;3;cc/min;;1;N
2026-07-31 08:29:23;Water Leak;1.5;MON109759;OK;2,15;6;cc/min;;1;N
2026-07-31 08:29:49;Bloco;1.5;USI102167;OK;0,75;5;cc/min;;1;N
2026-07-31 08:30:20;Bloco;1.5 Turbo;USI102129;OK;2,45;5;cc/min;;1;N
2026-07-31 08:30:23;Leak Zero;1.5 Turbo;MON107402;OK;0,61;3;cc/min;;1;N
2026-07-31 08:30:23;Water Leak;1.5 Turbo;MON109765;OK;1,22;6;cc/min;;1;N
2026-07-31 08:31:39;Bloco;1.5 Turbo;USI102122;OK;3,32;5;cc/min;;1;N
2026-07-31 08:31:52;Cabeçote;1.5 Turbo;USI104885;OK;2,66;4;cc/min;;1;N
2026-07-31 08:32:42;Cabeçote;1.5;USI104914;OK;1,64;4;cc/min;;1;N
2026-07-31 08:32:44;Cabeçote;1.5 Turbo;USI104888;OK;2,13;4;cc/min;;1;N
2026-07-31 08:32:55;Cabeçote;1.0;USI104891;OK;1,43;4;cc/min;;1;N
2026-07-31 08:33:49;Bloco;1.5 Turbo;USI102163;OK;3,03;5;cc/min;;1;N
2026-07-31 08:34:04;Cabeçote;1.0;USI104906;OK;2,51;4;cc/min;;1;N
2026-07-31 08:34:05;Bloco;1.5 Turbo;USI102156;OK;1,21;5;cc/min;;1;N
2026-07-31 08:34:07;Bloco;1.5;USI102170;OK;3,10;5;cc/min;;1;N
2026-07-31 08:34:24;Bloco;1.0;USI102087;OK;2,50;5;cc/min;;1;S
2026-07-31 08:34:45;Leak Zero;1.0;MON107388;OK;1,67;3;cc/min;;1;N
2026-07-31 08:34:45;Water Leak;1.0;MON109751;OK;3,35;6;cc/min;;1;N
2026-07-31 08:34:58;Bloco;1.0;USI102168;OK;2,88;5;cc/min;;1;N
2026-07-31 08:35:07;Leak Zero;1.5;MON107386;OK;1,62;3;cc/min;;1;N
2026-07-31 08:35:07;Water Leak;1.5;MON109749;OK;3,23;6;cc/min;;1;N
2026-07-31 08:35:19;Bloco;1.0;USI102141;OK;2,53;5;cc/min;;1;N
2026-07-31 08:35:19;Cabeçote;1.0;USI104898;OK;2,02;4;cc/min;;1;N
2026-07-31 08:35:23;Leak Zero;1.0;MON107381;OK;0,54;3;cc/min;;1;N
2026-07-31 08:35:23;Water Leak;1.0;MON109744;OK;1,09;6;cc/min;;1;N
2026-07-31 08:35:51;Water Leak;1.5;MON109740;OK;3,83;6;cc/min;;1;N
2026-07-31 08:35:55;Cabeçote;1.5;USI104908;OK;2,52;4;cc/min;;1;N
2026-07-31 08:35:55;Leak Zero;1.0;MON107392;OK;1,86;3;cc/min;;1;N
2026-07-31 08:35:55;Water Leak;1.0;MON109755;OK;3,71;6;cc/min;;1;N
2026-07-31 08:35:59;Cabeçote;1.5 Turbo;USI104915;OK;1,18;4;cc/min;;1;N
2026-07-31 08:36:15;Leak Zero;1.5;MON107374;OK;2,11;3;cc/min;;1;N
2026-07-31 08:36:16;Leak Zero;1.5;MON107385;OK;2,16;3;cc/min;;1;N
2026-07-31 08:36:16;Water Leak;1.5;MON109748;OK;4,32;6;cc/min;;1;N
2026-07-31 08:37:40;Cabeçote;1.5 Turbo;USI104919;OK;2,78;4;cc/min;;1;N
2026-07-31 08:38:07;Bloco;1.5;USI102149;OK;1,45;5;cc/min;;1;N
2026-07-31 08:39:30;Cabeçote;1.5 Turbo;USI104932;OK;2,37;4;cc/min;;1;N
2026-07-31 08:39:39;Bloco;1.5;USI102166;OK;1,73;5;cc/min;;1;N
2026-07-31 08:39:39;Leak Zero;1.5;MON107393;OK;1,51;3;cc/min;;1;N
2026-07-31 08:39:39;Water Leak;1.5;MON109756;OK;3,02;6;cc/min;;1;N
2026-07-31 08:39:41;Leak Zero;1.0;MON107373;OK;0,68;3;cc/min;;1;N
2026-07-31 08:39:43;Bloco;1.5 Turbo;USI102145;OK;2,56;5;cc/min;;1;N
2026-07-31 08:39:43;Cabeçote;1.5 Turbo;USI104902;OK;2,05;4;cc/min;;1;N
2026-07-31 08:39:45;Cabeçote;1.5;USI104923;OK;1,61;4;cc/min;;1;N
2026-07-31 08:40:17;Cabeçote;1.5 Turbo;USI104918;OK;2,64;4;cc/min;;1;N
2026-07-31 08:40:25;Cabeçote;1.5 Turbo;USI104931;OK;0,67;4;cc/min;;1;N
2026-07-31 08:40:49;Bloco;1.5;USI102134;OK;2,22;5;cc/min;;1;N
2026-07-31 08:41:03;Bloco;1.5;USI102165;OK;3,56;5;cc/min;;1;N
2026-07-31 08:41:33;Cabeçote;1.5 Turbo;USI104911;OK;2,40;4;cc/min;;1;N
2026-07-31 08:42:04;Bloco;1.5;USI102143;OK;2,08;5;cc/min;;1;N
2026-07-31 08:42:04;Cabeçote;1.5;USI104900;OK;1,66;4;cc/min;;1;N
2026-07-31 08:42:29;Cabeçote;1.5;USI104905;OK;2,00;4;cc/min;;1;S
2026-07-31 08:42:45;Bloco;1.0;USI102123;OK;2,86;5;cc/min;;1;N
2026-07-31 08:43:11;Bloco;1.5 Turbo;USI102137;OK;2,42;5;cc/min;;1;N
2026-07-31 08:43:21;Leak Zero;1.5 Turbo;MON107405;OK;1,90;3;cc/min;;1;N
2026-07-31 08:43:21;Water Leak;1.5 Turbo;MON109768;OK;3,81;6;cc/min;;1;N
2026-07-31 08:43:37;Cabeçote;1.5;USI104929;OK;2,02;4;cc/min;;1;N
2026-07-31 08:45:41;Leak Zero;1.0;MON107377;OK;0,92;3;cc/min;;1;N
2026-07-31 08:45:41;Leak Zero;1.0;MON107390;OK;0,61;3;cc/min;;1;N
2026-07-31 08:45:41;Water Leak;1.0;MON109753;OK;1,21;6;cc/min;;1;N
2026-07-31 08:46:04;Bloco;1.0;USI102160;OK;1,13;5;cc/min;;1;N
2026-07-31 08:46:58;Leak Zero;1.5;MON107366;OK;1,72;3;cc/min;;1;N
2026-07-31 08:47:01;Leak Zero;1.0;MON107399;OK;0,89;3;cc/min;;1;N
2026-07-31 08:47:01;Water Leak;1.0;MON109762;OK;1,79;6;cc/min;;1;N
2026-07-31 08:47:19;Leak Zero;1.0;MON107389;OK;1,47;3;cc/min;;1;N
2026-07-31 08:47:19;Water Leak;1.0;MON109752;OK;2,94;6;cc/min;;1;N
2026-07-31 08:47:24;Cabeçote;1.5;USI104933;OK;1,08;4;cc/min;;1;N
2026-07-31 08:47:56;Leak Zero;1.5;MON107375;OK;2,07;3;cc/min;;1;N
2026-07-31 08:48:14;Water Leak;1.5;MON109772;OK;3,02;6;cc/min;;1;N
2026-07-31 08:49:31;Leak Zero;1.0;MON107384;OK;1,57;3;cc/min;;1;N
2026-07-31 08:49:31;Water Leak;1.0;MON109747;OK;3,14;6;cc/min;;1;N
2026-07-31 08:50:45;Leak Zero;1.5 Turbo;MON107367;OK;2,18;3;cc/min;;1;N
2026-07-31 08:50:59;Bloco;1.5;USI102142;OK;2,82;5;cc/min;;1;N
2026-07-31 08:50:59;Cabeçote;1.5;USI104899;OK;2,25;4;cc/min;;1;N
2026-07-31 08:51:00;Bloco;1.5 Turbo;USI102136;OK;1,64;5;cc/min;;1;N
2026-07-31 08:51:21;Cabeçote;1.0;USI104921;OK;2,03;4;cc/min;;1;N
2026-07-31 08:52:02;Water Leak;1.0;MON109739;OK;2,07;6;cc/min;;1;N
2026-07-31 08:52:13;Cabeçote;1.5;USI104934;OK;0,63;4;cc/min;;1;N
2026-07-31 08:53:06;Bloco;1.5;USI102133;OK;0,86;5;cc/min;;1;N
2026-07-31 08:53:58;Cabeçote;1.0;USI104916;OK;0,77;4;cc/min;;1;N
2026-07-31 08:54:13;Bloco;1.5 Turbo;USI102164;OK;2,31;5;cc/min;;1;N
2026-07-31 08:54:13;Bloco;1.5;USI102158;OK;1,54;5;cc/min;;1;N
2026-07-31 08:54:37;Bloco;1.5;USI102124;OK;3,53;5;cc/min;;1;N
2026-07-31 08:54:55;Bloco;1.0;USI102140;OK;2,77;5;cc/min;;1;N
2026-07-31 08:54:55;Cabeçote;1.0;USI104897;OK;2,22;4;cc/min;;1;N
2026-07-31 08:55:28;Bloco;1.5 Turbo;USI102162;OK;1,62;5;cc/min;;1;N
2026-07-31 08:55:32;Leak Zero;1.5;MON107363;OK;1,77;3;cc/min;;1;N
2026-07-31 08:55:43;Bloco;1.5;USI102169;OK;3,45;5;cc/min;;1;N
2026-07-31 08:55:43;Leak Zero;1.0;MON107383;OK;1,72;3;cc/min;;1;N
2026-07-31 08:55:43;Water Leak;1.0;MON109746;OK;3,44;6;cc/min;;1;N
2026-07-31 08:56:07;Leak Zero;1.5 Turbo;MON107376;OK;1,41;3;cc/min;;1;N
2026-07-31 08:56:12;Leak Zero;1.0;MON107364;OK;2,07;3;cc/min;;1;N
2026-07-31 08:56:34;Cabeçote;1.0;USI104912;OK;2,90;4;cc/min;;1;N
2026-07-31 08:56:53;Bloco;1.5;USI102125;OK;2,04;5;cc/min;;1;N
2026-07-31 08:57:07;Water Leak;1.5 Turbo;MON109773;OK;1,29;6;cc/min;;1;N
2026-07-31 08:57:30;Bloco;1.5;USI102153;OK;2,69;5;cc/min;;1;N
2026-07-31 08:58:32;Bloco;1.5;USI102131;OK;2,95;5;cc/min;;1;N
2026-07-31 08:58:55;Cabeçote;1.0;USI104910;OK;2,39;4;cc/min;;1;N
2026-07-31 08:59:03;Bloco;1.5 Turbo;USI102155;OK;2,57;5;cc/min;;1;N
2026-07-31 08:59:27;Cabeçote;1.5;USI104887;OK;2,91;4;cc/min;;1;N
2026-07-31 08:59:35;Bloco;1.5 Turbo;USI102147;OK;3,70;5;cc/min;;1;N
2026-07-31 08:59:35;Cabeçote;1.5 Turbo;USI104904;OK;2,96;4;cc/min;;1;N
2026-07-31 09:00:27;Cabeçote;1.5;USI104883;OK;2,67;4;cc/min;;1;N
2026-07-31 09:00:58;Bloco;1.0;USI102157;OK;1,38;5;cc/min;;1;N
2026-07-31 09:01:15;Water Leak;1.0;MON109774;OK;4,19;6;cc/min;;1;N
2026-07-31 09:01:36;Leak Zero;1.5 Turbo;MON107370;OK;1,02;3;cc/min;;1;N
2026-07-31 09:02:26;Bloco;1.5 Turbo;USI102151;OK;1,54;5;cc/min;;1;N
2026-07-31 09:02:26;Bloco;1.5 Turbo;USI102152;OK;1,05;5;cc/min;;1;N
2026-07-31 09:02:37;Cabeçote;1.5;USI104892;OK;2,59;4;cc/min;;1;N
2026-07-31 09:02:48;Cabeçote;1.0;USI104925;OK;2,05;4;cc/min;;1;N
2026-07-31 09:02:54;Leak Zero;1.5;MON107368;OK;1,77;3;cc/min;;1;N
2026-07-31 09:02:57;Bloco;1.5 Turbo;USI102138;OK;2,17;5;cc/min;;1;N
2026-07-31 09:02:57;Cabeçote;1.5 Turbo;USI104895;OK;1,73;4;cc/min;;1;N
2026-07-31 09:03:01;Leak Zero;1.0;MON107407;OK;1,54;3;cc/min;;1;N
2026-07-31 09:03:01;Water Leak;1.0;MON109770;OK;3,07;6;cc/min;;1;N
2026-07-31 09:03:02;Leak Zero;1.5 Turbo;MON107371;OK;2,17;3;cc/min;;1;N
2026-07-31 09:03:21;Bloco;1.5 Turbo;USI102127;OK;3,75;5;cc/min;;1;N
2026-07-31 09:03:41;Water Leak;1.5;MON109771;OK;2,31;6;cc/min;;1;N
2026-07-31 09:03:48;Cabeçote;1.5 Turbo;USI104886;OK;1,01;4;cc/min;;1;N
2026-07-31 09:03:56;Bloco;1.5 Turbo;USI102139;OK;1,77;5;cc/min;;1;N
2026-07-31 09:03:56;Cabeçote;1.5 Turbo;USI104896;OK;1,42;4;cc/min;;1;N
2026-07-31 09:04:09;Leak Zero;1.0;MON107394;OK;0,86;3;cc/min;;1;N
2026-07-31 09:04:09;Water Leak;1.0;MON109757;OK;1,72;6;cc/min;;1;N
2026-07-31 09:04:11;Cabeçote;1.5 Turbo;USI104889;OK;0,71;4;cc/min;;1;N
2026-07-31 09:04:19;Cabeçote;1.0;USI104894;NOK;7,16;4;cc/min;Galeria de água;1;N
2026-07-31 09:04:50;Leak Zero;1.5 Turbo;MON107403;OK;1,94;3;cc/min;;1;N
2026-07-31 09:04:50;Water Leak;1.5 Turbo;MON109766;OK;3,88;6;cc/min;;1;N
2026-07-31 09:04:54;Leak Zero;1.5 Turbo;MON107395;OK;1,47;3;cc/min;;1;N
2026-07-31 09:04:54;Water Leak;1.5 Turbo;MON109758;OK;2,94;6;cc/min;;1;N
2026-07-31 09:05:51;Cabeçote;1.0;USI104920;OK;2,92;4;cc/min;;1;N
2026-07-31 09:06:29;Bloco;1.0;USI102120;OK;2,40;5;cc/min;;1;N
2026-07-31 09:07:00;Bloco;1.5;USI102161;OK;1,76;5;cc/min;;1;N
2026-07-31 09:07:05;Cabeçote;1.5 Turbo;USI104927;OK;0,95;4;cc/min;;1;N
2026-07-31 09:08:06;Leak Zero;1.5;MON107372;OK;0,90;3;cc/min;;1;N
2026-07-31 09:08:12;Leak Zero;1.5;MON107406;OK;1,49;3;cc/min;;1;N
2026-07-31 09:08:12;Water Leak;1.5;MON109769;OK;2,98;6;cc/min;;1;N
2026-07-31 09:09:04;Bloco;1.0;USI102146;OK;2,72;5;cc/min;;1;N
2026-07-31 09:09:04;Cabeçote;1.0;USI104903;OK;2,17;4;cc/min;;1;N
2026-07-31 09:09:27;Leak Zero;1.5;MON107391;OK;1,23;3;cc/min;;1;N
2026-07-31 09:09:27;Water Leak;1.5;MON109754;OK;2,45;6;cc/min;;1;N
2026-07-31 09:09:52;Bloco;1.5 Turbo;USI102135;OK;2,28;5;cc/min;;1;N
2026-07-31 09:10:32;Bloco;1.5;USI102144;OK;1,30;5;cc/min;;1;N
2026-07-31 09:10:32;Cabeçote;1.5;USI104901;OK;1,04;4;cc/min;;1;N
2026-07-31 09:11:15;Cabeçote;1.5 Turbo;USI104930;OK;2,08;4;cc/min;;1;N
2026-07-31 09:11:43;Bloco;1.0;USI102128;OK;2,91;5;cc/min;;1;N
2026-07-31 09:11:52;Bloco;1.0;USI102126;OK;3,31;5;cc/min;;1;N
2026-07-31 09:12:24;Leak Zero;1.0;MON107380;NOK;8,53;3;cc/min;Tampa de válvulas;1;N
2026-07-31 09:12:36;Leak Zero;1.5;MON107365;OK;0,83;3;cc/min;;1;N
2026-07-31 09:12:59;Leak Zero;1.5 Turbo;MON107378;OK;2,09;3;cc/min;;1;N
2026-07-31 09:13:15;Leak Zero;1.0;MON107398;OK;0,74;3;cc/min;;1;N
2026-07-31 09:13:15;Water Leak;1.0;MON109761;OK;1,48;6;cc/min;;1;N
2026-07-31 09:13:47;Water Leak;1.5 Turbo;MON109775;OK;0,95;6;cc/min;;1;N
2026-07-31 09:13:54;Water Leak;1.5 Turbo;MON109742;OK;0,92;6;cc/min;;1;N
2026-07-31 09:14:07;Cabeçote;1.0;USI104926;OK;1,73;4;cc/min;;1;N
2026-07-31 09:14:09;Bloco;1.0;USI102121;OK;3,65;5;cc/min;;1;N
2026-07-31 09:14:11;Cabeçote;1.0;USI104890;OK;1,92;4;cc/min;;1;N
2026-07-31 09:14:17;Water Leak;1.5;MON109738;OK;3,92;6;cc/min;;1;N
2026-07-31 09:14:42;Cabeçote;1.5 Turbo;USI104928;OK;2,02;4;cc/min;;1;N
2026-07-31 09:14:54;Water Leak;1.5;MON109741;OK;3,26;6;cc/min;;1;N
2026-07-31 09:14:59;Leak Zero;1.5;MON107387;OK;0,87;3;cc/min;;1;N
2026-07-31 09:14:59;Water Leak;1.5;MON109750;OK;1,73;6;cc/min;;1;N
2026-07-31 09:15:23;Leak Zero;1.5;MON107404;OK;0,71;3;cc/min;;1;N
2026-07-31 09:15:23;Water Leak;1.5;MON109767;OK;1,42;6;cc/min;;1;N
2026-07-31 09:15:39;Water Leak;1.5 Turbo;MON109737;OK;2,21;6;cc/min;;1;N
2026-07-31 09:16:18;Cabeçote;1.5 Turbo;USI104922;OK;2,02;4;cc/min;;1;N
2026-07-31 09:16:53;Cabeçote;1.5;USI104907;OK;2,54;4;cc/min;;1;N
2026-07-31 09:17:07;Bloco;1.5 Turbo;USI102154;OK;1,82;5;cc/min;;1;N
2026-07-31 09:17:51;Cabeçote;1.5;USI104893;OK;1,83;4;cc/min;;1;N
2026-07-31 09:17:55;Bloco;1.5;USI102130;OK;3,06;5;cc/min;;1;N
2026-07-31 09:18:15;Water Leak;1.5;MON109743;OK;1,98;6;cc/min;;1;N
2026-07-31 09:19:28;Leak Zero;1.5;MON107369;OK;1,09;3;cc/min;;1;N
2026-07-31 09:20:29;Leak Zero;1.5;MON107441;OK;1,15;3;cc/min;;1;N
2026-07-31 09:20:29;Water Leak;1.5;MON109804;OK;2,31;6;cc/min;;1;N
2026-07-31 09:21:00;Bloco;1.0;USI102178;OK;2,80;5;cc/min;;1;N
2026-07-31 09:21:50;Bloco;1.5;USI102175;OK;2,93;5;cc/min;;1;N
2026-07-31 09:22:16;Bloco;1.5 Turbo;USI102195;OK;2,28;5;cc/min;;1;N
2026-07-31 09:22:57;Cabeçote;1.5 Turbo;USI104949;OK;1,27;4;cc/min;;1;N
2026-07-31 09:22:57;Leak Zero;1.5 Turbo;MON107425;OK;0,95;3;cc/min;;1;N
2026-07-31 09:22:57;Water Leak;1.5 Turbo;MON109788;OK;1,90;6;cc/min;;1;N
2026-07-31 09:23:19;Leak Zero;1.5 Turbo;MON107443;OK;2,15;3;cc/min;;1;N
2026-07-31 09:23:19;Water Leak;1.5 Turbo;MON109806;OK;4,30;6;cc/min;;1;N
2026-07-31 09:23:24;Cabeçote;1.5 Turbo;USI104966;OK;2,29;4;cc/min;;1;N
2026-07-31 09:24:17;Cabeçote;1.0;USI104939;NOK;8,24;4;cc/min;Porosidade;1;N
2026-07-31 09:24:28;Cabeçote;1.5;USI104963;OK;2,75;4;cc/min;;1;N
2026-07-31 09:25:22;Cabeçote;1.0;USI104974;OK;1,95;4;cc/min;;1;N
2026-07-31 09:25:22;Water Leak;1.0;MON109815;OK;2,93;6;cc/min;;1;N
2026-07-31 09:25:29;Leak Zero;1.5 Turbo;MON107411;OK;1,95;3;cc/min;;1;N
2026-07-31 09:26:19;Cabeçote;1.0;USI104894;OK;2,00;4;cc/min;;1;S
2026-07-31 09:28:56;Bloco;1.5 Turbo;USI102171;OK;3,51;5;cc/min;;1;N
2026-07-31 09:29:49;Cabeçote;1.5;USI104982;OK;0,60;4;cc/min;;1;N
2026-07-31 09:30:20;Cabeçote;1.5 Turbo;USI104946;OK;1,96;4;cc/min;;1;N
2026-07-31 09:30:20;Leak Zero;1.5 Turbo;MON107422;OK;1,47;3;cc/min;;1;N
2026-07-31 09:30:20;Water Leak;1.5 Turbo;MON109785;OK;2,94;6;cc/min;;1;N
2026-07-31 09:31:11;Bloco;1.0;USI102206;OK;3,39;5;cc/min;;1;N
2026-07-31 09:31:39;Leak Zero;1.5 Turbo;MON107415;OK;1,99;3;cc/min;;1;N
2026-07-31 09:31:39;Water Leak;1.5 Turbo;MON109778;OK;3,99;6;cc/min;;1;N
2026-07-31 09:32:12;Bloco;1.5;USI102177;OK;2,60;5;cc/min;;1;N
2026-07-31 09:33:49;Cabeçote;1.5 Turbo;USI104978;OK;2,43;4;cc/min;;1;N
2026-07-31 09:34:05;Water Leak;1.5 Turbo;MON109812;OK;1,45;6;cc/min;;1;N
2026-07-31 09:34:11;Cabeçote;1.5 Turbo;USI104938;OK;1,63;4;cc/min;;1;N
2026-07-31 09:34:24;Leak Zero;1.0;MON107380;OK;1,50;3;cc/min;;1;S
2026-07-31 09:34:45;Cabeçote;1.0;USI104972;NOK;9,30;4;cc/min;Sede de válvula;1;N
2026-07-31 09:34:58;Cabeçote;1.0;USI104983;OK;2,31;4;cc/min;;1;N
2026-07-31 09:35:07;Cabeçote;1.5;USI104970;OK;2,16;4;cc/min;;1;N
2026-07-31 09:35:19;Leak Zero;1.0;MON107434;OK;1,52;3;cc/min;;1;N
2026-07-31 09:35:19;Water Leak;1.0;MON109797;OK;3,04;6;cc/min;;1;N
2026-07-31 09:35:23;Cabeçote;1.0;USI104965;OK;0,73;4;cc/min;;1;N
2026-07-31 09:36:15;Cabeçote;1.5;USI104958;OK;2,82;4;cc/min;;1;N
2026-07-31 09:36:16;Cabeçote;1.5;USI104969;OK;2,88;4;cc/min;;1;N
2026-07-31 09:36:50;Bloco;1.0;USI102194;OK;2,09;5;cc/min;;1;N
2026-07-31 09:38:04;Bloco;1.5;USI102198;OK;2,82;5;cc/min;;1;N
2026-07-31 09:38:07;Leak Zero;1.5;MON107442;OK;0,87;3;cc/min;;1;N
2026-07-31 09:38:07;Water Leak;1.5;MON109805;OK;1,73;6;cc/min;;1;N
2026-07-31 09:39:39;Cabeçote;1.5;USI104981;OK;1,38;4;cc/min;;1;N
2026-07-31 09:39:41;Cabeçote;1.0;USI104957;OK;0,91;4;cc/min;;1;N
2026-07-31 09:39:43;Leak Zero;1.5 Turbo;MON107438;OK;1,53;3;cc/min;;1;N
2026-07-31 09:39:43;Water Leak;1.5 Turbo;MON109801;OK;3,07;6;cc/min;;1;N
2026-07-31 09:40:36;Bloco;1.0;USI102201;OK;1,73;5;cc/min;;1;N
2026-07-31 09:40:49;Cabeçote;1.5;USI104951;OK;1,78;4;cc/min;;1;N
2026-07-31 09:40:49;Leak Zero;1.5;MON107427;OK;1,33;3;cc/min;;1;N
2026-07-31 09:40:49;Water Leak;1.5;MON109790;OK;2,67;6;cc/min;;1;N
2026-07-31 09:41:03;Cabeçote;1.5;USI104980;OK;2,85;4;cc/min;;1;N
2026-07-31 09:42:04;Leak Zero;1.5;MON107436;OK;1,25;3;cc/min;;1;N
2026-07-31 09:42:04;Water Leak;1.5;MON109799;OK;2,49;6;cc/min;;1;N
2026-07-31 09:42:45;Cabeçote;1.0;USI104940;OK;2,29;4;cc/min;;1;N
2026-07-31 09:42:45;Leak Zero;1.0;MON107416;OK;1,72;3;cc/min;;1;N
2026-07-31 09:42:45;Water Leak;1.0;MON109779;OK;3,44;6;cc/min;;1;N
2026-07-31 09:43:11;Leak Zero;1.5 Turbo;MON107430;OK;1,45;3;cc/min;;1;N
2026-07-31 09:43:11;Water Leak;1.5 Turbo;MON109793;OK;2,91;6;cc/min;;1;N
2026-07-31 09:45:41;Cabeçote;1.0;USI104961;OK;1,23;4;cc/min;;1;N
2026-07-31 09:45:53;Bloco;1.0;USI102187;OK;1,00;5;cc/min;;1;N
2026-07-31 09:46:04;Cabeçote;1.0;USI104975;OK;0,90;4;cc/min;;1;N
2026-07-31 09:46:04;Water Leak;1.0;MON109816;OK;1,36;6;cc/min;;1;N
2026-07-31 09:46:41;Bloco;1.5;USI102205;OK;2,03;5;cc/min;;1;N
2026-07-31 09:47:24;Leak Zero;1.5;MON107408;OK;0,81;3;cc/min;;1;N
2026-07-31 09:47:56;Cabeçote;1.5;USI104959;OK;2,76;4;cc/min;;1;N
2026-07-31 09:48:32;Bloco;1.5 Turbo;USI102200;OK;3,15;5;cc/min;;1;N
2026-07-31 09:49:25;Bloco;1.5 Turbo;USI102179;OK;3,43;5;cc/min;;1;N
2026-07-31 09:49:31;Cabeçote;1.0;USI104968;OK;2,09;4;cc/min;;1;N
2026-07-31 09:49:38;Bloco;1.5 Turbo;USI102196;OK;2,89;5;cc/min;;1;N
2026-07-31 09:50:41;Bloco;1.5 Turbo;USI102197;OK;3,71;5;cc/min;;1;N
2026-07-31 09:50:59;Leak Zero;1.5;MON107435;OK;1,69;3;cc/min;;1;N
2026-07-31 09:50:59;Water Leak;1.5;MON109798;OK;3,38;6;cc/min;;1;N
2026-07-31 09:51:00;Leak Zero;1.5 Turbo;MON107429;OK;0,99;3;cc/min;;1;N
2026-07-31 09:51:00;Water Leak;1.5 Turbo;MON109792;OK;1,97;6;cc/min;;1;N
2026-07-31 09:52:13;Leak Zero;1.5;MON107409;OK;0,48;3;cc/min;;1;N
2026-07-31 09:53:06;Cabeçote;1.5;USI104950;OK;0,68;4;cc/min;;1;N
2026-07-31 09:53:06;Leak Zero;1.5;MON107426;OK;0,51;3;cc/min;;1;N
2026-07-31 09:53:06;Water Leak;1.5;MON109789;OK;1,03;6;cc/min;;1;N
2026-07-31 09:53:11;Bloco;1.5;USI102182;OK;0,96;5;cc/min;;1;N
2026-07-31 09:53:35;Bloco;1.0;USI102199;OK;2,89;5;cc/min;;1;N
2026-07-31 09:54:13;Bloco;1.0;USI102191;OK;2,52;5;cc/min;;1;N
2026-07-31 09:54:13;Cabeçote;1.5 Turbo;USI104979;OK;1,85;4;cc/min;;1;N
2026-07-31 09:54:13;Cabeçote;1.5;USI104973;OK;1,23;4;cc/min;;1;N
2026-07-31 09:54:13;Water Leak;1.5;MON109814;OK;1,85;6;cc/min;;1;N
2026-07-31 09:54:37;Cabeçote;1.5;USI104941;OK;2,82;4;cc/min;;1;N
2026-07-31 09:54:37;Leak Zero;1.5;MON107417;OK;2,12;3;cc/min;;1;N
2026-07-31 09:54:37;Water Leak;1.5;MON109780;OK;4,23;6;cc/min;;1;N
2026-07-31 09:54:55;Leak Zero;1.0;MON107433;OK;1,66;3;cc/min;;1;N
2026-07-31 09:54:55;Water Leak;1.0;MON109796;OK;3,33;6;cc/min;;1;N
2026-07-31 09:55:28;Cabeçote;1.5 Turbo;USI104977;OK;1,30;4;cc/min;;1;N
2026-07-31 09:55:43;Cabeçote;1.0;USI104967;OK;2,29;4;cc/min;;1;N
2026-07-31 09:55:46;Bloco;1.5 Turbo;USI102203;OK;2,14;5;cc/min;;1;N
2026-07-31 09:55:47;Bloco;1.0;USI102172;OK;1,91;5;cc/min;;1;N
2026-07-31 09:55:47;Bloco;1.5 Turbo;USI102173;OK;3,15;5;cc/min;;1;N
2026-07-31 09:56:07;Cabeçote;1.5 Turbo;USI104960;OK;1,87;4;cc/min;;1;N
2026-07-31 09:56:19;Bloco;1.5 Turbo;USI102207;OK;0,97;5;cc/min;;1;N
2026-07-31 09:56:45;Cabeçote;1.0;USI104972;OK;2,00;4;cc/min;;1;S
2026-07-31 09:56:53;Cabeçote;1.5;USI104942;OK;1,63;4;cc/min;;1;N
2026-07-31 09:56:53;Leak Zero;1.5;MON107418;OK;1,22;3;cc/min;;1;N
2026-07-31 09:56:53;Water Leak;1.5;MON109781;OK;2,44;6;cc/min;;1;N
2026-07-31 09:57:10;Bloco;1.5;USI102174;OK;2,89;5;cc/min;;1;N
2026-07-31 09:57:30;Leak Zero;1.5;MON107446;OK;1,61;3;cc/min;;1;N
2026-07-31 09:57:30;Water Leak;1.5;MON109809;OK;3,22;6;cc/min;;1;N
2026-07-31 09:58:32;Cabeçote;1.5;USI104948;OK;2,36;4;cc/min;;1;N
2026-07-31 09:58:32;Leak Zero;1.5;MON107424;OK;1,77;3;cc/min;;1;N
2026-07-31 09:58:32;Water Leak;1.5;MON109787;OK;3,54;6;cc/min;;1;N
2026-07-31 09:59:03;Leak Zero;1.5 Turbo;MON107448;OK;1,54;3;cc/min;;1;N
2026-07-31 09:59:03;Water Leak;1.5 Turbo;MON109811;OK;3,08;6;cc/min;;1;N
2026-07-31 09:59:29;Bloco;1.5 Turbo;USI102208;OK;3,36;5;cc/min;;1;N
2026-07-31 09:59:35;Leak Zero;1.5 Turbo;MON107440;OK;2,22;3;cc/min;;1;N
2026-07-31 09:59:35;Water Leak;1.5 Turbo;MON109803;OK;4,44;6;cc/min;;1;N
2026-07-31 10:00:37;Bloco;1.0;USI102202;OK;1,55;5;cc/min;;1;N
2026-07-31 10:00:58;Water Leak;1.0;MON109813;OK;1,65;6;cc/min;;1;N
2026-07-31 10:01:15;Cabeçote;1.0;USI104935;OK;2,80;4;cc/min;;1;N
2026-07-31 10:01:31;Bloco;1.5 Turbo;USI102204;OK;2,55;5;cc/min;;1;N
2026-07-31 10:01:36;Cabeçote;1.5 Turbo;USI104954;OK;1,36;4;cc/min;;1;N
2026-07-31 10:02:26;Bloco;1.5;USI102185;OK;1,95;5;cc/min;;1;N
2026-07-31 10:02:26;Leak Zero;1.5 Turbo;MON107444;OK;0,92;3;cc/min;;1;N
2026-07-31 10:02:26;Leak Zero;1.5 Turbo;MON107445;OK;0,63;3;cc/min;;1;N
2026-07-31 10:02:26;Water Leak;1.5 Turbo;MON109807;OK;1,84;6;cc/min;;1;N
2026-07-31 10:02:26;Water Leak;1.5 Turbo;MON109808;OK;1,26;6;cc/min;;1;N
2026-07-31 10:02:57;Leak Zero;1.5 Turbo;MON107431;OK;1,30;3;cc/min;;1;N
2026-07-31 10:02:57;Water Leak;1.5 Turbo;MON109794;OK;2,60;6;cc/min;;1;N
2026-07-31 10:03:02;Cabeçote;1.5 Turbo;USI104955;OK;2,90;4;cc/min;;1;N
2026-07-31 10:03:21;Cabeçote;1.5 Turbo;USI104944;OK;3,00;4;cc/min;;1;N
2026-07-31 10:03:21;Leak Zero;1.5 Turbo;MON107420;OK;2,25;3;cc/min;;1;N
2026-07-31 10:03:21;Water Leak;1.5 Turbo;MON109783;OK;4,50;6;cc/min;;1;N
2026-07-31 10:03:25;Bloco;1.5;USI102190;OK;3,03;5;cc/min;;1;N
2026-07-31 10:03:56;Leak Zero;1.5 Turbo;MON107432;OK;1,06;3;cc/min;;1;N
2026-07-31 10:03:56;Water Leak;1.5 Turbo;MON109795;OK;2,13;6;cc/min;;1;N
2026-07-31 10:04:11;Bloco;1.5 Turbo;USI102193;OK;3,37;5;cc/min;;1;N
2026-07-31 10:04:27;Bloco;1.5;USI102176;OK;2,15;5;cc/min;;1;N
2026-07-31 10:06:23;Bloco;1.5 Turbo;USI102192;OK;2,55;5;cc/min;;1;N
2026-07-31 10:06:29;Leak Zero;1.0;MON107413;OK;1,44;3;cc/min;;1;N
2026-07-31 10:06:29;Water Leak;1.0;MON109776;OK;2,88;6;cc/min;;1;N
2026-07-31 10:07:00;Cabeçote;1.5;USI104976;OK;1,40;4;cc/min;;1;N
2026-07-31 10:07:00;Water Leak;1.5;MON109817;OK;2,11;6;cc/min;;1;N
2026-07-31 10:07:05;Cabeçote;1.5 Turbo;USI104937;OK;2,63;4;cc/min;;1;N
2026-07-31 10:08:06;Cabeçote;1.5;USI104956;OK;1,20;4;cc/min;;1;N
2026-07-31 10:08:15;Leak Zero;1.5 Turbo;MON107412;OK;2,03;3;cc/min;;1;N
2026-07-31 10:08:48;Leak Zero;1.5 Turbo;MON107410;OK;1,33;3;cc/min;;1;N
2026-07-31 10:09:04;Leak Zero;1.0;MON107439;OK;1,63;3;cc/min;;1;N
2026-07-31 10:09:04;Water Leak;1.0;MON109802;OK;3,26;6;cc/min;;1;N
2026-07-31 10:09:52;Cabeçote;1.5 Turbo;USI104952;NOK;8,06;4;cc/min;Sede de válvula;1;N
2026-07-31 10:09:52;Leak Zero;1.5 Turbo;MON107428;OK;1,37;3;cc/min;;1;N
2026-07-31 10:09:52;Water Leak;1.5 Turbo;MON109791;OK;2,73;6;cc/min;;1;N
2026-07-31 10:10:09;Bloco;1.0;USI102180;OK;3,10;5;cc/min;;1;N
2026-07-31 10:10:32;Leak Zero;1.5;MON107437;OK;0,78;3;cc/min;;1;N
2026-07-31 10:10:32;Water Leak;1.5;MON109800;OK;1,56;6;cc/min;;1;N
2026-07-31 10:11:27;Bloco;1.0;USI102188;OK;3,48;5;cc/min;;1;N
2026-07-31 10:11:38;Bloco;1.5;USI102184;OK;1,50;5;cc/min;;1;N
2026-07-31 10:11:43;Cabeçote;1.0;USI104945;OK;2,33;4;cc/min;;1;N
2026-07-31 10:11:43;Leak Zero;1.0;MON107421;OK;1,75;3;cc/min;;1;N
2026-07-31 10:11:43;Water Leak;1.0;MON109784;OK;3,50;6;cc/min;;1;N
2026-07-31 10:11:52;Cabeçote;1.0;USI104943;OK;2,65;4;cc/min;;1;N
2026-07-31 10:11:52;Leak Zero;1.0;MON107419;OK;1,99;3;cc/min;;1;N
2026-07-31 10:11:52;Water Leak;1.0;MON109782;OK;3,98;6;cc/min;;1;N
2026-07-31 10:12:24;Cabeçote;1.0;USI104964;NOK;11,37;4;cc/min;Guia de válvula;1;N
2026-07-31 10:12:56;Bloco;1.5 Turbo;USI102181;OK;1,45;5;cc/min;;1;N
2026-07-31 10:12:59;Cabeçote;1.5 Turbo;USI104962;OK;2,79;4;cc/min;;1;N
2026-07-31 10:13:47;Cabeçote;1.5 Turbo;USI104936;OK;0,64;4;cc/min;;1;N
2026-07-31 10:14:09;Leak Zero;1.0;MON107414;OK;2,19;3;cc/min;;1;N
2026-07-31 10:14:09;Water Leak;1.0;MON109777;OK;4,38;6;cc/min;;1;N
2026-07-31 10:14:59;Cabeçote;1.5;USI104971;OK;1,16;4;cc/min;;1;N
2026-07-31 10:15:45;Bloco;1.5 Turbo;USI102186;OK;2,51;5;cc/min;;1;N
2026-07-31 10:17:07;Leak Zero;1.5 Turbo;MON107447;OK;1,09;3;cc/min;;1;N
2026-07-31 10:17:07;Water Leak;1.5 Turbo;MON109810;OK;2,18;6;cc/min;;1;N
2026-07-31 10:17:55;Cabeçote;1.5;USI104947;OK;2,45;4;cc/min;;1;N
2026-07-31 10:17:55;Leak Zero;1.5;MON107423;OK;1,84;3;cc/min;;1;N
2026-07-31 10:17:55;Water Leak;1.5;MON109786;OK;3,67;6;cc/min;;1;N
2026-07-31 10:18:06;Bloco;1.5;USI102183;OK;3,40;5;cc/min;;1;N
2026-07-31 10:19:28;Cabeçote;1.5;USI104953;OK;1,46;4;cc/min;;1;N
2026-07-31 10:20:07;Bloco;1.5 Turbo;USI102189;OK;0,82;5;cc/min;;1;N
2026-07-31 10:21:00;Cabeçote;1.0;USI104993;OK;2,24;4;cc/min;;1;N
2026-07-31 10:21:00;Leak Zero;1.0;MON107471;OK;1,68;3;cc/min;;1;N
2026-07-31 10:21:00;Water Leak;1.0;MON109834;OK;3,37;6;cc/min;;1;N
2026-07-31 10:21:05;Bloco;1.5 Turbo;USI102241;OK;3,07;5;cc/min;;1;N
2026-07-31 10:21:50;Cabeçote;1.5;USI104990;OK;2,34;4;cc/min;;1;N
2026-07-31 10:21:50;Leak Zero;1.5;MON107468;OK;1,76;3;cc/min;;1;N
2026-07-31 10:21:50;Water Leak;1.5;MON109831;OK;3,51;6;cc/min;;1;N
2026-07-31 10:22:16;Water Leak;1.5 Turbo;MON109851;OK;2,73;6;cc/min;;1;N
2026-07-31 10:23:13;Bloco;1.5 Turbo;USI102248;OK;2,91;5;cc/min;;1;N
2026-07-31 10:23:24;Bloco;1.5 Turbo;USI102211;OK;2,86;5;cc/min;;1;N
2026-07-31 10:23:24;Cabeçote;1.5 Turbo;USI105025;OK;2,29;4;cc/min;;1;N
2026-07-31 10:24:28;Cabeçote;1.5;USI105022;OK;2,75;4;cc/min;;1;N
2026-07-31 10:24:30;Leak Zero;1.5 Turbo;MON107453;OK;1,03;3;cc/min;;1;N
2026-07-31 10:24:36;Leak Zero;1.5;MON107461;OK;0,58;3;cc/min;;1;N
2026-07-31 10:24:36;Water Leak;1.5;MON109824;OK;1,16;6;cc/min;;1;N
2026-07-31 10:25:28;Bloco;1.0;USI102231;OK;3,48;5;cc/min;;1;N
2026-07-31 10:26:44;Bloco;1.5;USI102239;OK;1,02;5;cc/min;;1;N
2026-07-31 10:28:46;Bloco;1.5;USI102233;OK;3,30;5;cc/min;;1;N
2026-07-31 10:28:56;Cabeçote;1.5 Turbo;USI104986;OK;2,81;4;cc/min;;1;N
2026-07-31 10:28:56;Leak Zero;1.5 Turbo;MON107464;OK;2,11;3;cc/min;;1;N
2026-07-31 10:28:56;Water Leak;1.5 Turbo;MON109827;OK;4,21;6;cc/min;;1;N
2026-07-31 10:29:23;Bloco;1.5;USI102225;NOK;8,63;5;cc/min;Galeria de água;1;N
2026-07-31 10:29:49;Bloco;1.5;USI102227;OK;0,75;5;cc/min;;1;N
2026-07-31 10:31:52;Bloco;1.5 Turbo;USI102249;OK;3,33;5;cc/min;;1;N
2026-07-31 10:32:12;Cabeçote;1.5;USI104992;OK;2,08;4;cc/min;;1;N
2026-07-31 10:32:12;Leak Zero;1.5;MON107470;OK;1,56;3;cc/min;;1;N
2026-07-31 10:32:12;Water Leak;1.5;MON109833;OK;3,12;6;cc/min;;1;N
2026-07-31 10:32:44;Bloco;1.5 Turbo;USI102252;OK;2,67;5;cc/min;;1;N
2026-07-31 10:32:55;Bloco;1.0;USI102255;OK;1,78;5;cc/min;;1;N
2026-07-31 10:34:07;Bloco;1.5;USI102230;OK;3,10;5;cc/min;;1;N
2026-07-31 10:34:24;Cabeçote;1.0;USI104964;OK;2,00;4;cc/min;;1;S
2026-07-31 10:34:36;Leak Zero;1.5;MON107452;OK;0,92;3;cc/min;;1;N
2026-07-31 10:34:45;Bloco;1.0;USI102217;OK;2,79;5;cc/min;;1;N
2026-07-31 10:34:58;Bloco;1.0;USI102228;OK;2,88;5;cc/min;;1;N
2026-07-31 10:35:07;Bloco;1.5;USI102215;OK;2,69;5;cc/min;;1;N
2026-07-31 10:35:07;Cabeçote;1.5;USI105029;OK;2,16;4;cc/min;;1;N
2026-07-31 10:35:19;Bloco;1.0;USI102262;OK;2,53;5;cc/min;;1;N
2026-07-31 10:35:23;Bloco;1.0;USI102210;OK;0,91;5;cc/min;;1;N
2026-07-31 10:35:23;Cabeçote;1.0;USI105024;OK;0,73;4;cc/min;;1;N
2026-07-31 10:35:55;Bloco;1.0;USI102221;OK;3,09;5;cc/min;;1;N
2026-07-31 10:36:15;Cabeçote;1.5;USI105017;OK;2,82;4;cc/min;;1;N
2026-07-31 10:36:16;Bloco;1.5;USI102214;OK;3,60;5;cc/min;;1;N
2026-07-31 10:36:16;Cabeçote;1.5;USI105028;OK;2,88;4;cc/min;;1;N
2026-07-31 10:36:50;Water Leak;1.0;MON109850;OK;2,51;6;cc/min;;1;N
2026-07-31 10:38:04;Water Leak;1.5;MON109854;OK;3,39;6;cc/min;;1;N
2026-07-31 10:39:18;Leak Zero;1.5;MON107450;OK;1,22;3;cc/min;;1;N
2026-07-31 10:39:39;Bloco;1.5;USI102222;OK;2,52;5;cc/min;;1;N
2026-07-31 10:39:39;Bloco;1.5;USI102226;OK;1,73;5;cc/min;;1;N
2026-07-31 10:39:41;Cabeçote;1.0;USI105016;OK;0,91;4;cc/min;;1;N
2026-07-31 10:43:42;Bloco;1.0;USI102237;OK;2,35;5;cc/min;;1;N
2026-07-31 10:45:25;Leak Zero;1.0;MON107460;OK;0,69;3;cc/min;;1;N
2026-07-31 10:45:25;Water Leak;1.0;MON109823;OK;1,37;6;cc/min;;1;N
2026-07-31 10:45:41;Bloco;1.0;USI102219;OK;1,01;5;cc/min;;1;N
2026-07-31 10:45:41;Cabeçote;1.0;USI105020;OK;1,23;4;cc/min;;1;N
2026-07-31 10:45:48;Bloco;1.5 Turbo;USI102243;OK;1,32;5;cc/min;;1;N
2026-07-31 10:45:53;Cabeçote;1.0;USI105002;OK;0,80;4;cc/min;;1;N
2026-07-31 10:45:53;Leak Zero;1.0;MON107480;OK;0,60;3;cc/min;;1;N
2026-07-31 10:45:53;Water Leak;1.0;MON109843;OK;1,20;6;cc/min;;1;N
2026-07-31 10:46:17;Leak Zero;1.0;MON107451;OK;1,93;3;cc/min;;1;N
2026-07-31 10:46:58;Cabeçote;1.5;USI105009;OK;2,30;4;cc/min;;1;N
2026-07-31 10:47:19;Bloco;1.0;USI102218;OK;2,45;5;cc/min;;1;N
2026-07-31 10:47:56;Cabeçote;1.5;USI105018;OK;2,76;4;cc/min;;1;N
2026-07-31 10:48:20;Cabeçote;1.0;USI104985;OK;2,39;4;cc/min;;1;N
2026-07-31 10:48:20;Leak Zero;1.0;MON107463;OK;1,79;3;cc/min;;1;N
2026-07-31 10:48:20;Water Leak;1.0;MON109826;OK;3,58;6;cc/min;;1;N
2026-07-31 10:48:32;Water Leak;1.5 Turbo;MON109856;OK;3,78;6;cc/min;;1;N
2026-07-31 10:49:25;Cabeçote;1.5 Turbo;USI104994;OK;2,74;4;cc/min;;1;N
2026-07-31 10:49:25;Leak Zero;1.5 Turbo;MON107472;OK;2,06;3;cc/min;;1;N
2026-07-31 10:49:25;Water Leak;1.5 Turbo;MON109835;OK;4,12;6;cc/min;;1;N
2026-07-31 10:49:31;Bloco;1.0;USI102213;OK;2,62;5;cc/min;;1;N
2026-07-31 10:49:31;Cabeçote;1.0;USI105027;OK;2,09;4;cc/min;;1;N
2026-07-31 10:49:35;Leak Zero;1.5;MON107454;OK;1,77;3;cc/min;;1;N
2026-07-31 10:49:38;Water Leak;1.5 Turbo;MON109852;OK;3,46;6;cc/min;;1;N
2026-07-31 10:50:41;Water Leak;1.5 Turbo;MON109853;OK;4,46;6;cc/min;;1;N
2026-07-31 10:50:45;Cabeçote;1.5 Turbo;USI105010;OK;2,91;4;cc/min;;1;N
2026-07-31 10:50:59;Bloco;1.5;USI102263;OK;2,82;5;cc/min;;1;N
2026-07-31 10:51:23;Bloco;1.5;USI102225;NOK;2,50;5;cc/min;;1;S
2026-07-31 10:52:10;Bloco;1.5 Turbo;USI102244;OK;1,88;5;cc/min;;1;N
2026-07-31 10:53:11;Cabeçote;1.5;USI104997;OK;0,76;4;cc/min;;1;N
2026-07-31 10:53:11;Leak Zero;1.5;MON107475;OK;0,57;3;cc/min;;1;N
2026-07-31 10:53:11;Water Leak;1.5;MON109838;OK;1,15;6;cc/min;;1;N
2026-07-31 10:53:35;Water Leak;1.0;MON109855;OK;3,47;6;cc/min;;1;N
2026-07-31 10:54:13;Cabeçote;1.0;USI105006;NOK;8,64;4;cc/min;Guia de válvula;1;N
2026-07-31 10:54:13;Water Leak;1.0;MON109847;OK;3,02;6;cc/min;;1;N
2026-07-31 10:54:51;Bloco;1.0;USI102235;OK;1,72;5;cc/min;;1;N
2026-07-31 10:54:55;Bloco;1.0;USI102261;OK;2,77;5;cc/min;;1;N
2026-07-31 10:55:30;Bloco;1.5 Turbo;USI102245;OK;2,47;5;cc/min;;1;N
2026-07-31 10:55:32;Bloco;1.0;USI102238;OK;3,18;5;cc/min;;1;N
2026-07-31 10:55:43;Bloco;1.0;USI102212;OK;2,86;5;cc/min;;1;N
2026-07-31 10:55:43;Bloco;1.5;USI102229;OK;3,45;5;cc/min;;1;N
2026-07-31 10:55:43;Cabeçote;1.0;USI105026;OK;2,29;4;cc/min;;1;N
2026-07-31 10:55:47;Cabeçote;1.0;USI104987;OK;1,53;4;cc/min;;1;N
2026-07-31 10:55:47;Cabeçote;1.5 Turbo;USI104988;OK;2,52;4;cc/min;;1;N
2026-07-31 10:55:47;Leak Zero;1.0;MON107459;OK;1,26;3;cc/min;;1;N
2026-07-31 10:55:47;Leak Zero;1.0;MON107465;OK;1,15;3;cc/min;;1;N
2026-07-31 10:55:47;Leak Zero;1.5 Turbo;MON107466;OK;1,89;3;cc/min;;1;N
2026-07-31 10:55:47;Water Leak;1.0;MON109822;OK;2,51;6;cc/min;;1;N
2026-07-31 10:55:47;Water Leak;1.0;MON109828;OK;2,29;6;cc/min;;1;N
2026-07-31 10:55:47;Water Leak;1.5 Turbo;MON109829;OK;3,78;6;cc/min;;1;N
2026-07-31 10:55:51;Leak Zero;1.0;MON107458;OK;2,04;3;cc/min;;1;N
2026-07-31 10:55:51;Water Leak;1.0;MON109821;OK;4,08;6;cc/min;;1;N
2026-07-31 10:56:07;Cabeçote;1.5 Turbo;USI105019;OK;1,87;4;cc/min;;1;N
2026-07-31 10:56:12;Cabeçote;1.0;USI105007;OK;2,76;4;cc/min;;1;N
2026-07-31 10:56:15;Bloco;1.5 Turbo;USI102246;OK;2,59;5;cc/min;;1;N
2026-07-31 10:56:19;Cabeçote;1.0;USI104984;OK;1,01;4;cc/min;;1;N
2026-07-31 10:56:19;Leak Zero;1.0;MON107462;OK;0,76;3;cc/min;;1;N
2026-07-31 10:56:19;Water Leak;1.0;MON109825;OK;1,51;6;cc/min;;1;N
2026-07-31 10:56:20;Bloco;1.5 Turbo;USI102236;OK;2,11;5;cc/min;;1;N
2026-07-31 10:57:10;Cabeçote;1.5;USI104989;OK;2,31;4;cc/min;;1;N
2026-07-31 10:57:10;Leak Zero;1.5;MON107467;OK;1,74;3;cc/min;;1;N
2026-07-31 10:57:10;Water Leak;1.5;MON109830;OK;3,47;6;cc/min;;1;N
2026-07-31 10:59:27;Bloco;1.5;USI102251;OK;3,64;5;cc/min;;1;N
2026-07-31 11:00:27;Bloco;1.5;USI102247;OK;3,33;5;cc/min;;1;N
2026-07-31 11:01:36;Cabeçote;1.5 Turbo;USI105013;OK;1,36;4;cc/min;;1;N
2026-07-31 11:02:26;Cabeçote;1.5;USI105000;OK;1,56;4;cc/min;;1;N
2026-07-31 11:02:26;Leak Zero;1.5;MON107478;OK;1,17;3;cc/min;;1;N
2026-07-31 11:02:26;Water Leak;1.5;MON109841;OK;2,33;6;cc/min;;1;N
2026-07-31 11:02:37;Bloco;1.5;USI102256;OK;3,24;5;cc/min;;1;N
2026-07-31 11:02:54;Cabeçote;1.5;USI105011;OK;2,37;4;cc/min;;1;N
2026-07-31 11:02:57;Bloco;1.5 Turbo;USI102259;OK;2,17;5;cc/min;;1;N
2026-07-31 11:03:02;Cabeçote;1.5 Turbo;USI105014;OK;2,90;4;cc/min;;1;N
2026-07-31 11:03:25;Cabeçote;1.5;USI105005;OK;2,43;4;cc/min;;1;N
2026-07-31 11:03:25;Water Leak;1.5;MON109846;OK;3,64;6;cc/min;;1;N
2026-07-31 11:03:48;Bloco;1.5 Turbo;USI102250;OK;1,26;5;cc/min;;1;N
2026-07-31 11:03:56;Bloco;1.5 Turbo;USI102260;OK;1,77;5;cc/min;;1;N
2026-07-31 11:04:09;Bloco;1.0;USI102223;OK;1,43;5;cc/min;;1;N
2026-07-31 11:04:11;Bloco;1.5 Turbo;USI102253;OK;0,89;5;cc/min;;1;N
2026-07-31 11:04:11;Water Leak;1.5 Turbo;MON109849;OK;4,05;6;cc/min;;1;N
2026-07-31 11:04:19;Bloco;1.0;USI102258;NOK;8,95;5;cc/min;Galeria de óleo;1;N
2026-07-31 11:04:27;Cabeçote;1.5;USI104991;OK;1,72;4;cc/min;;1;N
2026-07-31 11:04:27;Leak Zero;1.5;MON107469;OK;1,29;3;cc/min;;1;N
2026-07-31 11:04:27;Water Leak;1.5;MON109832;OK;2,58;6;cc/min;;1;N
2026-07-31 11:04:54;Bloco;1.5 Turbo;USI102224;OK;2,45;5;cc/min;;1;N
2026-07-31 11:06:23;Water Leak;1.5 Turbo;MON109848;OK;3,06;6;cc/min;;1;N
2026-07-31 11:08:06;Cabeçote;1.5;USI105015;OK;1,20;4;cc/min;;1;N
2026-07-31 11:08:37;Bloco;1.5;USI102234;OK;1,76;5;cc/min;;1;N
2026-07-31 11:09:27;Bloco;1.5;USI102220;OK;2,04;5;cc/min;;1;N
2026-07-31 11:09:52;Bloco;1.5;USI102232;OK;1,92;5;cc/min;;1;N
2026-07-31 11:10:09;Cabeçote;1.0;USI104995;OK;2,48;4;cc/min;;1;N
2026-07-31 11:10:09;Leak Zero;1.0;MON107473;OK;1,86;3;cc/min;;1;N
2026-07-31 11:10:09;Water Leak;1.0;MON109836;OK;3,71;6;cc/min;;1;N
2026-07-31 11:10:56;Bloco;1.5;USI102242;OK;3,45;5;cc/min;;1;N
2026-07-31 11:11:10;Leak Zero;1.0;MON107455;OK;1,79;3;cc/min;;1;N
2026-07-31 11:11:10;Water Leak;1.0;MON109818;OK;3,58;6;cc/min;;1;N
2026-07-31 11:11:27;Cabeçote;1.0;USI105003;OK;2,78;4;cc/min;;1;N
2026-07-31 11:11:27;Leak Zero;1.0;MON107481;OK;2,09;3;cc/min;;1;N
2026-07-31 11:11:27;Water Leak;1.0;MON109844;OK;4,17;6;cc/min;;1;N
2026-07-31 11:11:38;Cabeçote;1.5;USI104999;OK;1,20;4;cc/min;;1;N
2026-07-31 11:11:38;Leak Zero;1.5;MON107477;OK;0,90;3;cc/min;;1;N
2026-07-31 11:11:38;Water Leak;1.5;MON109840;OK;1,80;6;cc/min;;1;N
2026-07-31 11:12:24;Cabeçote;1.0;USI105023;NOK;11,37;4;cc/min;Guia de válvula;1;N
2026-07-31 11:12:36;Cabeçote;1.5;USI105008;OK;1,11;4;cc/min;;1;N
2026-07-31 11:12:56;Cabeçote;1.5 Turbo;USI104996;OK;1,16;4;cc/min;;1;N
2026-07-31 11:12:56;Leak Zero;1.5 Turbo;MON107474;OK;0,87;3;cc/min;;1;N
2026-07-31 11:12:56;Water Leak;1.5 Turbo;MON109837;OK;1,74;6;cc/min;;1;N
2026-07-31 11:12:59;Cabeçote;1.5 Turbo;USI105021;OK;2,79;4;cc/min;;1;N
2026-07-31 11:14:11;Bloco;1.0;USI102254;OK;2,40;5;cc/min;;1;N
2026-07-31 11:14:42;Leak Zero;1.5;MON107456;OK;0,73;3;cc/min;;1;N
2026-07-31 11:14:42;Water Leak;1.5;MON109819;OK;1,45;6;cc/min;;1;N
2026-07-31 11:14:59;Bloco;1.5;USI102216;OK;1,45;5;cc/min;;1;N
2026-07-31 11:15:05;Bloco;1.5 Turbo;USI102240;OK;3,15;5;cc/min;;1;N
2026-07-31 11:15:45;Cabeçote;1.5 Turbo;USI105001;OK;2,01;4;cc/min;;1;N
2026-07-31 11:15:45;Leak Zero;1.5 Turbo;MON107479;OK;1,51;3;cc/min;;1;N
2026-07-31 11:15:45;Water Leak;1.5 Turbo;MON109842;OK;3,02;6;cc/min;;1;N
2026-07-31 11:16:13;Cabeçote;1.0;USI105006;OK;2,00;4;cc/min;;1;S
2026-07-31 11:17:37;Leak Zero;1.5 Turbo;MON107449;OK;1,26;3;cc/min;;1;N
2026-07-31 11:17:51;Bloco;1.5;USI102257;OK;2,29;5;cc/min;;1;N
2026-07-31 11:18:06;Cabeçote;1.5;USI104998;OK;2,72;4;cc/min;;1;N
2026-07-31 11:18:06;Leak Zero;1.5;MON107476;OK;2,04;3;cc/min;;1;N
2026-07-31 11:18:06;Water Leak;1.5;MON109839;OK;4,08;6;cc/min;;1;N
2026-07-31 11:18:15;Bloco;1.5;USI102209;OK;1,65;5;cc/min;;1;N
2026-07-31 11:18:16;Leak Zero;1.5;MON107457;OK;0,59;3;cc/min;;1;N
2026-07-31 11:18:16;Water Leak;1.5;MON109820;OK;1,18;6;cc/min;;1;N
2026-07-31 11:19:28;Cabeçote;1.5;USI105012;OK;1,46;4;cc/min;;1;N
2026-07-31 11:20:07;Cabeçote;1.5 Turbo;USI105004;OK;0,66;4;cc/min;;1;N
2026-07-31 11:20:07;Leak Zero;1.5 Turbo;MON107482;OK;0,49;3;cc/min;;1;N
2026-07-31 11:20:07;Water Leak;1.5 Turbo;MON109845;OK;0,99;6;cc/min;;1;N
2026-07-31 11:20:15;Cabeçote;1.0;USI105042;OK;0,78;4;cc/min;;1;N
2026-07-31 11:20:29;Leak Zero;1.5;MON107501;OK;1,15;3;cc/min;;1;N
2026-07-31 11:21:00;Bloco;1.0;USI102299;OK;2,80;5;cc/min;;1;N
2026-07-31 11:21:50;Bloco;1.5;USI102296;OK;2,93;5;cc/min;;1;N
2026-07-31 11:22:57;Cabeçote;1.5 Turbo;USI105068;OK;1,27;4;cc/min;;1;N
2026-07-31 11:23:19;Leak Zero;1.5 Turbo;MON107503;OK;2,15;3;cc/min;;1;N
2026-07-31 11:23:24;Water Leak;1.5 Turbo;MON109867;OK;3,44;6;cc/min;;1;N
2026-07-31 11:24:28;Bloco;1.5;USI102267;OK;3,44;5;cc/min;;1;N
2026-07-31 11:24:30;Bloco;1.5 Turbo;USI102281;OK;1,72;5;cc/min;;1;N
2026-07-31 11:24:33;Water Leak;1.5 Turbo;MON109886;OK;1,74;6;cc/min;;1;N
2026-07-31 11:24:36;Bloco;1.5;USI102289;OK;0,97;5;cc/min;;1;N
2026-07-31 11:24:52;Water Leak;1.5 Turbo;MON109882;OK;2,07;6;cc/min;;1;N
2026-07-31 11:25:22;Leak Zero;1.0;MON107512;OK;1,46;3;cc/min;;1;N
2026-07-31 11:25:29;Cabeçote;1.5 Turbo;USI105054;OK;2,60;4;cc/min;;1;N
2026-07-31 11:26:19;Bloco;1.0;USI102258;OK;2,50;5;cc/min;;1;S
2026-07-31 11:27:46;Cabeçote;1.0;USI105035;OK;1,78;4;cc/min;;1;N
2026-07-31 11:27:53;Water Leak;1.5;MON109858;OK;2,75;6;cc/min;;1;N
2026-07-31 11:28:03;Water Leak;1.5 Turbo;MON109885;OK;3,03;6;cc/min;;1;N
2026-07-31 11:28:56;Bloco;1.5 Turbo;USI102292;OK;3,51;5;cc/min;;1;N
2026-07-31 11:29:20;Cabeçote;1.5;USI105031;OK;1,37;4;cc/min;;1;N
2026-07-31 11:29:23;Water Leak;1.5;MON109881;OK;2,15;6;cc/min;;1;N
2026-07-31 11:29:49;Leak Zero;1.5;MON107520;OK;0,45;3;cc/min;;1;N
2026-07-31 11:30:20;Cabeçote;1.5 Turbo;USI105065;OK;1,96;4;cc/min;;1;N
2026-07-31 11:30:23;Water Leak;1.5 Turbo;MON109887;OK;1,22;6;cc/min;;1;N
2026-07-31 11:31:39;Cabeçote;1.5 Turbo;USI105058;OK;2,66;4;cc/min;;1;N
2026-07-31 11:32:12;Bloco;1.5;USI102298;OK;2,60;5;cc/min;;1;N
2026-07-31 11:32:42;Cabeçote;1.5;USI105032;OK;1,64;4;cc/min;;1;N
2026-07-31 11:32:44;Leak Zero;1.5 Turbo;MON107484;OK;1,60;3;cc/min;;1;N
2026-07-31 11:32:55;Leak Zero;1.0;MON107487;OK;1,07;3;cc/min;;1;N
2026-07-31 11:33:49;Leak Zero;1.5 Turbo;MON107516;OK;1,82;3;cc/min;;1;N
2026-07-31 11:34:05;Leak Zero;1.5 Turbo;MON107509;OK;0,72;3;cc/min;;1;N
2026-07-31 11:34:07;Leak Zero;1.5;MON107523;OK;1,86;3;cc/min;;1;N
2026-07-31 11:34:24;Cabeçote;1.0;USI105023;OK;2,00;4;cc/min;;1;S
2026-07-31 11:34:36;Bloco;1.5;USI102280;OK;1,54;5;cc/min;;1;N
2026-07-31 11:34:45;Water Leak;1.0;MON109873;OK;3,35;6;cc/min;;1;N
2026-07-31 11:34:58;Leak Zero;1.0;MON107521;OK;1,73;3;cc/min;;1;N
2026-07-31 11:35:07;Water Leak;1.5;MON109871;OK;3,23;6;cc/min;;1;N
2026-07-31 11:35:11;Water Leak;1.5 Turbo;MON109857;OK;1,81;6;cc/min;;1;N
2026-07-31 11:35:19;Cabeçote;1.0;USI105077;OK;2,02;4;cc/min;;1;N
2026-07-31 11:35:19;Leak Zero;1.0;MON107494;OK;1,52;3;cc/min;;1;N
2026-07-31 11:35:23;Water Leak;1.0;MON109866;OK;1,09;6;cc/min;;1;N
2026-07-31 11:35:51;Water Leak;1.5;MON109862;OK;3,83;6;cc/min;;1;N
2026-07-31 11:35:55;Water Leak;1.0;MON109877;OK;3,71;6;cc/min;;1;N
2026-07-31 11:35:59;Cabeçote;1.5 Turbo;USI105033;OK;1,18;4;cc/min;;1;N
2026-07-31 11:36:16;Water Leak;1.5;MON109870;OK;4,32;6;cc/min;;1;N
2026-07-31 11:37:40;Cabeçote;1.5 Turbo;USI105037;OK;2,78;4;cc/min;;1;N
2026-07-31 11:38:07;Leak Zero;1.5;MON107502;OK;0,87;3;cc/min;;1;N
2026-07-31 11:39:18;Bloco;1.5;USI102278;OK;2,03;5;cc/min;;1;N
2026-07-31 11:39:30;Cabeçote;1.5 Turbo;USI105050;OK;2,37;4;cc/min;;1;N
2026-07-31 11:39:39;Leak Zero;1.5;MON107519;OK;1,04;3;cc/min;;1;N
2026-07-31 11:39:39;Water Leak;1.5;MON109878;OK;3,02;6;cc/min;;1;N
2026-07-31 11:39:43;Leak Zero;1.5 Turbo;MON107498;OK;1,53;3;cc/min;;1;N
2026-07-31 11:39:45;Cabeçote;1.5;USI105041;OK;1,61;4;cc/min;;1;N
2026-07-31 11:40:17;Cabeçote;1.5 Turbo;USI105036;OK;2,64;4;cc/min;;1;N
2026-07-31 11:40:25;Cabeçote;1.5 Turbo;USI105049;OK;0,67;4;cc/min;;1;N
2026-07-31 11:40:49;Cabeçote;1.5;USI105070;OK;1,78;4;cc/min;;1;N
2026-07-31 11:41:03;Leak Zero;1.5;MON107518;OK;2,13;3;cc/min;;1;N
2026-07-31 11:42:04;Cabeçote;1.5;USI105079;OK;1,66;4;cc/min;;1;N
2026-07-31 11:42:04;Leak Zero;1.5;MON107496;OK;1,25;3;cc/min;;1;N
2026-07-31 11:42:45;Cabeçote;1.0;USI105059;OK;2,29;4;cc/min;;1;N
2026-07-31 11:43:11;Cabeçote;1.5 Turbo;USI105073;OK;1,94;4;cc/min;;1;N
2026-07-31 11:43:21;Water Leak;1.5 Turbo;MON109890;OK;3,81;6;cc/min;;1;N
2026-07-31 11:43:37;Cabeçote;1.5;USI105047;OK;2,02;4;cc/min;;1;N
2026-07-31 11:45:25;Bloco;1.0;USI102288;OK;1,14;5;cc/min;;1;N
2026-07-31 11:45:41;Bloco;1.0;USI102265;OK;1,53;5;cc/min;;1;N
2026-07-31 11:45:41;Water Leak;1.0;MON109875;OK;1,21;6;cc/min;;1;N
2026-07-31 11:46:04;Leak Zero;1.0;MON107513;OK;0,68;3;cc/min;;1;N
2026-07-31 11:46:17;Bloco;1.0;USI102279;OK;3,21;5;cc/min;;1;N
2026-07-31 11:47:01;Water Leak;1.0;MON109884;OK;1,79;6;cc/min;;1;N
2026-07-31 11:47:19;Water Leak;1.0;MON109874;OK;2,94;6;cc/min;;1;N
2026-07-31 11:47:24;Cabeçote;1.5;USI105051;OK;1,08;4;cc/min;;1;N
2026-07-31 11:48:20;Bloco;1.0;USI102291;OK;2,98;5;cc/min;;1;N
2026-07-31 11:49:25;Bloco;1.5 Turbo;USI102300;OK;3,43;5;cc/min;;1;N
2026-07-31 11:49:31;Water Leak;1.0;MON109869;OK;3,14;6;cc/min;;1;N
2026-07-31 11:49:35;Bloco;1.5;USI102282;OK;2,95;5;cc/min;;1;N
2026-07-31 11:50:59;Cabeçote;1.5;USI105078;OK;2,25;4;cc/min;;1;N
2026-07-31 11:50:59;Leak Zero;1.5;MON107495;OK;1,69;3;cc/min;;1;N
2026-07-31 11:51:00;Cabeçote;1.5 Turbo;USI105072;OK;1,32;4;cc/min;;1;N
2026-07-31 11:51:21;Cabeçote;1.0;USI105039;OK;2,03;4;cc/min;;1;N
2026-07-31 11:52:02;Water Leak;1.0;MON109861;OK;2,07;6;cc/min;;1;N
2026-07-31 11:52:13;Cabeçote;1.5;USI105052;OK;0,63;4;cc/min;;1;N
2026-07-31 11:53:06;Cabeçote;1.5;USI105069;OK;0,68;4;cc/min;;1;N
2026-07-31 11:53:11;Bloco;1.5;USI102303;OK;0,96;5;cc/min;;1;N
2026-07-31 11:53:58;Cabeçote;1.0;USI105034;OK;0,77;4;cc/min;;1;N
2026-07-31 11:54:13;Leak Zero;1.5 Turbo;MON107517;OK;1,39;3;cc/min;;1;N
2026-07-31 11:54:13;Leak Zero;1.5;MON107511;OK;0,92;3;cc/min;;1;N
2026-07-31 11:54:37;Cabeçote;1.5;USI105060;OK;2,82;4;cc/min;;1;N
2026-07-31 11:54:44;Bloco;1.5 Turbo;USI102274;OK;1,50;5;cc/min;;1;N
2026-07-31 11:54:55;Cabeçote;1.0;USI105076;OK;2,22;4;cc/min;;1;N
2026-07-31 11:54:55;Leak Zero;1.0;MON107493;OK;1,66;3;cc/min;;1;N
2026-07-31 11:55:28;Leak Zero;1.5 Turbo;MON107515;OK;0,97;3;cc/min;;1;N
2026-07-31 11:55:43;Leak Zero;1.5;MON107522;OK;2,07;3;cc/min;;1;N
2026-07-31 11:55:43;Water Leak;1.0;MON109868;OK;3,44;6;cc/min;;1;N
2026-07-31 11:55:47;Bloco;1.0;USI102287;OK;2,09;5;cc/min;;1;N
2026-07-31 11:55:47;Bloco;1.0;USI102293;OK;1,91;5;cc/min;;1;N
2026-07-31 11:55:47;Bloco;1.5 Turbo;USI102294;OK;3,15;5;cc/min;;1;N
2026-07-31 11:55:51;Bloco;1.0;USI102286;OK;3,40;5;cc/min;;1;N
2026-07-31 11:56:07;Bloco;1.5 Turbo;USI102264;OK;2,34;5;cc/min;;1;N
2026-07-31 11:56:19;Bloco;1.0;USI102290;OK;1,26;5;cc/min;;1;N
2026-07-31 11:56:34;Cabeçote;1.0;USI105030;OK;2,90;4;cc/min;;1;N
2026-07-31 11:56:53;Cabeçote;1.5;USI105061;OK;1,63;4;cc/min;;1;N
2026-07-31 11:57:10;Bloco;1.5;USI102295;OK;2,89;5;cc/min;;1;N
2026-07-31 11:57:30;Leak Zero;1.5;MON107506;OK;1,61;3;cc/min;;1;N
2026-07-31 11:58:28;Bloco;1.0;USI102270;OK;0,91;5;cc/min;;1;N
2026-07-31 11:58:32;Cabeçote;1.5;USI105067;OK;2,36;4;cc/min;;1;N
2026-07-31 11:59:03;Leak Zero;1.5 Turbo;MON107508;OK;1,54;3;cc/min;;1;N
2026-07-31 11:59:09;Bloco;1.0;USI102269;OK;1,51;5;cc/min;;1;N
2026-07-31 11:59:27;Leak Zero;1.5;MON107483;OK;2,18;3;cc/min;;1;N
2026-07-31 11:59:35;Leak Zero;1.5 Turbo;MON107500;OK;2,22;3;cc/min;;1;N
2026-07-31 12:00:58;Leak Zero;1.0;MON107510;OK;0,83;3;cc/min;;1;N
2026-07-31 12:02:26;Bloco;1.5;USI102306;OK;1,95;5;cc/min;;1;N
2026-07-31 12:02:26;Leak Zero;1.5 Turbo;MON107504;OK;0,92;3;cc/min;;1;N
2026-07-31 12:02:26;Leak Zero;1.5 Turbo;MON107505;OK;0,63;3;cc/min;;1;N
2026-07-31 12:02:37;Leak Zero;1.5;MON107488;OK;1,94;3;cc/min;;1;N
2026-07-31 12:02:48;Cabeçote;1.0;USI105043;OK;2,05;4;cc/min;;1;N
2026-07-31 12:02:57;Cabeçote;1.5 Turbo;USI105074;OK;1,73;4;cc/min;;1;N
2026-07-31 12:02:57;Leak Zero;1.5 Turbo;MON107491;OK;1,30;3;cc/min;;1;N
2026-07-31 12:03:01;Water Leak;1.0;MON109892;OK;3,07;6;cc/min;;1;N
2026-07-31 12:03:21;Cabeçote;1.5 Turbo;USI105063;OK;3,00;4;cc/min;;1;N
2026-07-31 12:03:56;Cabeçote;1.5 Turbo;USI105075;OK;1,42;4;cc/min;;1;N
2026-07-31 12:03:56;Leak Zero;1.5 Turbo;MON107492;OK;1,06;3;cc/min;;1;N
2026-07-31 12:04:09;Water Leak;1.0;MON109879;OK;1,72;6;cc/min;;1;N
2026-07-31 12:04:11;Leak Zero;1.5 Turbo;MON107485;OK;0,53;3;cc/min;;1;N
2026-07-31 12:04:19;Leak Zero;1.0;MON107490;NOK;5,37;3;cc/min;Cárter;1;N
2026-07-31 12:04:27;Bloco;1.5;USI102297;OK;2,15;5;cc/min;;1;N
2026-07-31 12:04:50;Water Leak;1.5 Turbo;MON109888;OK;3,88;6;cc/min;;1;N
2026-07-31 12:04:54;Water Leak;1.5 Turbo;MON109880;OK;2,94;6;cc/min;;1;N
2026-07-31 12:04:56;Bloco;1.5;USI102275;OK;3,49;5;cc/min;;1;N
2026-07-31 12:05:16;Bloco;1.0;USI102276;OK;1,48;5;cc/min;;1;N
2026-07-31 12:05:51;Cabeçote;1.0;USI105038;OK;2,92;4;cc/min;;1;N
2026-07-31 12:06:29;Cabeçote;1.0;USI105056;OK;1,92;4;cc/min;;1;N
2026-07-31 12:07:00;Leak Zero;1.5;MON107514;OK;1,05;3;cc/min;;1;N
2026-07-31 12:07:05;Cabeçote;1.5 Turbo;USI105045;OK;0,95;4;cc/min;;1;N
2026-07-31 12:08:01;Bloco;1.5 Turbo;USI102271;OK;2,53;5;cc/min;;1;N
2026-07-31 12:08:06;Bloco;1.5;USI102273;OK;1,55;5;cc/min;;1;N
2026-07-31 12:08:12;Water Leak;1.5;MON109891;OK;2,98;6;cc/min;;1;N
2026-07-31 12:08:15;Cabeçote;1.5 Turbo;USI105055;OK;2,71;4;cc/min;;1;N
2026-07-31 12:08:35;Bloco;1.5 Turbo;USI102272;OK;2,22;5;cc/min;;1;N
2026-07-31 12:08:48;Cabeçote;1.5 Turbo;USI105053;OK;1,77;4;cc/min;;1;N
2026-07-31 12:09:04;Leak Zero;1.0;MON107499;OK;1,63;3;cc/min;;1;N
2026-07-31 12:09:27;Water Leak;1.5;MON109876;OK;2,45;6;cc/min;;1;N
2026-07-31 12:09:52;Cabeçote;1.5 Turbo;USI105071;OK;1,82;4;cc/min;;1;N
2026-07-31 12:10:09;Bloco;1.0;USI102301;OK;3,10;5;cc/min;;1;N
2026-07-31 12:10:32;Cabeçote;1.5;USI105080;OK;1,04;4;cc/min;;1;N
2026-07-31 12:10:32;Leak Zero;1.5;MON107497;OK;0,78;3;cc/min;;1;N
2026-07-31 12:11:10;Bloco;1.0;USI102283;OK;2,99;5;cc/min;;1;N
2026-07-31 12:11:15;Cabeçote;1.5 Turbo;USI105048;OK;2,08;4;cc/min;;1;N
2026-07-31 12:11:38;Bloco;1.5;USI102305;OK;1,50;5;cc/min;;1;N
2026-07-31 12:11:43;Cabeçote;1.0;USI105064;OK;2,33;4;cc/min;;1;N
2026-07-31 12:11:52;Cabeçote;1.0;USI105062;OK;2,65;4;cc/min;;1;N
2026-07-31 12:12:24;Bloco;1.0;USI102268;OK;3,65;5;cc/min;;1;N
2026-07-31 12:12:56;Bloco;1.5 Turbo;USI102302;OK;1,45;5;cc/min;;1;N
2026-07-31 12:12:59;Bloco;1.5 Turbo;USI102266;OK;3,49;5;cc/min;;1;N
2026-07-31 12:13:15;Water Leak;1.0;MON109883;OK;1,48;6;cc/min;;1;N
2026-07-31 12:13:54;Water Leak;1.5 Turbo;MON109864;OK;0,92;6;cc/min;;1;N
2026-07-31 12:14:07;Cabeçote;1.0;USI105044;OK;1,73;4;cc/min;;1;N
2026-07-31 12:14:09;Cabeçote;1.0;USI105057;OK;2,92;4;cc/min;;1;N
2026-07-31 12:14:11;Leak Zero;1.0;MON107486;OK;1,44;3;cc/min;;1;N
2026-07-31 12:14:17;Water Leak;1.5;MON109860;OK;3,92;6;cc/min;;1;N
2026-07-31 12:14:42;Bloco;1.5;USI102284;OK;1,21;5;cc/min;;1;N
2026-07-31 12:14:42;Cabeçote;1.5 Turbo;USI105046;OK;2,02;4;cc/min;;1;N
2026-07-31 12:14:54;Water Leak;1.5;MON109863;OK;3,26;6;cc/min;;1;N
2026-07-31 12:14:59;Water Leak;1.5;MON109872;OK;1,73;6;cc/min;;1;N
2026-07-31 12:15:23;Water Leak;1.5;MON109889;OK;1,42;6;cc/min;;1;N
2026-07-31 12:15:39;Water Leak;1.5 Turbo;MON109859;OK;2,21;6;cc/min;;1;N
2026-07-31 12:15:45;Bloco;1.5 Turbo;USI102307;OK;2,51;5;cc/min;;1;N
2026-07-31 12:16:18;Cabeçote;1.5 Turbo;USI105040;OK;2,02;4;cc/min;;1;N
2026-07-31 12:17:07;Leak Zero;1.5 Turbo;MON107507;OK;1,09;3;cc/min;;1;N
2026-07-31 12:17:37;Bloco;1.5 Turbo;USI102277;OK;2,11;5;cc/min;;1;N
2026-07-31 12:17:51;Leak Zero;1.5;MON107489;OK;1,38;3;cc/min;;1;N
2026-07-31 12:17:55;Cabeçote;1.5;USI105066;OK;2,45;4;cc/min;;1;N
2026-07-31 12:18:06;Bloco;1.5;USI102304;OK;3,40;5;cc/min;;1;N
2026-07-31 12:18:15;Water Leak;1.5;MON109865;OK;1,98;6;cc/min;;1;N
2026-07-31 12:18:16;Bloco;1.5;USI102285;OK;0,98;5;cc/min;;1;N
2026-07-31 12:20:29;Bloco;1.5;USI102329;OK;1,92;5;cc/min;;1;N
2026-07-31 12:20:29;Water Leak;1.5;MON109926;OK;2,31;6;cc/min;;1;N
2026-07-31 12:21:00;Leak Zero;1.0;MON107531;OK;1,68;3;cc/min;;1;N
2026-07-31 12:21:05;Cabeçote;1.5 Turbo;USI105115;OK;2,45;4;cc/min;;1;N
2026-07-31 12:21:50;Leak Zero;1.5;MON107528;OK;1,76;3;cc/min;;1;N
2026-07-31 12:22:16;Leak Zero;1.5 Turbo;MON107548;OK;1,37;3;cc/min;;1;N
2026-07-31 12:22:57;Water Leak;1.5 Turbo;MON109910;OK;1,90;6;cc/min;;1;N
2026-07-31 12:23:13;Bloco;1.5 Turbo;USI102308;OK;2,91;5;cc/min;;1;N
2026-07-31 12:23:19;Bloco;1.5 Turbo;USI102331;OK;3,59;5;cc/min;;1;N
2026-07-31 12:23:19;Water Leak;1.5 Turbo;MON109928;OK;4,30;6;cc/min;;1;N
2026-07-31 12:23:24;Cabeçote;1.5 Turbo;USI105085;OK;2,29;4;cc/min;;1;N
2026-07-31 12:24:28;Cabeçote;1.5;USI105082;OK;2,75;4;cc/min;;1;N
2026-07-31 12:25:22;Bloco;1.0;USI102340;OK;2,44;5;cc/min;;1;N
2026-07-31 12:25:22;Cabeçote;1.0;USI105093;OK;1,95;4;cc/min;;1;N
2026-07-31 12:25:28;Bloco;1.0;USI102352;OK;3,48;5;cc/min;;1;N
2026-07-31 12:25:28;Cabeçote;1.0;USI105105;OK;2,78;4;cc/min;;1;N
2026-07-31 12:25:29;Water Leak;1.5 Turbo;MON109896;OK;3,90;6;cc/min;;1;N
2026-07-31 12:26:19;Leak Zero;1.0;MON107490;OK;1,50;3;cc/min;;1;S
2026-07-31 12:26:44;Cabeçote;1.5;USI105113;OK;0,81;4;cc/min;;1;N
2026-07-31 12:28:46;Cabeçote;1.5;USI105107;OK;2,64;4;cc/min;;1;N
2026-07-31 12:28:56;Leak Zero;1.5 Turbo;MON107524;OK;2,11;3;cc/min;;1;N
2026-07-31 12:29:49;Bloco;1.5;USI102348;OK;0,75;5;cc/min;;1;N
2026-07-31 12:29:49;Cabeçote;1.5;USI105101;OK;0,60;4;cc/min;;1;N
2026-07-31 12:30:20;Water Leak;1.5 Turbo;MON109907;OK;2,94;6;cc/min;;1;N
2026-07-31 12:31:39;Water Leak;1.5 Turbo;MON109900;OK;3,99;6;cc/min;;1;N
2026-07-31 12:31:52;Bloco;1.5 Turbo;USI102309;OK;3,33;5;cc/min;;1;N
2026-07-31 12:32:12;Leak Zero;1.5;MON107530;OK;1,56;3;cc/min;;1;N
2026-07-31 12:32:44;Bloco;1.5 Turbo;USI102312;OK;2,67;5;cc/min;;1;N
2026-07-31 12:32:55;Bloco;1.0;USI102315;OK;1,78;5;cc/min;;1;N
2026-07-31 12:33:49;Bloco;1.5 Turbo;USI102344;OK;3,03;5;cc/min;;1;N
2026-07-31 12:33:49;Cabeçote;1.5 Turbo;USI105097;OK;2,43;4;cc/min;;1;N
2026-07-31 12:34:05;Bloco;1.5 Turbo;USI102337;OK;1,21;5;cc/min;;1;N
2026-07-31 12:34:07;Bloco;1.5;USI102351;OK;3,10;5;cc/min;;1;N
2026-07-31 12:34:07;Cabeçote;1.5;USI105104;OK;2,48;4;cc/min;;1;N
2026-07-31 12:34:45;Cabeçote;1.0;USI105091;NOK;9,30;4;cc/min;Sede de válvula;1;N
2026-07-31 12:34:58;Bloco;1.0;USI102349;OK;2,88;5;cc/min;;1;N
2026-07-31 12:34:58;Cabeçote;1.0;USI105102;OK;2,31;4;cc/min;;1;N
2026-07-31 12:35:07;Cabeçote;1.5;USI105089;OK;2,16;4;cc/min;;1;N
2026-07-31 12:35:19;Bloco;1.0;USI102322;OK;2,53;5;cc/min;;1;N
2026-07-31 12:35:19;Water Leak;1.0;MON109919;OK;3,04;6;cc/min;;1;N
2026-07-31 12:35:23;Cabeçote;1.0;USI105084;OK;0,73;4;cc/min;;1;N
2026-07-31 12:36:16;Cabeçote;1.5;USI105088;OK;2,88;4;cc/min;;1;N
2026-07-31 12:36:50;Leak Zero;1.0;MON107547;OK;1,25;3;cc/min;;1;N
2026-07-31 12:38:04;Leak Zero;1.5;MON107551;OK;1,69;3;cc/min;;1;N
2026-07-31 12:38:07;Bloco;1.5;USI102330;OK;1,45;5;cc/min;;1;N
2026-07-31 12:38:07;Water Leak;1.5;MON109927;OK;1,73;6;cc/min;;1;N
2026-07-31 12:39:39;Bloco;1.5;USI102347;OK;1,73;5;cc/min;;1;N
2026-07-31 12:39:39;Cabeçote;1.5;USI105100;OK;1,38;4;cc/min;;1;N
2026-07-31 12:39:43;Bloco;1.5 Turbo;USI102326;OK;2,56;5;cc/min;;1;N
2026-07-31 12:39:43;Water Leak;1.5 Turbo;MON109923;OK;3,07;6;cc/min;;1;N
2026-07-31 12:40:36;Leak Zero;1.0;MON107554;OK;1,04;3;cc/min;;1;N
2026-07-31 12:40:49;Water Leak;1.5;MON109912;OK;2,67;6;cc/min;;1;N
2026-07-31 12:41:03;Bloco;1.5;USI102346;OK;3,56;5;cc/min;;1;N
2026-07-31 12:41:03;Cabeçote;1.5;USI105099;OK;2,85;4;cc/min;;1;N
2026-07-31 12:42:04;Bloco;1.5;USI102324;OK;2,08;5;cc/min;;1;N
2026-07-31 12:42:04;Water Leak;1.5;MON109921;OK;2,49;6;cc/min;;1;N
2026-07-31 12:42:45;Water Leak;1.0;MON109901;OK;3,44;6;cc/min;;1;N
2026-07-31 12:43:11;Water Leak;1.5 Turbo;MON109915;OK;2,91;6;cc/min;;1;N
2026-07-31 12:43:42;Cabeçote;1.0;USI105111;OK;1,88;4;cc/min;;1;N
2026-07-31 12:45:48;Cabeçote;1.5 Turbo;USI105117;OK;1,06;4;cc/min;;1;N
2026-07-31 12:45:53;Leak Zero;1.0;MON107540;OK;0,60;3;cc/min;;1;N
2026-07-31 12:46:04;Bloco;1.0;USI102341;OK;1,13;5;cc/min;;1;N
2026-07-31 12:46:04;Cabeçote;1.0;USI105094;OK;0,90;4;cc/min;;1;N
2026-07-31 12:47:24;Water Leak;1.5;MON109893;OK;1,62;6;cc/min;;1;N
2026-07-31 12:48:32;Leak Zero;1.5 Turbo;MON107553;OK;1,89;3;cc/min;;1;N
2026-07-31 12:49:25;Leak Zero;1.5 Turbo;MON107532;OK;2,06;3;cc/min;;1;N
2026-07-31 12:49:31;Cabeçote;1.0;USI105087;OK;2,09;4;cc/min;;1;N
2026-07-31 12:49:38;Leak Zero;1.5 Turbo;MON107549;OK;1,73;3;cc/min;;1;N
2026-07-31 12:50:41;Leak Zero;1.5 Turbo;MON107550;OK;2,23;3;cc/min;;1;N
2026-07-31 12:50:59;Bloco;1.5;USI102323;OK;2,82;5;cc/min;;1;N
2026-07-31 12:50:59;Water Leak;1.5;MON109920;OK;3,38;6;cc/min;;1;N
2026-07-31 12:51:00;Water Leak;1.5 Turbo;MON109914;OK;1,97;6;cc/min;;1;N
2026-07-31 12:52:10;Cabeçote;1.5 Turbo;USI105118;OK;1,50;4;cc/min;;1;N
2026-07-31 12:52:13;Water Leak;1.5;MON109894;OK;0,95;6;cc/min;;1;N
2026-07-31 12:53:06;Water Leak;1.5;MON109911;OK;1,03;6;cc/min;;1;N
2026-07-31 12:53:11;Leak Zero;1.5;MON107535;OK;0,57;3;cc/min;;1;N
2026-07-31 12:53:35;Leak Zero;1.0;MON107552;OK;1,74;3;cc/min;;1;N
2026-07-31 12:54:13;Bloco;1.5 Turbo;USI102345;OK;2,31;5;cc/min;;1;N
2026-07-31 12:54:13;Bloco;1.5;USI102339;OK;1,54;5;cc/min;;1;N
2026-07-31 12:54:13;Cabeçote;1.5 Turbo;USI105098;OK;1,85;4;cc/min;;1;N
2026-07-31 12:54:13;Cabeçote;1.5;USI105092;OK;1,23;4;cc/min;;1;N
2026-07-31 12:54:13;Leak Zero;1.0;MON107544;OK;1,51;3;cc/min;;1;N
2026-07-31 12:54:37;Water Leak;1.5;MON109902;OK;4,23;6;cc/min;;1;N
2026-07-31 12:54:51;Cabeçote;1.0;USI105109;OK;1,37;4;cc/min;;1;N
2026-07-31 12:54:55;Bloco;1.0;USI102321;OK;2,77;5;cc/min;;1;N
2026-07-31 12:54:55;Water Leak;1.0;MON109918;OK;3,33;6;cc/min;;1;N
2026-07-31 12:55:28;Bloco;1.5 Turbo;USI102343;OK;1,62;5;cc/min;;1;N
2026-07-31 12:55:28;Cabeçote;1.5 Turbo;USI105096;OK;1,30;4;cc/min;;1;N
2026-07-31 12:55:30;Cabeçote;1.5 Turbo;USI105119;OK;1,98;4;cc/min;;1;N
2026-07-31 12:55:32;Cabeçote;1.0;USI105112;OK;2,55;4;cc/min;;1;N
2026-07-31 12:55:43;Bloco;1.5;USI102350;OK;3,45;5;cc/min;;1;N
2026-07-31 12:55:43;Cabeçote;1.0;USI105086;OK;2,29;4;cc/min;;1;N
2026-07-31 12:55:43;Cabeçote;1.5;USI105103;OK;2,76;4;cc/min;;1;N
2026-07-31 12:55:47;Leak Zero;1.0;MON107525;OK;1,15;3;cc/min;;1;N
2026-07-31 12:55:47;Leak Zero;1.5 Turbo;MON107526;OK;1,89;3;cc/min;;1;N
2026-07-31 12:56:15;Cabeçote;1.5 Turbo;USI105120;OK;2,07;4;cc/min;;1;N
2026-07-31 12:56:20;Cabeçote;1.5 Turbo;USI105110;OK;1,69;4;cc/min;;1;N
2026-07-31 12:56:45;Cabeçote;1.0;USI105091;OK;2,00;4;cc/min;;1;S
2026-07-31 12:56:53;Water Leak;1.5;MON109903;OK;2,44;6;cc/min;;1;N
2026-07-31 12:57:10;Leak Zero;1.5;MON107527;OK;1,74;3;cc/min;;1;N
2026-07-31 12:57:30;Bloco;1.5;USI102334;OK;2,69;5;cc/min;;1;N
2026-07-31 12:57:30;Water Leak;1.5;MON109931;OK;3,22;6;cc/min;;1;N
2026-07-31 12:58:32;Water Leak;1.5;MON109909;OK;3,54;6;cc/min;;1;N
2026-07-31 12:59:03;Bloco;1.5 Turbo;USI102336;OK;2,57;5;cc/min;;1;N
2026-07-31 12:59:03;Water Leak;1.5 Turbo;MON109933;OK;3,08;6;cc/min;;1;N
2026-07-31 12:59:27;Bloco;1.5;USI102311;OK;3,64;5;cc/min;;1;N
2026-07-31 12:59:35;Bloco;1.5 Turbo;USI102328;OK;3,70;5;cc/min;;1;N
2026-07-31 12:59:35;Water Leak;1.5 Turbo;MON109925;OK;4,44;6;cc/min;;1;N
2026-07-31 13:00:27;Cabeçote;1.5;USI105121;OK;2,67;4;cc/min;;1;N
2026-07-31 13:00:37;Leak Zero;1.0;MON107555;OK;0,93;3;cc/min;;1;N
2026-07-31 13:00:58;Bloco;1.0;USI102338;OK;1,38;5;cc/min;;1;N
2026-07-31 13:02:26;Bloco;1.5 Turbo;USI102332;OK;1,54;5;cc/min;;1;N
2026-07-31 13:02:26;Bloco;1.5 Turbo;USI102333;OK;1,05;5;cc/min;;1;N
2026-07-31 13:02:26;Leak Zero;1.5;MON107538;OK;1,17;3;cc/min;;1;N
2026-07-31 13:02:26;Water Leak;1.5 Turbo;MON109929;OK;1,84;6;cc/min;;1;N
2026-07-31 13:02:26;Water Leak;1.5 Turbo;MON109930;OK;1,26;6;cc/min;;1;N
2026-07-31 13:02:37;Bloco;1.5;USI102316;OK;3,24;5;cc/min;;1;N
2026-07-31 13:02:57;Bloco;1.5 Turbo;USI102319;OK;2,17;5;cc/min;;1;N
2026-07-31 13:02:57;Water Leak;1.5 Turbo;MON109916;OK;2,60;6;cc/min;;1;N
2026-07-31 13:03:21;Water Leak;1.5 Turbo;MON109905;OK;4,50;6;cc/min;;1;N
2026-07-31 13:03:25;Leak Zero;1.5;MON107543;OK;1,82;3;cc/min;;1;N
2026-07-31 13:03:48;Bloco;1.5 Turbo;USI102310;OK;1,26;5;cc/min;;1;N
2026-07-31 13:03:56;Bloco;1.5 Turbo;USI102320;OK;1,77;5;cc/min;;1;N
2026-07-31 13:03:56;Water Leak;1.5 Turbo;MON109917;OK;2,13;6;cc/min;;1;N
2026-07-31 13:04:11;Bloco;1.5 Turbo;USI102313;OK;0,89;5;cc/min;;1;N
2026-07-31 13:04:11;Leak Zero;1.5 Turbo;MON107546;OK;2,02;3;cc/min;;1;N
2026-07-31 13:04:19;Bloco;1.0;USI102318;NOK;8,95;5;cc/min;Galeria de óleo;1;N
2026-07-31 13:04:27;Leak Zero;1.5;MON107529;OK;1,29;3;cc/min;;1;N
2026-07-31 13:06:23;Leak Zero;1.5 Turbo;MON107545;OK;1,53;3;cc/min;;1;N
2026-07-31 13:06:29;Water Leak;1.0;MON109898;OK;2,88;6;cc/min;;1;N
2026-07-31 13:07:00;Bloco;1.5;USI102342;OK;1,76;5;cc/min;;1;N
2026-07-31 13:07:00;Cabeçote;1.5;USI105095;OK;1,40;4;cc/min;;1;N
2026-07-31 13:08:15;Water Leak;1.5 Turbo;MON109897;OK;4,07;6;cc/min;;1;N
2026-07-31 13:08:37;Cabeçote;1.5;USI105108;OK;1,41;4;cc/min;;1;N
2026-07-31 13:08:48;Water Leak;1.5 Turbo;MON109895;OK;2,66;6;cc/min;;1;N
2026-07-31 13:09:04;Bloco;1.0;USI102327;OK;2,72;5;cc/min;;1;N
2026-07-31 13:09:04;Water Leak;1.0;MON109924;OK;3,26;6;cc/min;;1;N
2026-07-31 13:09:52;Cabeçote;1.5;USI105106;OK;1,54;4;cc/min;;1;N
2026-07-31 13:09:52;Water Leak;1.5 Turbo;MON109913;OK;2,73;6;cc/min;;1;N
2026-07-31 13:10:09;Leak Zero;1.0;MON107533;OK;1,86;3;cc/min;;1;N
2026-07-31 13:10:32;Bloco;1.5;USI102325;OK;1,30;5;cc/min;;1;N
2026-07-31 13:10:32;Water Leak;1.5;MON109922;OK;1,56;6;cc/min;;1;N
2026-07-31 13:10:56;Cabeçote;1.5;USI105116;OK;2,76;4;cc/min;;1;N
2026-07-31 13:11:27;Leak Zero;1.0;MON107541;OK;2,09;3;cc/min;;1;N
2026-07-31 13:11:38;Leak Zero;1.5;MON107537;OK;0,90;3;cc/min;;1;N
2026-07-31 13:11:43;Water Leak;1.0;MON109906;OK;3,50;6;cc/min;;1;N
2026-07-31 13:11:52;Water Leak;1.0;MON109904;OK;3,98;6;cc/min;;1;N
2026-07-31 13:12:24;Cabeçote;1.0;USI105083;NOK;11,37;4;cc/min;Guia de válvula;1;N
2026-07-31 13:12:56;Leak Zero;1.5 Turbo;MON107534;OK;0,87;3;cc/min;;1;N
2026-07-31 13:12:59;Cabeçote;1.5 Turbo;USI105081;OK;2,79;4;cc/min;;1;N
2026-07-31 13:14:09;Water Leak;1.0;MON109899;OK;4,38;6;cc/min;;1;N
2026-07-31 13:14:11;Bloco;1.0;USI102314;OK;2,40;5;cc/min;;1;N
2026-07-31 13:14:59;Cabeçote;1.5;USI105090;OK;1,16;4;cc/min;;1;N
2026-07-31 13:15:05;Cabeçote;1.5 Turbo;USI105114;OK;2,52;4;cc/min;;1;N
2026-07-31 13:15:45;Leak Zero;1.5 Turbo;MON107539;OK;1,51;3;cc/min;;1;N
2026-07-31 13:17:07;Bloco;1.5 Turbo;USI102335;OK;1,82;5;cc/min;;1;N
2026-07-31 13:17:07;Water Leak;1.5 Turbo;MON109932;OK;2,18;6;cc/min;;1;N
2026-07-31 13:17:51;Bloco;1.5;USI102317;OK;2,29;5;cc/min;;1;N
2026-07-31 13:17:55;Water Leak;1.5;MON109908;OK;3,67;6;cc/min;;1;N
2026-07-31 13:18:06;Leak Zero;1.5;MON107536;OK;2,04;3;cc/min;;1;N
2026-07-31 13:20:07;Leak Zero;1.5 Turbo;MON107542;OK;0,49;3;cc/min;;1;N
2026-07-31 13:21:00;Bloco;1.0;USI102359;OK;2,80;5;cc/min;;1;N
2026-07-31 13:21:00;Water Leak;1.0;MON109956;OK;3,37;6;cc/min;;1;N
2026-07-31 13:21:50;Bloco;1.5;USI102356;OK;2,93;5;cc/min;;1;N
2026-07-31 13:21:50;Water Leak;1.5;MON109953;OK;3,51;6;cc/min;;1;N
2026-07-31 13:22:16;Bloco;1.5 Turbo;USI102376;OK;2,28;5;cc/min;;1;N
2026-07-31 13:23:24;Cabeçote;1.5 Turbo;USI105144;OK;2,29;4;cc/min;;1;N
2026-07-31 13:23:24;Leak Zero;1.5 Turbo;MON107564;OK;1,72;3;cc/min;;1;N
2026-07-31 13:24:28;Cabeçote;1.5;USI105141;OK;2,75;4;cc/min;;1;N
2026-07-31 13:24:30;Water Leak;1.5 Turbo;MON109938;OK;2,07;6;cc/min;;1;N
2026-07-31 13:24:33;Leak Zero;1.5 Turbo;MON107583;OK;0,87;3;cc/min;;1;N
2026-07-31 13:24:36;Water Leak;1.5;MON109946;OK;1,16;6;cc/min;;1;N
2026-07-31 13:24:52;Leak Zero;1.5 Turbo;MON107579;OK;1,03;3;cc/min;;1;N
2026-07-31 13:25:22;Cabeçote;1.0;USI105152;OK;1,95;4;cc/min;;1;N
2026-07-31 13:26:09;Bloco;1.0;USI102395;OK;2,48;5;cc/min;;1;N
2026-07-31 13:26:19;Bloco;1.0;USI102318;OK;2,50;5;cc/min;;1;S
2026-07-31 13:27:46;Bloco;1.0;USI102403;OK;2,22;5;cc/min;;1;N
2026-07-31 13:28:03;Leak Zero;1.5 Turbo;MON107582;OK;1,52;3;cc/min;;1;N
2026-07-31 13:28:56;Water Leak;1.5 Turbo;MON109949;OK;4,21;6;cc/min;;1;N
2026-07-31 13:29:20;Bloco;1.5;USI102399;OK;1,71;5;cc/min;;1;N
2026-07-31 13:29:23;Leak Zero;1.5;MON107578;OK;1,08;3;cc/min;;1;N
2026-07-31 13:30:23;Leak Zero;1.5 Turbo;MON107584;OK;0,61;3;cc/min;;1;N
2026-07-31 13:31:11;Bloco;1.0;USI102387;OK;3,39;5;cc/min;;1;N
2026-07-31 13:32:12;Bloco;1.5;USI102358;OK;2,60;5;cc/min;;1;N
2026-07-31 13:32:12;Water Leak;1.5;MON109955;OK;3,12;6;cc/min;;1;N
2026-07-31 13:32:42;Bloco;1.5;USI102400;OK;2,06;5;cc/min;;1;N
2026-07-31 13:33:49;Cabeçote;1.5 Turbo;USI105156;OK;2,43;4;cc/min;;1;N
2026-07-31 13:34:04;Bloco;1.0;USI102392;OK;3,14;5;cc/min;;1;N
2026-07-31 13:34:24;Cabeçote;1.0;USI105083;OK;2,00;4;cc/min;;1;S
2026-07-31 13:34:36;Water Leak;1.5;MON109937;OK;1,84;6;cc/min;;1;N
2026-07-31 13:34:45;Cabeçote;1.0;USI105150;NOK;9,30;4;cc/min;Sede de válvula;1;N
2026-07-31 13:34:45;Leak Zero;1.0;MON107570;OK;1,67;3;cc/min;;1;N
2026-07-31 13:35:07;Cabeçote;1.5;USI105148;OK;2,16;4;cc/min;;1;N
2026-07-31 13:35:07;Leak Zero;1.5;MON107568;OK;1,62;3;cc/min;;1;N
2026-07-31 13:35:23;Cabeçote;1.0;USI105143;OK;0,73;4;cc/min;;1;N
2026-07-31 13:35:23;Leak Zero;1.0;MON107563;OK;0,54;3;cc/min;;1;N
2026-07-31 13:35:51;Leak Zero;1.5;MON107559;OK;1,92;3;cc/min;;1;N
2026-07-31 13:35:55;Bloco;1.5;USI102394;OK;3,15;5;cc/min;;1;N
2026-07-31 13:35:55;Leak Zero;1.0;MON107574;OK;1,86;3;cc/min;;1;N
2026-07-31 13:35:59;Bloco;1.5 Turbo;USI102401;OK;1,47;5;cc/min;;1;N
2026-07-31 13:36:15;Cabeçote;1.5;USI105136;OK;2,82;4;cc/min;;1;N
2026-07-31 13:36:16;Cabeçote;1.5;USI105147;OK;2,88;4;cc/min;;1;N
2026-07-31 13:36:16;Leak Zero;1.5;MON107567;OK;2,16;3;cc/min;;1;N
2026-07-31 13:36:50;Bloco;1.0;USI102375;OK;2,09;5;cc/min;;1;N
2026-07-31 13:38:04;Bloco;1.5;USI102379;OK;2,82;5;cc/min;;1;N
2026-07-31 13:39:18;Water Leak;1.5;MON109935;OK;2,43;6;cc/min;;1;N
2026-07-31 13:39:39;Leak Zero;1.5;MON107575;OK;1,51;3;cc/min;;1;N
2026-07-31 13:39:41;Cabeçote;1.0;USI105135;OK;0,91;4;cc/min;;1;N
2026-07-31 13:40:17;Bloco;1.5 Turbo;USI102404;OK;3,30;5;cc/min;;1;N
2026-07-31 13:40:36;Bloco;1.0;USI102382;OK;1,73;5;cc/min;;1;N
2026-07-31 13:41:33;Bloco;1.5 Turbo;USI102397;OK;3,00;5;cc/min;;1;N
2026-07-31 13:43:21;Leak Zero;1.5 Turbo;MON107587;OK;1,90;3;cc/min;;1;N
2026-07-31 13:43:37;Bloco;1.0;USI102391;OK;2,67;5;cc/min;;1;N
2026-07-31 13:45:25;Water Leak;1.0;MON109945;OK;1,37;6;cc/min;;1;N
2026-07-31 13:45:41;Cabeçote;1.0;USI105139;OK;1,23;4;cc/min;;1;N
2026-07-31 13:45:41;Leak Zero;1.0;MON107572;OK;0,61;3;cc/min;;1;N
2026-07-31 13:45:53;Bloco;1.0;USI102368;OK;1,00;5;cc/min;;1;N
2026-07-31 13:45:53;Water Leak;1.0;MON109965;OK;1,20;6;cc/min;;1;N
2026-07-31 13:46:04;Cabeçote;1.0;USI105153;OK;0,90;4;cc/min;;1;N
2026-07-31 13:46:17;Water Leak;1.0;MON109936;OK;3,86;6;cc/min;;1;N
2026-07-31 13:46:41;Bloco;1.5;USI102386;OK;2,03;5;cc/min;;1;N
2026-07-31 13:46:58;Cabeçote;1.5;USI105128;OK;2,30;4;cc/min;;1;N
2026-07-31 13:47:01;Leak Zero;1.0;MON107581;OK;0,89;3;cc/min;;1;N
2026-07-31 13:47:19;Leak Zero;1.0;MON107571;OK;1,47;3;cc/min;;1;N
2026-07-31 13:47:56;Cabeçote;1.5;USI105137;OK;2,76;4;cc/min;;1;N
2026-07-31 13:48:14;Leak Zero;1.5;MON107591;OK;1,51;3;cc/min;;1;N
2026-07-31 13:48:20;Water Leak;1.0;MON109948;OK;3,58;6;cc/min;;1;N
2026-07-31 13:48:32;Bloco;1.5 Turbo;USI102381;OK;3,15;5;cc/min;;1;N
2026-07-31 13:49:25;Bloco;1.5 Turbo;USI102360;OK;3,43;5;cc/min;;1;N
2026-07-31 13:49:25;Water Leak;1.5 Turbo;MON109957;OK;4,12;6;cc/min;;1;N
2026-07-31 13:49:31;Cabeçote;1.0;USI105146;OK;2,09;4;cc/min;;1;N
2026-07-31 13:49:31;Leak Zero;1.0;MON107566;OK;1,57;3;cc/min;;1;N
2026-07-31 13:49:35;Water Leak;1.5;MON109939;OK;3,54;6;cc/min;;1;N
2026-07-31 13:49:38;Bloco;1.5 Turbo;USI102377;OK;2,89;5;cc/min;;1;N
2026-07-31 13:50:41;Bloco;1.5 Turbo;USI102378;OK;3,71;5;cc/min;;1;N
2026-07-31 13:50:45;Cabeçote;1.5 Turbo;USI105129;OK;2,91;4;cc/min;;1;N
2026-07-31 13:52:02;Leak Zero;1.0;MON107558;OK;1,04;3;cc/min;;1;N
2026-07-31 13:53:11;Bloco;1.5;USI102363;OK;0,96;5;cc/min;;1;N
2026-07-31 13:53:11;Water Leak;1.5;MON109960;OK;1,15;6;cc/min;;1;N
2026-07-31 13:53:35;Bloco;1.0;USI102380;OK;2,89;5;cc/min;;1;N
2026-07-31 13:53:58;Bloco;1.0;USI102402;OK;0,97;5;cc/min;;1;N
2026-07-31 13:54:13;Bloco;1.0;USI102372;OK;2,52;5;cc/min;;1;N
2026-07-31 13:54:13;Cabeçote;1.0;USI105125;NOK;8,64;4;cc/min;Guia de válvula;1;N
2026-07-31 13:54:13;Cabeçote;1.5 Turbo;USI105157;OK;1,85;4;cc/min;;1;N
2026-07-31 13:54:13;Cabeçote;1.5;USI105151;OK;1,23;4;cc/min;;1;N
2026-07-31 13:55:28;Cabeçote;1.5 Turbo;USI105155;OK;1,30;4;cc/min;;1;N
2026-07-31 13:55:43;Cabeçote;1.0;USI105145;OK;2,29;4;cc/min;;1;N
2026-07-31 13:55:43;Leak Zero;1.0;MON107565;OK;1,72;3;cc/min;;1;N
2026-07-31 13:55:46;Bloco;1.5 Turbo;USI102384;OK;2,14;5;cc/min;;1;N
2026-07-31 13:55:47;Bloco;1.0;USI102353;OK;1,91;5;cc/min;;1;N
2026-07-31 13:55:47;Bloco;1.5 Turbo;USI102354;OK;3,15;5;cc/min;;1;N
2026-07-31 13:55:47;Water Leak;1.0;MON109944;OK;2,51;6;cc/min;;1;N
2026-07-31 13:55:47;Water Leak;1.0;MON109950;OK;2,29;6;cc/min;;1;N
2026-07-31 13:55:47;Water Leak;1.5 Turbo;MON109951;OK;3,78;6;cc/min;;1;N
2026-07-31 13:55:51;Water Leak;1.0;MON109943;OK;4,08;6;cc/min;;1;N
2026-07-31 13:56:07;Cabeçote;1.5 Turbo;USI105138;OK;1,87;4;cc/min;;1;N
2026-07-31 13:56:12;Cabeçote;1.0;USI105126;OK;2,76;4;cc/min;;1;N
2026-07-31 13:56:19;Bloco;1.5 Turbo;USI102388;OK;0,97;5;cc/min;;1;N
2026-07-31 13:56:19;Water Leak;1.0;MON109947;OK;1,51;6;cc/min;;1;N
2026-07-31 13:56:34;Bloco;1.0;USI102398;OK;3,62;5;cc/min;;1;N
2026-07-31 13:56:45;Cabeçote;1.0;USI105150;OK;2,00;4;cc/min;;1;S
2026-07-31 13:57:07;Leak Zero;1.5 Turbo;MON107592;OK;0,65;3;cc/min;;1;N
2026-07-31 13:57:10;Bloco;1.5;USI102355;OK;2,89;5;cc/min;;1;N
2026-07-31 13:57:10;Water Leak;1.5;MON109952;OK;3,47;6;cc/min;;1;N
2026-07-31 13:58:55;Bloco;1.0;USI102396;OK;2,99;5;cc/min;;1;N
2026-07-31 13:59:29;Bloco;1.5 Turbo;USI102389;OK;3,36;5;cc/min;;1;N
2026-07-31 14:00:37;Bloco;1.0;USI102383;OK;1,55;5;cc/min;;1;N
2026-07-31 14:01:15;Leak Zero;1.0;MON107593;OK;2,10;3;cc/min;;1;N
2026-07-31 14:01:31;Bloco;1.5 Turbo;USI102385;OK;2,55;5;cc/min;;1;N
2026-07-31 14:01:36;Cabeçote;1.5 Turbo;USI105132;OK;1,36;4;cc/min;;1;N
2026-07-31 14:02:26;Bloco;1.5;USI102366;OK;1,95;5;cc/min;;1;N
2026-07-31 14:02:26;Water Leak;1.5;MON109963;OK;2,33;6;cc/min;;1;N
2026-07-31 14:02:54;Cabeçote;1.5;USI105130;OK;2,37;4;cc/min;;1;N
2026-07-31 14:03:01;Leak Zero;1.0;MON107589;OK;1,54;3;cc/min;;1;N
2026-07-31 14:03:02;Cabeçote;1.5 Turbo;USI105133;OK;2,90;4;cc/min;;1;N
2026-07-31 14:03:25;Bloco;1.5;USI102371;OK;3,03;5;cc/min;;1;N
2026-07-31 14:03:25;Cabeçote;1.5;USI105124;OK;2,43;4;cc/min;;1;N
2026-07-31 14:03:41;Leak Zero;1.5;MON107590;OK;1,16;3;cc/min;;1;N
2026-07-31 14:04:09;Leak Zero;1.0;MON107576;OK;0,86;3;cc/min;;1;N
2026-07-31 14:04:11;Bloco;1.5 Turbo;USI102374;OK;3,37;5;cc/min;;1;N
2026-07-31 14:04:27;Bloco;1.5;USI102357;OK;2,15;5;cc/min;;1;N
2026-07-31 14:04:27;Water Leak;1.5;MON109954;OK;2,58;6;cc/min;;1;N
2026-07-31 14:04:50;Leak Zero;1.5 Turbo;MON107585;OK;1,94;3;cc/min;;1;N
2026-07-31 14:04:54;Leak Zero;1.5 Turbo;MON107577;OK;1,47;3;cc/min;;1;N
2026-07-31 14:06:23;Bloco;1.5 Turbo;USI102373;OK;2,55;5;cc/min;;1;N
2026-07-31 14:07:00;Cabeçote;1.5;USI105154;OK;1,40;4;cc/min;;1;N
2026-07-31 14:08:06;Cabeçote;1.5;USI105134;OK;1,20;4;cc/min;;1;N
2026-07-31 14:08:12;Leak Zero;1.5;MON107588;OK;1,49;3;cc/min;;1;N
2026-07-31 14:09:27;Leak Zero;1.5;MON107573;OK;1,23;3;cc/min;;1;N
2026-07-31 14:10:09;Bloco;1.0;USI102361;OK;3,10;5;cc/min;;1;N
2026-07-31 14:10:09;Water Leak;1.0;MON109958;OK;3,71;6;cc/min;;1;N
2026-07-31 14:11:10;Water Leak;1.0;MON109940;OK;3,58;6;cc/min;;1;N
2026-07-31 14:11:27;Bloco;1.0;USI102369;OK;3,48;5;cc/min;;1;N
2026-07-31 14:11:27;Cabeçote;1.0;USI105122;OK;2,78;4;cc/min;;1;N
2026-07-31 14:11:27;Water Leak;1.0;MON109966;OK;4,17;6;cc/min;;1;N
2026-07-31 14:11:38;Bloco;1.5;USI102365;OK;1,50;5;cc/min;;1;N
2026-07-31 14:11:38;Water Leak;1.5;MON109962;OK;1,80;6;cc/min;;1;N
2026-07-31 14:12:24;Cabeçote;1.0;USI105142;NOK;11,37;4;cc/min;Guia de válvula;1;N
2026-07-31 14:12:36;Cabeçote;1.5;USI105127;OK;1,11;4;cc/min;;1;N
2026-07-31 14:12:56;Bloco;1.5 Turbo;USI102362;OK;1,45;5;cc/min;;1;N
2026-07-31 14:12:56;Water Leak;1.5 Turbo;MON109959;OK;1,74;6;cc/min;;1;N
2026-07-31 14:12:59;Cabeçote;1.5 Turbo;USI105140;OK;2,79;4;cc/min;;1;N
2026-07-31 14:13:15;Leak Zero;1.0;MON107580;OK;0,74;3;cc/min;;1;N
2026-07-31 14:13:47;Leak Zero;1.5 Turbo;MON107594;OK;0,48;3;cc/min;;1;N
2026-07-31 14:13:54;Leak Zero;1.5 Turbo;MON107561;OK;0,46;3;cc/min;;1;N
2026-07-31 14:14:17;Leak Zero;1.5;MON107557;OK;1,96;3;cc/min;;1;N
2026-07-31 14:14:42;Water Leak;1.5;MON109941;OK;1,45;6;cc/min;;1;N
2026-07-31 14:14:54;Leak Zero;1.5;MON107560;OK;1,63;3;cc/min;;1;N
2026-07-31 14:14:59;Cabeçote;1.5;USI105149;OK;1,16;4;cc/min;;1;N
2026-07-31 14:14:59;Leak Zero;1.5;MON107569;OK;0,87;3;cc/min;;1;N
2026-07-31 14:15:23;Leak Zero;1.5;MON107586;OK;0,71;3;cc/min;;1;N
2026-07-31 14:15:39;Leak Zero;1.5 Turbo;MON107556;OK;1,11;3;cc/min;;1;N
2026-07-31 14:15:45;Bloco;1.5 Turbo;USI102367;OK;2,51;5;cc/min;;1;N
2026-07-31 14:15:45;Water Leak;1.5 Turbo;MON109964;OK;3,02;6;cc/min;;1;N
2026-07-31 14:16:13;Cabeçote;1.0;USI105125;OK;2,00;4;cc/min;;1;S
2026-07-31 14:16:53;Bloco;1.5;USI102393;OK;3,17;5;cc/min;;1;N
2026-07-31 14:17:37;Water Leak;1.5 Turbo;MON109934;OK;2,53;6;cc/min;;1;N
2026-07-31 14:18:06;Bloco;1.5;USI102364;OK;3,40;5;cc/min;;1;N
2026-07-31 14:18:06;Water Leak;1.5;MON109961;OK;4,08;6;cc/min;;1;N
2026-07-31 14:18:15;Leak Zero;1.5;MON107562;OK;0,99;3;cc/min;;1;N
2026-07-31 14:18:16;Water Leak;1.5;MON109942;OK;1,18;6;cc/min;;1;N
2026-07-31 14:19:09;Bloco;1.5 Turbo;USI102390;OK;2,70;5;cc/min;;1;N
2026-07-31 14:19:28;Cabeçote;1.5;USI105131;OK;1,46;4;cc/min;;1;N
2026-07-31 14:20:07;Bloco;1.5 Turbo;USI102370;OK;0,82;5;cc/min;;2;N
2026-07-31 14:20:07;Cabeçote;1.5 Turbo;USI105123;OK;0,66;4;cc/min;;2;N
2026-07-31 14:20:07;Water Leak;1.5 Turbo;MON109967;OK;0,99;6;cc/min;;2;N
2026-07-31 14:20:29;Leak Zero;1.5;MON107623;OK;1,15;3;cc/min;;2;N
2026-07-31 14:20:29;Water Leak;1.5;MON109986;OK;2,31;6;cc/min;;2;N
2026-07-31 14:21:00;Cabeçote;1.0;USI105171;OK;2,24;4;cc/min;;2;N
2026-07-31 14:21:05;Bloco;1.5 Turbo;USI102422;OK;3,07;5;cc/min;;2;N
2026-07-31 14:21:50;Cabeçote;1.5;USI105168;OK;2,34;4;cc/min;;2;N
2026-07-31 14:22:57;Leak Zero;1.5 Turbo;MON107607;OK;0,95;3;cc/min;;2;N
2026-07-31 14:23:13;Bloco;1.5 Turbo;USI102429;OK;2,91;5;cc/min;;2;N
2026-07-31 14:23:19;Leak Zero;1.5 Turbo;MON107625;OK;2,15;3;cc/min;;2;N
2026-07-31 14:23:19;Water Leak;1.5 Turbo;MON109988;OK;4,30;6;cc/min;;2;N
2026-07-31 14:24:36;Cabeçote;1.5;USI105161;OK;0,78;4;cc/min;;2;N
2026-07-31 14:25:22;Leak Zero;1.0;MON107634;OK;1,46;3;cc/min;;2;N
2026-07-31 14:25:22;Water Leak;1.0;MON109997;OK;2,93;6;cc/min;;2;N
2026-07-31 14:25:28;Bloco;1.0;USI102412;OK;3,48;5;cc/min;;2;N
2026-07-31 14:26:44;Bloco;1.5;USI102420;OK;1,02;5;cc/min;;2;N
2026-07-31 14:28:46;Bloco;1.5;USI102414;OK;3,30;5;cc/min;;2;N
2026-07-31 14:28:56;Cabeçote;1.5 Turbo;USI105164;OK;2,81;4;cc/min;;2;N
2026-07-31 14:29:23;Bloco;1.5;USI102406;NOK;8,63;5;cc/min;Galeria de água;2;N
2026-07-31 14:29:49;Bloco;1.5;USI102408;OK;0,75;5;cc/min;;2;N
2026-07-31 14:29:49;Water Leak;1.5;MON110005;OK;0,90;6;cc/min;;2;N
2026-07-31 14:30:20;Leak Zero;1.5 Turbo;MON107604;OK;1,47;3;cc/min;;2;N
2026-07-31 14:31:39;Leak Zero;1.5 Turbo;MON107597;OK;1,99;3;cc/min;;2;N
2026-07-31 14:31:52;Bloco;1.5 Turbo;USI102430;OK;3,33;5;cc/min;;2;N
2026-07-31 14:32:12;Cabeçote;1.5;USI105170;OK;2,08;4;cc/min;;2;N
2026-07-31 14:32:44;Bloco;1.5 Turbo;USI102433;OK;2,67;5;cc/min;;2;N
2026-07-31 14:32:44;Water Leak;1.5 Turbo;MON109969;OK;3,20;6;cc/min;;2;N
2026-07-31 14:32:55;Bloco;1.0;USI102436;OK;1,78;5;cc/min;;2;N
2026-07-31 14:32:55;Water Leak;1.0;MON109972;OK;2,14;6;cc/min;;2;N
2026-07-31 14:33:49;Water Leak;1.5 Turbo;MON110001;OK;3,64;6;cc/min;;2;N
2026-07-31 14:34:05;Leak Zero;1.5 Turbo;MON107631;OK;0,72;3;cc/min;;2;N
2026-07-31 14:34:05;Water Leak;1.5 Turbo;MON109994;OK;1,45;6;cc/min;;2;N
2026-07-31 14:34:07;Bloco;1.5;USI102411;OK;3,10;5;cc/min;;2;N
2026-07-31 14:34:07;Water Leak;1.5;MON110008;OK;3,72;6;cc/min;;2;N
2026-07-31 14:34:24;Cabeçote;1.0;USI105142;OK;2,00;4;cc/min;;2;S
2026-07-31 14:34:58;Bloco;1.0;USI102409;OK;2,88;5;cc/min;;2;N
2026-07-31 14:34:58;Water Leak;1.0;MON110006;OK;3,46;6;cc/min;;2;N
2026-07-31 14:35:19;Bloco;1.0;USI102443;OK;2,53;5;cc/min;;2;N
2026-07-31 14:35:19;Leak Zero;1.0;MON107616;OK;1,52;3;cc/min;;2;N
2026-07-31 14:35:19;Water Leak;1.0;MON109979;OK;3,04;6;cc/min;;2;N
2026-07-31 14:36:15;Cabeçote;1.5;USI105195;OK;2,82;4;cc/min;;2;N
2026-07-31 14:38:07;Leak Zero;1.5;MON107624;OK;0,87;3;cc/min;;2;N
2026-07-31 14:38:07;Water Leak;1.5;MON109987;OK;1,73;6;cc/min;;2;N
2026-07-31 14:39:39;Bloco;1.5;USI102407;OK;1,73;5;cc/min;;2;N
2026-07-31 14:39:39;Water Leak;1.5;MON110004;OK;2,08;6;cc/min;;2;N
2026-07-31 14:39:41;Cabeçote;1.0;USI105194;OK;0,91;4;cc/min;;2;N
2026-07-31 14:39:43;Leak Zero;1.5 Turbo;MON107620;OK;1,53;3;cc/min;;2;N
2026-07-31 14:39:43;Water Leak;1.5 Turbo;MON109983;OK;3,07;6;cc/min;;2;N
2026-07-31 14:40:49;Leak Zero;1.5;MON107609;OK;1,33;3;cc/min;;2;N
2026-07-31 14:41:03;Water Leak;1.5;MON110003;OK;4,27;6;cc/min;;2;N
2026-07-31 14:42:04;Bloco;1.5;USI102445;OK;2,08;5;cc/min;;2;N
2026-07-31 14:42:04;Leak Zero;1.5;MON107618;OK;1,25;3;cc/min;;2;N
2026-07-31 14:42:04;Water Leak;1.5;MON109981;OK;2,49;6;cc/min;;2;N
2026-07-31 14:42:45;Leak Zero;1.0;MON107598;OK;1,72;3;cc/min;;2;N
2026-07-31 14:43:11;Leak Zero;1.5 Turbo;MON107612;OK;1,45;3;cc/min;;2;N
2026-07-31 14:43:42;Bloco;1.0;USI102418;OK;2,35;5;cc/min;;2;N
2026-07-31 14:45:25;Cabeçote;1.0;USI105160;OK;0,92;4;cc/min;;2;N
2026-07-31 14:45:41;Cabeçote;1.0;USI105198;OK;1,23;4;cc/min;;2;N
2026-07-31 14:45:48;Bloco;1.5 Turbo;USI102424;OK;1,32;5;cc/min;;2;N
2026-07-31 14:45:53;Cabeçote;1.0;USI105180;OK;0,80;4;cc/min;;2;N
2026-07-31 14:46:04;Leak Zero;1.0;MON107635;OK;0,68;3;cc/min;;2;N
2026-07-31 14:46:04;Water Leak;1.0;MON109998;OK;1,36;6;cc/min;;2;N
2026-07-31 14:46:58;Cabeçote;1.5;USI105187;OK;2,30;4;cc/min;;2;N
2026-07-31 14:47:56;Cabeçote;1.5;USI105196;OK;2,76;4;cc/min;;2;N
2026-07-31 14:48:20;Cabeçote;1.0;USI105163;OK;2,39;4;cc/min;;2;N
2026-07-31 14:49:25;Cabeçote;1.5 Turbo;USI105172;OK;2,74;4;cc/min;;2;N
2026-07-31 14:50:45;Cabeçote;1.5 Turbo;USI105188;OK;2,91;4;cc/min;;2;N
2026-07-31 14:50:59;Bloco;1.5;USI102444;OK;2,82;5;cc/min;;2;N
2026-07-31 14:50:59;Leak Zero;1.5;MON107617;OK;1,69;3;cc/min;;2;N
2026-07-31 14:50:59;Water Leak;1.5;MON109980;OK;3,38;6;cc/min;;2;N
2026-07-31 14:51:00;Leak Zero;1.5 Turbo;MON107611;OK;0,99;3;cc/min;;2;N
2026-07-31 14:51:23;Bloco;1.5;USI102406;NOK;2,50;5;cc/min;;2;S
2026-07-31 14:52:10;Bloco;1.5 Turbo;USI102425;OK;1,88;5;cc/min;;2;N
2026-07-31 14:53:06;Leak Zero;1.5;MON107608;OK;0,51;3;cc/min;;2;N
2026-07-31 14:53:11;Cabeçote;1.5;USI105175;OK;0,76;4;cc/min;;2;N
2026-07-31 14:54:13;Cabeçote;1.0;USI105184;NOK;8,64;4;cc/min;Guia de válvula;2;N
2026-07-31 14:54:13;Leak Zero;1.5;MON107633;OK;0,92;3;cc/min;;2;N
2026-07-31 14:54:13;Water Leak;1.5 Turbo;MON110002;OK;2,77;6;cc/min;;2;N
2026-07-31 14:54:13;Water Leak;1.5;MON109996;OK;1,85;6;cc/min;;2;N
2026-07-31 14:54:37;Leak Zero;1.5;MON107599;OK;2,12;3;cc/min;;2;N
2026-07-31 14:54:51;Bloco;1.0;USI102416;OK;1,72;5;cc/min;;2;N
2026-07-31 14:54:55;Bloco;1.0;USI102442;OK;2,77;5;cc/min;;2;N
2026-07-31 14:54:55;Leak Zero;1.0;MON107615;OK;1,66;3;cc/min;;2;N
2026-07-31 14:54:55;Water Leak;1.0;MON109978;OK;3,33;6;cc/min;;2;N
2026-07-31 14:55:28;Water Leak;1.5 Turbo;MON110000;OK;1,95;6;cc/min;;2;N
2026-07-31 14:55:30;Bloco;1.5 Turbo;USI102426;OK;2,47;5;cc/min;;2;N
2026-07-31 14:55:32;Bloco;1.0;USI102419;OK;3,18;5;cc/min;;2;N
2026-07-31 14:55:43;Bloco;1.5;USI102410;OK;3,45;5;cc/min;;2;N
2026-07-31 14:55:43;Water Leak;1.5;MON110007;OK;4,14;6;cc/min;;2;N
2026-07-31 14:55:47;Cabeçote;1.0;USI105159;OK;1,67;4;cc/min;;2;N
2026-07-31 14:55:47;Cabeçote;1.0;USI105165;OK;1,53;4;cc/min;;2;N
2026-07-31 14:55:47;Cabeçote;1.5 Turbo;USI105166;OK;2,52;4;cc/min;;2;N
2026-07-31 14:55:51;Cabeçote;1.0;USI105158;OK;2,72;4;cc/min;;2;N
2026-07-31 14:56:07;Cabeçote;1.5 Turbo;USI105197;OK;1,87;4;cc/min;;2;N
2026-07-31 14:56:12;Cabeçote;1.0;USI105185;OK;2,76;4;cc/min;;2;N
2026-07-31 14:56:15;Bloco;1.5 Turbo;USI102427;OK;2,59;5;cc/min;;2;N
2026-07-31 14:56:19;Cabeçote;1.0;USI105162;OK;1,01;4;cc/min;;2;N
2026-07-31 14:56:20;Bloco;1.5 Turbo;USI102417;OK;2,11;5;cc/min;;2;N
2026-07-31 14:56:53;Leak Zero;1.5;MON107600;OK;1,22;3;cc/min;;2;N
2026-07-31 14:57:10;Cabeçote;1.5;USI105167;OK;2,31;4;cc/min;;2;N
2026-07-31 14:57:30;Leak Zero;1.5;MON107628;OK;1,61;3;cc/min;;2;N
2026-07-31 14:57:30;Water Leak;1.5;MON109991;OK;3,22;6;cc/min;;2;N
2026-07-31 14:58:32;Leak Zero;1.5;MON107606;OK;1,77;3;cc/min;;2;N
2026-07-31 14:59:03;Leak Zero;1.5 Turbo;MON107630;OK;1,54;3;cc/min;;2;N
2026-07-31 14:59:03;Water Leak;1.5 Turbo;MON109993;OK;3,08;6;cc/min;;2;N
2026-07-31 14:59:27;Bloco;1.5;USI102432;OK;3,64;5;cc/min;;2;N
2026-07-31 14:59:27;Water Leak;1.5;MON109968;OK;4,36;6;cc/min;;2;N
2026-07-31 14:59:35;Leak Zero;1.5 Turbo;MON107622;OK;2,22;3;cc/min;;2;N
2026-07-31 14:59:35;Water Leak;1.5 Turbo;MON109985;OK;4,44;6;cc/min;;2;N
2026-07-31 15:00:27;Bloco;1.5;USI102428;OK;3,33;5;cc/min;;2;N
2026-07-31 15:00:58;Leak Zero;1.0;MON107632;OK;0,83;3;cc/min;;2;N
2026-07-31 15:00:58;Water Leak;1.0;MON109995;OK;1,65;6;cc/min;;2;N
2026-07-31 15:01:36;Cabeçote;1.5 Turbo;USI105191;OK;1,36;4;cc/min;;2;N
2026-07-31 15:02:26;Cabeçote;1.5;USI105178;OK;1,56;4;cc/min;;2;N
2026-07-31 15:02:26;Leak Zero;1.5 Turbo;MON107626;OK;0,92;3;cc/min;;2;N
2026-07-31 15:02:26;Leak Zero;1.5 Turbo;MON107627;OK;0,63;3;cc/min;;2;N
2026-07-31 15:02:26;Water Leak;1.5 Turbo;MON109989;OK;1,84;6;cc/min;;2;N
2026-07-31 15:02:26;Water Leak;1.5 Turbo;MON109990;OK;1,26;6;cc/min;;2;N
2026-07-31 15:02:37;Bloco;1.5;USI102437;OK;3,24;5;cc/min;;2;N
2026-07-31 15:02:37;Water Leak;1.5;MON109973;OK;3,88;6;cc/min;;2;N
2026-07-31 15:02:54;Cabeçote;1.5;USI105189;OK;2,37;4;cc/min;;2;N
2026-07-31 15:02:57;Bloco;1.5 Turbo;USI102440;OK;2,17;5;cc/min;;2;N
2026-07-31 15:02:57;Leak Zero;1.5 Turbo;MON107613;OK;1,30;3;cc/min;;2;N
2026-07-31 15:02:57;Water Leak;1.5 Turbo;MON109976;OK;2,60;6;cc/min;;2;N
2026-07-31 15:03:02;Cabeçote;1.5 Turbo;USI105192;OK;2,90;4;cc/min;;2;N
2026-07-31 15:03:21;Leak Zero;1.5 Turbo;MON107602;OK;2,25;3;cc/min;;2;N
2026-07-31 15:03:25;Cabeçote;1.5;USI105183;OK;2,43;4;cc/min;;2;N
2026-07-31 15:03:48;Bloco;1.5 Turbo;USI102431;OK;1,26;5;cc/min;;2;N
2026-07-31 15:03:56;Bloco;1.5 Turbo;USI102441;OK;1,77;5;cc/min;;2;N
2026-07-31 15:03:56;Leak Zero;1.5 Turbo;MON107614;OK;1,06;3;cc/min;;2;N
2026-07-31 15:03:56;Water Leak;1.5 Turbo;MON109977;OK;2,13;6;cc/min;;2;N
2026-07-31 15:04:11;Bloco;1.5 Turbo;USI102434;OK;0,89;5;cc/min;;2;N
2026-07-31 15:04:11;Water Leak;1.5 Turbo;MON109970;OK;1,07;6;cc/min;;2;N
2026-07-31 15:04:19;Bloco;1.0;USI102439;NOK;8,95;5;cc/min;Galeria de óleo;2;N
2026-07-31 15:04:19;Water Leak;1.0;MON109975;NOK;10,74;6;cc/min;Carcaça do termostato;2;N
2026-07-31 15:04:27;Cabeçote;1.5;USI105169;OK;1,72;4;cc/min;;2;N
2026-07-31 15:04:54;Bloco;1.5 Turbo;USI102405;OK;2,45;5;cc/min;;2;N
2026-07-31 15:06:29;Leak Zero;1.0;MON107595;OK;1,44;3;cc/min;;2;N
2026-07-31 15:07:00;Leak Zero;1.5;MON107636;OK;1,05;3;cc/min;;2;N
2026-07-31 15:07:00;Water Leak;1.5;MON109999;OK;2,11;6;cc/min;;2;N
2026-07-31 15:08:06;Cabeçote;1.5;USI105193;OK;1,20;4;cc/min;;2;N
2026-07-31 15:08:37;Bloco;1.5;USI102415;OK;1,76;5;cc/min;;2;N
2026-07-31 15:09:04;Leak Zero;1.0;MON107621;OK;1,63;3;cc/min;;2;N
2026-07-31 15:09:04;Water Leak;1.0;MON109984;OK;3,26;6;cc/min;;2;N
2026-07-31 15:09:52;Bloco;1.5;USI102413;OK;1,92;5;cc/min;;2;N
2026-07-31 15:09:52;Leak Zero;1.5 Turbo;MON107610;OK;1,37;3;cc/min;;2;N
2026-07-31 15:10:09;Cabeçote;1.0;USI105173;OK;2,48;4;cc/min;;2;N
2026-07-31 15:10:32;Bloco;1.5;USI102446;OK;1,30;5;cc/min;;2;N
2026-07-31 15:10:32;Leak Zero;1.5;MON107619;OK;0,78;3;cc/min;;2;N
2026-07-31 15:10:32;Water Leak;1.5;MON109982;OK;1,56;6;cc/min;;2;N
2026-07-31 15:10:56;Bloco;1.5;USI102423;OK;3,45;5;cc/min;;2;N
2026-07-31 15:11:27;Cabeçote;1.0;USI105181;OK;2,78;4;cc/min;;2;N
2026-07-31 15:11:38;Cabeçote;1.5;USI105177;OK;1,20;4;cc/min;;2;N
2026-07-31 15:11:43;Leak Zero;1.0;MON107603;OK;1,75;3;cc/min;;2;N
2026-07-31 15:11:52;Leak Zero;1.0;MON107601;OK;1,99;3;cc/min;;2;N
2026-07-31 15:12:36;Cabeçote;1.5;USI105186;OK;1,11;4;cc/min;;2;N
2026-07-31 15:12:56;Cabeçote;1.5 Turbo;USI105174;OK;1,16;4;cc/min;;2;N
2026-07-31 15:14:09;Leak Zero;1.0;MON107596;OK;2,19;3;cc/min;;2;N
2026-07-31 15:14:11;Bloco;1.0;USI102435;OK;2,40;5;cc/min;;2;N
2026-07-31 15:14:11;Water Leak;1.0;MON109971;OK;2,88;6;cc/min;;2;N
2026-07-31 15:15:05;Bloco;1.5 Turbo;USI102421;OK;3,15;5;cc/min;;2;N
2026-07-31 15:15:45;Cabeçote;1.5 Turbo;USI105179;OK;2,01;4;cc/min;;2;N
2026-07-31 15:16:13;Cabeçote;1.0;USI105184;OK;2,00;4;cc/min;;2;S
2026-07-31 15:17:07;Leak Zero;1.5 Turbo;MON107629;OK;1,09;3;cc/min;;2;N
2026-07-31 15:17:07;Water Leak;1.5 Turbo;MON109992;OK;2,18;6;cc/min;;2;N
2026-07-31 15:17:51;Bloco;1.5;USI102438;OK;2,29;5;cc/min;;2;N
2026-07-31 15:17:51;Water Leak;1.5;MON109974;OK;2,75;6;cc/min;;2;N
2026-07-31 15:17:55;Leak Zero;1.5;MON107605;OK;1,84;3;cc/min;;2;N
2026-07-31 15:18:06;Cabeçote;1.5;USI105176;OK;2,72;4;cc/min;;2;N
2026-07-31 15:19:28;Cabeçote;1.5;USI105190;OK;1,46;4;cc/min;;2;N
2026-07-31 15:20:07;Cabeçote;1.5 Turbo;USI105182;OK;0,66;4;cc/min;;2;N
2026-07-31 15:20:15;Cabeçote;1.0;USI105220;OK;0,78;4;cc/min;;2;N
2026-07-31 15:20:29;Cabeçote;1.5;USI105201;NOK;7,21;4;cc/min;Galeria de água;2;N
2026-07-31 15:21:00;Leak Zero;1.0;MON107653;OK;1,68;3;cc/min;;2;N
2026-07-31 15:21:00;Water Leak;1.0;MON110016;OK;3,37;6;cc/min;;2;N
2026-07-31 15:21:05;Bloco;1.5 Turbo;USI102481;OK;3,07;5;cc/min;;2;N
2026-07-31 15:21:50;Leak Zero;1.5;MON107650;OK;1,76;3;cc/min;;2;N
2026-07-31 15:21:50;Water Leak;1.5;MON110013;OK;3,51;6;cc/min;;2;N
2026-07-31 15:22:16;Leak Zero;1.5 Turbo;MON107670;OK;1,37;3;cc/min;;2;N
2026-07-31 15:22:16;Water Leak;1.5 Turbo;MON110033;OK;2,73;6;cc/min;;2;N
2026-07-31 15:22:57;Cabeçote;1.5 Turbo;USI105246;OK;1,27;4;cc/min;;2;N
2026-07-31 15:23:13;Bloco;1.5 Turbo;USI102488;OK;2,91;5;cc/min;;2;N
2026-07-31 15:23:24;Bloco;1.5 Turbo;USI102451;OK;2,86;5;cc/min;;2;N
2026-07-31 15:24:28;Bloco;1.5;USI102448;OK;3,44;5;cc/min;;2;N
2026-07-31 15:24:36;Leak Zero;1.5;MON107643;OK;0,58;3;cc/min;;2;N
2026-07-31 15:25:28;Bloco;1.0;USI102471;OK;3,48;5;cc/min;;2;N
2026-07-31 15:25:29;Cabeçote;1.5 Turbo;USI105232;OK;2,60;4;cc/min;;2;N
2026-07-31 15:26:09;Cabeçote;1.0;USI105205;OK;1,98;4;cc/min;;2;N
2026-07-31 15:26:19;Bloco;1.0;USI102439;OK;2,50;5;cc/min;;2;S
2026-07-31 15:26:19;Water Leak;1.0;MON109975;OK;3,00;6;cc/min;;2;S
2026-07-31 15:26:44;Bloco;1.5;USI102479;OK;1,02;5;cc/min;;2;N
2026-07-31 15:27:46;Cabeçote;1.0;USI105213;OK;1,78;4;cc/min;;2;N
2026-07-31 15:28:46;Bloco;1.5;USI102473;OK;3,30;5;cc/min;;2;N
2026-07-31 15:28:56;Leak Zero;1.5 Turbo;MON107646;OK;2,11;3;cc/min;;2;N
2026-07-31 15:28:56;Water Leak;1.5 Turbo;MON110009;OK;4,21;6;cc/min;;2;N
2026-07-31 15:29:20;Cabeçote;1.5;USI105209;OK;1,37;4;cc/min;;2;N
2026-07-31 15:29:23;Bloco;1.5;USI102465;NOK;8,63;5;cc/min;Galeria de água;2;N
2026-07-31 15:29:49;Bloco;1.5;USI102467;OK;0,75;5;cc/min;;2;N
2026-07-31 15:30:20;Cabeçote;1.5 Turbo;USI105243;OK;1,96;4;cc/min;;2;N
2026-07-31 15:31:39;Cabeçote;1.5 Turbo;USI105236;OK;2,66;4;cc/min;;2;N
2026-07-31 15:31:52;Bloco;1.5 Turbo;USI102489;OK;3,33;5;cc/min;;2;N
2026-07-31 15:32:12;Leak Zero;1.5;MON107652;OK;1,56;3;cc/min;;2;N
2026-07-31 15:32:12;Water Leak;1.5;MON110015;OK;3,12;6;cc/min;;2;N
2026-07-31 15:32:42;Cabeçote;1.5;USI105210;OK;1,64;4;cc/min;;2;N
2026-07-31 15:34:04;Cabeçote;1.0;USI105202;OK;2,51;4;cc/min;;2;N
2026-07-31 15:34:07;Bloco;1.5;USI102470;OK;3,10;5;cc/min;;2;N
2026-07-31 15:34:45;Bloco;1.0;USI102457;OK;2,79;5;cc/min;;2;N
2026-07-31 15:34:58;Bloco;1.0;USI102468;OK;2,88;5;cc/min;;2;N
2026-07-31 15:35:07;Bloco;1.5;USI102455;OK;2,69;5;cc/min;;2;N
2026-07-31 15:35:23;Bloco;1.0;USI102450;OK;0,91;5;cc/min;;2;N
2026-07-31 15:35:55;Bloco;1.0;USI102461;OK;3,09;5;cc/min;;2;N
2026-07-31 15:35:55;Cabeçote;1.5;USI105204;OK;2,52;4;cc/min;;2;N
2026-07-31 15:35:59;Cabeçote;1.5 Turbo;USI105211;OK;1,18;4;cc/min;;2;N
2026-07-31 15:36:16;Bloco;1.5;USI102454;OK;3,60;5;cc/min;;2;N
2026-07-31 15:36:50;Leak Zero;1.0;MON107669;OK;1,25;3;cc/min;;2;N
2026-07-31 15:36:50;Water Leak;1.0;MON110032;OK;2,51;6;cc/min;;2;N
2026-07-31 15:37:40;Cabeçote;1.5 Turbo;USI105215;OK;2,78;4;cc/min;;2;N
2026-07-31 15:38:04;Leak Zero;1.5;MON107673;OK;1,69;3;cc/min;;2;N
2026-07-31 15:38:04;Water Leak;1.5;MON110036;OK;3,39;6;cc/min;;2;N
2026-07-31 15:39:30;Cabeçote;1.5 Turbo;USI105228;OK;2,37;4;cc/min;;2;N
2026-07-31 15:39:39;Bloco;1.5;USI102462;OK;2,52;5;cc/min;;2;N
2026-07-31 15:39:39;Bloco;1.5;USI102466;OK;1,73;5;cc/min;;2;N
2026-07-31 15:39:45;Cabeçote;1.5;USI105219;OK;1,61;4;cc/min;;2;N
2026-07-31 15:40:17;Cabeçote;1.5 Turbo;USI105214;OK;2,64;4;cc/min;;2;N
2026-07-31 15:40:25;Cabeçote;1.5 Turbo;USI105227;OK;0,67;4;cc/min;;2;N
2026-07-31 15:40:36;Water Leak;1.0;MON110039;OK;2,07;6;cc/min;;2;N
2026-07-31 15:40:49;Cabeçote;1.5;USI105248;OK;1,78;4;cc/min;;2;N
2026-07-31 15:41:33;Cabeçote;1.5 Turbo;USI105207;OK;2,40;4;cc/min;;2;N
2026-07-31 15:42:29;Cabeçote;1.5;USI105201;OK;2,00;4;cc/min;;2;S
2026-07-31 15:42:45;Cabeçote;1.0;USI105237;OK;2,29;4;cc/min;;2;N
2026-07-31 15:43:37;Cabeçote;1.5;USI105225;OK;2,02;4;cc/min;;2;N
2026-07-31 15:43:42;Bloco;1.0;USI102477;OK;2,35;5;cc/min;;2;N
2026-07-31 15:45:25;Leak Zero;1.0;MON107642;OK;0,69;3;cc/min;;2;N
2026-07-31 15:45:41;Bloco;1.0;USI102459;OK;1,01;5;cc/min;;2;N
2026-07-31 15:45:48;Bloco;1.5 Turbo;USI102483;OK;1,32;5;cc/min;;2;N
2026-07-31 15:45:53;Leak Zero;1.0;MON107662;OK;0,60;3;cc/min;;2;N
2026-07-31 15:45:53;Water Leak;1.0;MON110025;OK;1,20;6;cc/min;;2;N
2026-07-31 15:47:19;Bloco;1.0;USI102458;OK;2,45;5;cc/min;;2;N
2026-07-31 15:47:24;Cabeçote;1.5;USI105229;OK;1,08;4;cc/min;;2;N
2026-07-31 15:48:20;Leak Zero;1.0;MON107645;OK;1,79;3;cc/min;;2;N
2026-07-31 15:48:32;Leak Zero;1.5 Turbo;MON107675;OK;1,89;3;cc/min;;2;N
2026-07-31 15:48:32;Water Leak;1.5 Turbo;MON110038;OK;3,78;6;cc/min;;2;N
2026-07-31 15:49:25;Leak Zero;1.5 Turbo;MON107654;OK;2,06;3;cc/min;;2;N
2026-07-31 15:49:25;Water Leak;1.5 Turbo;MON110017;OK;4,12;6;cc/min;;2;N
2026-07-31 15:49:31;Bloco;1.0;USI102453;OK;2,62;5;cc/min;;2;N
2026-07-31 15:49:38;Leak Zero;1.5 Turbo;MON107671;OK;1,73;3;cc/min;;2;N
2026-07-31 15:49:38;Water Leak;1.5 Turbo;MON110034;OK;3,46;6;cc/min;;2;N
2026-07-31 15:50:41;Leak Zero;1.5 Turbo;MON107672;OK;2,23;3;cc/min;;2;N
2026-07-31 15:50:41;Water Leak;1.5 Turbo;MON110035;OK;4,46;6;cc/min;;2;N
2026-07-31 15:51:21;Cabeçote;1.0;USI105217;OK;2,03;4;cc/min;;2;N
2026-07-31 15:51:23;Bloco;1.5;USI102465;NOK;2,50;5;cc/min;;2;S
2026-07-31 15:52:10;Bloco;1.5 Turbo;USI102484;OK;1,88;5;cc/min;;2;N
2026-07-31 15:52:13;Cabeçote;1.5;USI105230;OK;0,63;4;cc/min;;2;N
2026-07-31 15:53:06;Cabeçote;1.5;USI105247;OK;0,68;4;cc/min;;2;N
2026-07-31 15:53:11;Leak Zero;1.5;MON107657;OK;0,57;3;cc/min;;2;N
2026-07-31 15:53:11;Water Leak;1.5;MON110020;OK;1,15;6;cc/min;;2;N
2026-07-31 15:53:35;Leak Zero;1.0;MON107674;OK;1,74;3;cc/min;;2;N
2026-07-31 15:53:35;Water Leak;1.0;MON110037;OK;3,47;6;cc/min;;2;N
2026-07-31 15:53:58;Cabeçote;1.0;USI105212;OK;0,77;4;cc/min;;2;N
2026-07-31 15:54:13;Leak Zero;1.0;MON107666;OK;1,51;3;cc/min;;2;N
2026-07-31 15:54:13;Water Leak;1.0;MON110029;OK;3,02;6;cc/min;;2;N
2026-07-31 15:54:37;Cabeçote;1.5;USI105238;OK;2,82;4;cc/min;;2;N
2026-07-31 15:54:51;Bloco;1.0;USI102475;OK;1,72;5;cc/min;;2;N
2026-07-31 15:55:30;Bloco;1.5 Turbo;USI102485;OK;2,47;5;cc/min;;2;N
2026-07-31 15:55:32;Bloco;1.0;USI102478;OK;3,18;5;cc/min;;2;N
2026-07-31 15:55:43;Bloco;1.0;USI102452;OK;2,86;5;cc/min;;2;N
2026-07-31 15:55:43;Bloco;1.5;USI102469;OK;3,45;5;cc/min;;2;N
2026-07-31 15:55:47;Leak Zero;1.0;MON107641;OK;1,26;3;cc/min;;2;N
2026-07-31 15:55:47;Leak Zero;1.0;MON107647;OK;1,15;3;cc/min;;2;N
2026-07-31 15:55:47;Leak Zero;1.5 Turbo;MON107648;OK;1,89;3;cc/min;;2;N
2026-07-31 15:55:47;Water Leak;1.0;MON110010;OK;2,29;6;cc/min;;2;N
2026-07-31 15:55:47;Water Leak;1.5 Turbo;MON110011;OK;3,78;6;cc/min;;2;N
2026-07-31 15:55:51;Leak Zero;1.0;MON107640;OK;2,04;3;cc/min;;2;N
2026-07-31 15:56:15;Bloco;1.5 Turbo;USI102486;OK;2,59;5;cc/min;;2;N
2026-07-31 15:56:19;Leak Zero;1.0;MON107644;OK;0,76;3;cc/min;;2;N
2026-07-31 15:56:20;Bloco;1.5 Turbo;USI102476;OK;2,11;5;cc/min;;2;N
2026-07-31 15:56:34;Cabeçote;1.0;USI105208;OK;2,90;4;cc/min;;2;N
2026-07-31 15:56:53;Cabeçote;1.5;USI105239;OK;1,63;4;cc/min;;2;N
2026-07-31 15:57:10;Leak Zero;1.5;MON107649;OK;1,74;3;cc/min;;2;N
2026-07-31 15:57:10;Water Leak;1.5;MON110012;OK;3,47;6;cc/min;;2;N
2026-07-31 15:58:32;Cabeçote;1.5;USI105245;OK;2,36;4;cc/min;;2;N
2026-07-31 15:58:55;Cabeçote;1.0;USI105206;OK;2,39;4;cc/min;;2;N
2026-07-31 15:59:35;Cabeçote;1.5 Turbo;USI105200;OK;2,96;4;cc/min;;2;N
2026-07-31 16:00:27;Bloco;1.5;USI102487;OK;3,33;5;cc/min;;2;N
2026-07-31 16:00:37;Water Leak;1.0;MON110040;OK;1,87;6;cc/min;;2;N
2026-07-31 16:02:26;Leak Zero;1.5;MON107660;OK;1,17;3;cc/min;;2;N
2026-07-31 16:02:26;Water Leak;1.5;MON110023;OK;2,33;6;cc/min;;2;N
2026-07-31 16:02:48;Cabeçote;1.0;USI105221;OK;2,05;4;cc/min;;2;N
2026-07-31 16:03:21;Cabeçote;1.5 Turbo;USI105241;OK;3,00;4;cc/min;;2;N
2026-07-31 16:03:25;Leak Zero;1.5;MON107665;OK;1,82;3;cc/min;;2;N
2026-07-31 16:03:25;Water Leak;1.5;MON110028;OK;3,64;6;cc/min;;2;N
2026-07-31 16:04:09;Bloco;1.0;USI102463;OK;1,43;5;cc/min;;2;N
2026-07-31 16:04:11;Leak Zero;1.5 Turbo;MON107668;OK;2,02;3;cc/min;;2;N
2026-07-31 16:04:11;Water Leak;1.5 Turbo;MON110031;OK;4,05;6;cc/min;;2;N
2026-07-31 16:04:27;Leak Zero;1.5;MON107651;OK;1,29;3;cc/min;;2;N
2026-07-31 16:04:27;Water Leak;1.5;MON110014;OK;2,58;6;cc/min;;2;N
2026-07-31 16:04:54;Bloco;1.5 Turbo;USI102464;OK;2,45;5;cc/min;;2;N
2026-07-31 16:05:51;Cabeçote;1.0;USI105216;OK;2,92;4;cc/min;;2;N
2026-07-31 16:06:23;Leak Zero;1.5 Turbo;MON107667;OK;1,53;3;cc/min;;2;N
2026-07-31 16:06:23;Water Leak;1.5 Turbo;MON110030;OK;3,06;6;cc/min;;2;N
2026-07-31 16:06:29;Cabeçote;1.0;USI105234;OK;1,92;4;cc/min;;2;N
2026-07-31 16:07:05;Cabeçote;1.5 Turbo;USI105223;OK;0,95;4;cc/min;;2;N
2026-07-31 16:08:15;Cabeçote;1.5 Turbo;USI105233;OK;2,71;4;cc/min;;2;N
2026-07-31 16:08:37;Bloco;1.5;USI102474;OK;1,76;5;cc/min;;2;N
2026-07-31 16:08:48;Cabeçote;1.5 Turbo;USI105231;OK;1,77;4;cc/min;;2;N
2026-07-31 16:09:04;Cabeçote;1.0;USI105199;OK;2,17;4;cc/min;;2;N
2026-07-31 16:09:27;Bloco;1.5;USI102460;OK;2,04;5;cc/min;;2;N
2026-07-31 16:09:52;Bloco;1.5;USI102472;OK;1,92;5;cc/min;;2;N
2026-07-31 16:09:52;Cabeçote;1.5 Turbo;USI105249;OK;1,82;4;cc/min;;2;N
2026-07-31 16:10:09;Leak Zero;1.0;MON107655;OK;1,86;3;cc/min;;2;N
2026-07-31 16:10:09;Water Leak;1.0;MON110018;OK;3,71;6;cc/min;;2;N
2026-07-31 16:10:56;Bloco;1.5;USI102482;OK;3,45;5;cc/min;;2;N
2026-07-31 16:11:10;Leak Zero;1.0;MON107637;OK;1,79;3;cc/min;;2;N
2026-07-31 16:11:15;Cabeçote;1.5 Turbo;USI105226;OK;2,08;4;cc/min;;2;N
2026-07-31 16:11:27;Leak Zero;1.0;MON107663;OK;2,09;3;cc/min;;2;N
2026-07-31 16:11:27;Water Leak;1.0;MON110026;OK;4,17;6;cc/min;;2;N
2026-07-31 16:11:38;Leak Zero;1.5;MON107659;OK;0,90;3;cc/min;;2;N
2026-07-31 16:11:38;Water Leak;1.5;MON110022;OK;1,80;6;cc/min;;2;N
2026-07-31 16:11:43;Cabeçote;1.0;USI105242;OK;2,33;4;cc/min;;2;N
2026-07-31 16:11:52;Cabeçote;1.0;USI105240;OK;2,65;4;cc/min;;2;N
2026-07-31 16:12:24;Bloco;1.0;USI102449;NOK;14,21;5;cc/min;Face de fogo;2;N
2026-07-31 16:12:56;Leak Zero;1.5 Turbo;MON107656;OK;0,87;3;cc/min;;2;N
2026-07-31 16:12:56;Water Leak;1.5 Turbo;MON110019;OK;1,74;6;cc/min;;2;N
2026-07-31 16:12:59;Bloco;1.5 Turbo;USI102447;OK;3,49;5;cc/min;;2;N
2026-07-31 16:14:07;Cabeçote;1.0;USI105222;OK;1,73;4;cc/min;;2;N
2026-07-31 16:14:09;Cabeçote;1.0;USI105235;OK;2,92;4;cc/min;;2;N
2026-07-31 16:14:42;Cabeçote;1.5 Turbo;USI105224;OK;2,02;4;cc/min;;2;N
2026-07-31 16:14:42;Leak Zero;1.5;MON107638;OK;0,73;3;cc/min;;2;N
2026-07-31 16:14:59;Bloco;1.5;USI102456;OK;1,45;5;cc/min;;2;N
2026-07-31 16:15:05;Bloco;1.5 Turbo;USI102480;OK;3,15;5;cc/min;;2;N
2026-07-31 16:15:45;Leak Zero;1.5 Turbo;MON107661;OK;1,51;3;cc/min;;2;N
2026-07-31 16:15:45;Water Leak;1.5 Turbo;MON110024;OK;3,02;6;cc/min;;2;N
2026-07-31 16:16:18;Cabeçote;1.5 Turbo;USI105218;OK;2,02;4;cc/min;;2;N
2026-07-31 16:16:53;Cabeçote;1.5;USI105203;OK;2,54;4;cc/min;;2;N
2026-07-31 16:17:55;Cabeçote;1.5;USI105244;OK;2,45;4;cc/min;;2;N
2026-07-31 16:18:06;Leak Zero;1.5;MON107658;OK;2,04;3;cc/min;;2;N
2026-07-31 16:18:06;Water Leak;1.5;MON110021;OK;4,08;6;cc/min;;2;N
2026-07-31 16:18:16;Leak Zero;1.5;MON107639;OK;0,59;3;cc/min;;2;N
2026-07-31 16:20:07;Leak Zero;1.5 Turbo;MON107664;OK;0,49;3;cc/min;;2;N
2026-07-31 16:20:07;Water Leak;1.5 Turbo;MON110027;OK;0,99;6;cc/min;;2;N
2026-07-31 16:23:24;Bloco;1.5 Turbo;USI102510;OK;2,86;5;cc/min;;2;N
2026-07-31 16:23:24;Cabeçote;1.5 Turbo;USI105263;OK;2,29;4;cc/min;;2;N
2026-07-31 16:23:24;Leak Zero;1.5 Turbo;MON107686;OK;1,72;3;cc/min;;2;N
2026-07-31 16:23:24;Water Leak;1.5 Turbo;MON110049;OK;3,44;6;cc/min;;2;N
2026-07-31 16:24:28;Bloco;1.5;USI102507;OK;3,44;5;cc/min;;2;N
2026-07-31 16:24:28;Cabeçote;1.5;USI105260;OK;2,75;4;cc/min;;2;N
2026-07-31 16:24:33;Cabeçote;1.5 Turbo;USI105282;OK;1,16;4;cc/min;;2;N
2026-07-31 16:24:33;Leak Zero;1.5 Turbo;MON107705;OK;0,87;3;cc/min;;2;N
2026-07-31 16:24:33;Water Leak;1.5 Turbo;MON110068;OK;1,74;6;cc/min;;2;N
2026-07-31 16:24:52;Cabeçote;1.5 Turbo;USI105278;OK;1,38;4;cc/min;;2;N
2026-07-31 16:24:52;Leak Zero;1.5 Turbo;MON107701;OK;1,03;3;cc/min;;2;N
2026-07-31 16:24:52;Water Leak;1.5 Turbo;MON110064;OK;2,07;6;cc/min;;2;N
2026-07-31 16:25:28;Bloco;1.0;USI102530;OK;3,48;5;cc/min;;2;N
2026-07-31 16:26:44;Bloco;1.5;USI102538;OK;1,02;5;cc/min;;2;N
2026-07-31 16:27:53;Leak Zero;1.5;MON107677;OK;1,37;3;cc/min;;2;N
2026-07-31 16:28:03;Cabeçote;1.5 Turbo;USI105281;OK;2,02;4;cc/min;;2;N
2026-07-31 16:28:03;Leak Zero;1.5 Turbo;MON107704;OK;1,52;3;cc/min;;2;N
2026-07-31 16:28:03;Water Leak;1.5 Turbo;MON110067;OK;3,03;6;cc/min;;2;N
2026-07-31 16:28:46;Bloco;1.5;USI102532;OK;3,30;5;cc/min;;2;N
2026-07-31 16:29:23;Bloco;1.5;USI102524;NOK;8,63;5;cc/min;Galeria de água;2;N
2026-07-31 16:29:23;Cabeçote;1.5;USI105277;OK;1,44;4;cc/min;;2;N
2026-07-31 16:29:23;Leak Zero;1.5;MON107700;OK;1,08;3;cc/min;;2;N
2026-07-31 16:29:23;Water Leak;1.5;MON110063;OK;2,15;6;cc/min;;2;N
2026-07-31 16:29:49;Bloco;1.5;USI102526;OK;0,75;5;cc/min;;2;N
2026-07-31 16:30:23;Cabeçote;1.5 Turbo;USI105283;OK;0,81;4;cc/min;;2;N
2026-07-31 16:30:23;Leak Zero;1.5 Turbo;MON107706;OK;0,61;3;cc/min;;2;N
2026-07-31 16:30:23;Water Leak;1.5 Turbo;MON110069;OK;1,22;6;cc/min;;2;N
2026-07-31 16:34:07;Bloco;1.5;USI102529;OK;3,10;5;cc/min;;2;N
2026-07-31 16:34:24;Bloco;1.0;USI102449;OK;2,50;5;cc/min;;2;S
2026-07-31 16:34:45;Bloco;1.0;USI102516;OK;2,79;5;cc/min;;2;N
2026-07-31 16:34:45;Cabeçote;1.0;USI105269;OK;2,23;4;cc/min;;2;N
2026-07-31 16:34:45;Leak Zero;1.0;MON107692;OK;1,67;3;cc/min;;2;N
2026-07-31 16:34:45;Water Leak;1.0;MON110055;OK;3,35;6;cc/min;;2;N
2026-07-31 16:34:58;Bloco;1.0;USI102527;OK;2,88;5;cc/min;;2;N
2026-07-31 16:35:07;Bloco;1.5;USI102514;OK;2,69;5;cc/min;;2;N
2026-07-31 16:35:07;Cabeçote;1.5;USI105267;OK;2,16;4;cc/min;;2;N
2026-07-31 16:35:07;Leak Zero;1.5;MON107690;OK;1,62;3;cc/min;;2;N
2026-07-31 16:35:07;Water Leak;1.5;MON110053;OK;3,23;6;cc/min;;2;N
2026-07-31 16:35:11;Leak Zero;1.5 Turbo;MON107676;OK;0,90;3;cc/min;;2;N
2026-07-31 16:35:23;Bloco;1.0;USI102509;OK;0,91;5;cc/min;;2;N
2026-07-31 16:35:23;Cabeçote;1.0;USI105262;OK;0,73;4;cc/min;;2;N
2026-07-31 16:35:23;Leak Zero;1.0;MON107685;OK;0,54;3;cc/min;;2;N
2026-07-31 16:35:23;Water Leak;1.0;MON110048;OK;1,09;6;cc/min;;2;N
2026-07-31 16:35:51;Leak Zero;1.5;MON107681;OK;1,92;3;cc/min;;2;N
2026-07-31 16:35:51;Water Leak;1.5;MON110044;OK;3,83;6;cc/min;;2;N
2026-07-31 16:35:55;Bloco;1.0;USI102520;OK;3,09;5;cc/min;;2;N
2026-07-31 16:35:55;Cabeçote;1.0;USI105273;OK;2,47;4;cc/min;;2;N
2026-07-31 16:35:55;Leak Zero;1.0;MON107696;OK;1,86;3;cc/min;;2;N
2026-07-31 16:35:55;Water Leak;1.0;MON110059;OK;3,71;6;cc/min;;2;N
2026-07-31 16:36:15;Bloco;1.5;USI102502;OK;3,52;5;cc/min;;2;N
2026-07-31 16:36:15;Cabeçote;1.5;USI105255;OK;2,82;4;cc/min;;2;N
2026-07-31 16:36:16;Bloco;1.5;USI102513;OK;3,60;5;cc/min;;2;N
2026-07-31 16:36:16;Cabeçote;1.5;USI105266;OK;2,88;4;cc/min;;2;N
2026-07-31 16:36:16;Leak Zero;1.5;MON107689;OK;2,16;3;cc/min;;2;N
2026-07-31 16:36:16;Water Leak;1.5;MON110052;OK;4,32;6;cc/min;;2;N
2026-07-31 16:39:39;Bloco;1.5;USI102521;OK;2,52;5;cc/min;;2;N
2026-07-31 16:39:39;Bloco;1.5;USI102525;OK;1,73;5;cc/min;;2;N
2026-07-31 16:39:39;Cabeçote;1.5;USI105274;OK;2,01;4;cc/min;;2;N
2026-07-31 16:39:39;Leak Zero;1.5;MON107697;OK;1,51;3;cc/min;;2;N
2026-07-31 16:39:39;Water Leak;1.5;MON110060;OK;3,02;6;cc/min;;2;N
2026-07-31 16:39:41;Bloco;1.0;USI102501;OK;1,14;5;cc/min;;2;N
2026-07-31 16:39:41;Cabeçote;1.0;USI105254;OK;0,91;4;cc/min;;2;N
2026-07-31 16:43:21;Cabeçote;1.5 Turbo;USI105286;OK;2,54;4;cc/min;;2;N
2026-07-31 16:43:21;Leak Zero;1.5 Turbo;MON107709;OK;1,90;3;cc/min;;2;N
2026-07-31 16:43:21;Water Leak;1.5 Turbo;MON110072;OK;3,81;6;cc/min;;2;N
2026-07-31 16:43:42;Bloco;1.0;USI102536;OK;2,35;5;cc/min;;2;N
2026-07-31 16:45:41;Bloco;1.0;USI102505;OK;1,53;5;cc/min;;2;N
2026-07-31 16:45:41;Bloco;1.0;USI102518;OK;1,01;5;cc/min;;2;N
2026-07-31 16:45:41;Cabeçote;1.0;USI105258;OK;1,23;4;cc/min;;2;N
2026-07-31 16:45:41;Cabeçote;1.0;USI105271;OK;0,81;4;cc/min;;2;N
2026-07-31 16:45:41;Leak Zero;1.0;MON107694;OK;0,61;3;cc/min;;2;N
2026-07-31 16:45:41;Water Leak;1.0;MON110057;OK;1,21;6;cc/min;;2;N
2026-07-31 16:46:58;Bloco;1.5;USI102494;OK;2,87;5;cc/min;;2;N
2026-07-31 16:47:01;Cabeçote;1.0;USI105280;OK;1,19;4;cc/min;;2;N
2026-07-31 16:47:01;Leak Zero;1.0;MON107703;OK;0,89;3;cc/min;;2;N
2026-07-31 16:47:01;Water Leak;1.0;MON110066;OK;1,79;6;cc/min;;2;N
2026-07-31 16:47:19;Bloco;1.0;USI102517;OK;2,45;5;cc/min;;2;N
2026-07-31 16:47:19;Cabeçote;1.0;USI105270;OK;1,96;4;cc/min;;2;N
2026-07-31 16:47:19;Leak Zero;1.0;MON107693;OK;1,47;3;cc/min;;2;N
2026-07-31 16:47:19;Water Leak;1.0;MON110056;OK;2,94;6;cc/min;;2;N
2026-07-31 16:47:56;Bloco;1.5;USI102503;OK;3,46;5;cc/min;;2;N
2026-07-31 16:47:56;Cabeçote;1.5;USI105256;OK;2,76;4;cc/min;;2;N
2026-07-31 16:48:14;Cabeçote;1.5;USI105290;OK;2,01;4;cc/min;;2;N
2026-07-31 16:48:14;Water Leak;1.5;MON110076;OK;3,02;6;cc/min;;2;N
2026-07-31 16:49:31;Bloco;1.0;USI102512;OK;2,62;5;cc/min;;2;N
2026-07-31 16:49:31;Cabeçote;1.0;USI105265;OK;2,09;4;cc/min;;2;N
2026-07-31 16:49:31;Leak Zero;1.0;MON107688;OK;1,57;3;cc/min;;2;N
2026-07-31 16:49:31;Water Leak;1.0;MON110051;OK;3,14;6;cc/min;;2;N
2026-07-31 16:50:45;Bloco;1.5 Turbo;USI102495;OK;3,63;5;cc/min;;2;N
2026-07-31 16:51:23;Bloco;1.5;USI102524;NOK;2,50;5;cc/min;;2;S
2026-07-31 16:52:02;Leak Zero;1.0;MON107680;OK;1,04;3;cc/min;;2;N
2026-07-31 16:52:02;Water Leak;1.0;MON110043;OK;2,07;6;cc/min;;2;N
2026-07-31 16:54:13;Bloco;1.0;USI102491;NOK;10,80;5;cc/min;Face de fogo;2;N
2026-07-31 16:54:51;Bloco;1.0;USI102534;OK;1,72;5;cc/min;;2;N
2026-07-31 16:55:32;Bloco;1.0;USI102537;OK;3,18;5;cc/min;;2;N
2026-07-31 16:55:43;Bloco;1.0;USI102511;OK;2,86;5;cc/min;;2;N
2026-07-31 16:55:43;Bloco;1.5;USI102528;OK;3,45;5;cc/min;;2;N
2026-07-31 16:55:43;Cabeçote;1.0;USI105264;OK;2,29;4;cc/min;;2;N
2026-07-31 16:55:43;Leak Zero;1.0;MON107687;OK;1,72;3;cc/min;;2;N
2026-07-31 16:55:43;Water Leak;1.0;MON110050;OK;3,44;6;cc/min;;2;N
2026-07-31 16:56:07;Bloco;1.5 Turbo;USI102504;OK;2,34;5;cc/min;;2;N
2026-07-31 16:56:07;Cabeçote;1.5 Turbo;USI105257;OK;1,87;4;cc/min;;2;N
2026-07-31 16:56:12;Bloco;1.0;USI102492;OK;3,45;5;cc/min;;2;N
2026-07-31 16:56:20;Bloco;1.5 Turbo;USI102535;OK;2,11;5;cc/min;;2;N
2026-07-31 16:57:07;Cabeçote;1.5 Turbo;USI105291;OK;0,86;4;cc/min;;2;N
2026-07-31 16:57:07;Water Leak;1.5 Turbo;MON110077;OK;1,29;6;cc/min;;2;N
2026-07-31 17:01:15;Cabeçote;1.0;USI105292;OK;2,80;4;cc/min;;2;N
2026-07-31 17:01:15;Water Leak;1.0;MON110078;OK;4,19;6;cc/min;;2;N
2026-07-31 17:01:36;Bloco;1.5 Turbo;USI102498;OK;1,70;5;cc/min;;2;N
2026-07-31 17:01:36;Cabeçote;1.5 Turbo;USI105251;OK;1,36;4;cc/min;;2;N
2026-07-31 17:02:54;Bloco;1.5;USI102496;OK;2,96;5;cc/min;;2;N
2026-07-31 17:03:01;Cabeçote;1.0;USI105288;OK;2,05;4;cc/min;;2;N
2026-07-31 17:03:01;Leak Zero;1.0;MON107711;OK;1,54;3;cc/min;;2;N
2026-07-31 17:03:01;Water Leak;1.0;MON110074;OK;3,07;6;cc/min;;2;N
2026-07-31 17:03:02;Bloco;1.5 Turbo;USI102499;OK;3,62;5;cc/min;;2;N
2026-07-31 17:03:02;Cabeçote;1.5 Turbo;USI105252;OK;2,90;4;cc/min;;2;N
2026-07-31 17:03:25;Bloco;1.5;USI102490;OK;3,03;5;cc/min;;2;N
2026-07-31 17:03:41;Cabeçote;1.5;USI105289;OK;1,54;4;cc/min;;2;N
2026-07-31 17:03:41;Water Leak;1.5;MON110075;OK;2,31;6;cc/min;;2;N
2026-07-31 17:04:09;Bloco;1.0;USI102522;OK;1,43;5;cc/min;;2;N
2026-07-31 17:04:09;Cabeçote;1.0;USI105275;OK;1,15;4;cc/min;;2;N
2026-07-31 17:04:09;Leak Zero;1.0;MON107698;OK;0,86;3;cc/min;;2;N
2026-07-31 17:04:09;Water Leak;1.0;MON110061;OK;1,72;6;cc/min;;2;N
2026-07-31 17:04:50;Cabeçote;1.5 Turbo;USI105284;OK;2,59;4;cc/min;;2;N
2026-07-31 17:04:50;Leak Zero;1.5 Turbo;MON107707;OK;1,94;3;cc/min;;2;N
2026-07-31 17:04:50;Water Leak;1.5 Turbo;MON110070;OK;3,88;6;cc/min;;2;N
2026-07-31 17:04:54;Bloco;1.5 Turbo;USI102523;OK;2,45;5;cc/min;;2;N
2026-07-31 17:04:54;Cabeçote;1.5 Turbo;USI105276;OK;1,96;4;cc/min;;2;N
2026-07-31 17:04:54;Leak Zero;1.5 Turbo;MON107699;OK;1,47;3;cc/min;;2;N
2026-07-31 17:04:54;Water Leak;1.5 Turbo;MON110062;OK;2,94;6;cc/min;;2;N
2026-07-31 17:08:06;Bloco;1.5;USI102500;OK;1,50;5;cc/min;;2;N
2026-07-31 17:08:06;Cabeçote;1.5;USI105253;OK;1,20;4;cc/min;;2;N
2026-07-31 17:08:12;Cabeçote;1.5;USI105287;OK;1,99;4;cc/min;;2;N
2026-07-31 17:08:12;Leak Zero;1.5;MON107710;OK;1,49;3;cc/min;;2;N
2026-07-31 17:08:12;Water Leak;1.5;MON110073;OK;2,98;6;cc/min;;2;N
2026-07-31 17:08:37;Bloco;1.5;USI102533;OK;1,76;5;cc/min;;2;N
2026-07-31 17:09:27;Bloco;1.5;USI102519;OK;2,04;5;cc/min;;2;N
2026-07-31 17:09:27;Cabeçote;1.5;USI105272;OK;1,64;4;cc/min;;2;N
2026-07-31 17:09:27;Leak Zero;1.5;MON107695;OK;1,23;3;cc/min;;2;N
2026-07-31 17:09:27;Water Leak;1.5;MON110058;OK;2,45;6;cc/min;;2;N
2026-07-31 17:09:52;Bloco;1.5;USI102531;OK;1,92;5;cc/min;;2;N
2026-07-31 17:12:24;Bloco;1.0;USI102508;NOK;14,21;5;cc/min;Face de fogo;2;N
2026-07-31 17:12:24;Cabeçote;1.0;USI105261;NOK;11,37;4;cc/min;Guia de válvula;2;N
2026-07-31 17:12:36;Bloco;1.5;USI102493;OK;1,39;5;cc/min;;2;N
2026-07-31 17:12:59;Bloco;1.5 Turbo;USI102506;OK;3,49;5;cc/min;;2;N
2026-07-31 17:12:59;Cabeçote;1.5 Turbo;USI105259;OK;2,79;4;cc/min;;2;N
2026-07-31 17:13:15;Cabeçote;1.0;USI105279;OK;0,99;4;cc/min;;2;N
2026-07-31 17:13:15;Leak Zero;1.0;MON107702;OK;0,74;3;cc/min;;2;N
2026-07-31 17:13:15;Water Leak;1.0;MON110065;OK;1,48;6;cc/min;;2;N
2026-07-31 17:13:47;Cabeçote;1.5 Turbo;USI105293;OK;0,64;4;cc/min;;2;N
2026-07-31 17:13:47;Water Leak;1.5 Turbo;MON110079;OK;0,95;6;cc/min;;2;N
2026-07-31 17:13:54;Leak Zero;1.5 Turbo;MON107683;OK;0,46;3;cc/min;;2;N
2026-07-31 17:13:54;Water Leak;1.5 Turbo;MON110046;OK;0,92;6;cc/min;;2;N
2026-07-31 17:14:17;Leak Zero;1.5;MON107679;OK;1,96;3;cc/min;;2;N
2026-07-31 17:14:17;Water Leak;1.5;MON110042;OK;3,92;6;cc/min;;2;N
2026-07-31 17:14:54;Leak Zero;1.5;MON107682;OK;1,63;3;cc/min;;2;N
2026-07-31 17:14:54;Water Leak;1.5;MON110045;OK;3,26;6;cc/min;;2;N
2026-07-31 17:14:59;Bloco;1.5;USI102515;OK;1,45;5;cc/min;;2;N
2026-07-31 17:14:59;Cabeçote;1.5;USI105268;OK;1,16;4;cc/min;;2;N
2026-07-31 17:14:59;Leak Zero;1.5;MON107691;OK;0,87;3;cc/min;;2;N
2026-07-31 17:14:59;Water Leak;1.5;MON110054;OK;1,73;6;cc/min;;2;N
2026-07-31 17:15:05;Bloco;1.5 Turbo;USI102539;OK;3,15;5;cc/min;;2;N
2026-07-31 17:15:23;Cabeçote;1.5;USI105285;OK;0,94;4;cc/min;;2;N
2026-07-31 17:15:23;Leak Zero;1.5;MON107708;OK;0,71;3;cc/min;;2;N
2026-07-31 17:15:23;Water Leak;1.5;MON110071;OK;1,42;6;cc/min;;2;N
2026-07-31 17:15:39;Leak Zero;1.5 Turbo;MON107678;OK;1,11;3;cc/min;;2;N
2026-07-31 17:15:39;Water Leak;1.5 Turbo;MON110041;OK;2,21;6;cc/min;;2;N
2026-07-31 17:16:13;Bloco;1.0;USI102491;OK;2,50;5;cc/min;;2;S
2026-07-31 17:18:15;Leak Zero;1.5;MON107684;OK;0,99;3;cc/min;;2;N
2026-07-31 17:18:15;Water Leak;1.5;MON110047;OK;1,98;6;cc/min;;2;N
2026-07-31 17:19:28;Bloco;1.5;USI102497;OK;1,82;5;cc/min;;2;N
2026-07-31 17:19:28;Cabeçote;1.5;USI105250;OK;1,46;4;cc/min;;2;N
2026-07-31 17:20:29;Cabeçote;1.5;USI105322;OK;1,54;4;cc/min;;2;N
2026-07-31 17:20:29;Leak Zero;1.5;MON107745;OK;1,15;3;cc/min;;2;N
2026-07-31 17:20:29;Water Leak;1.5;MON110108;OK;2,31;6;cc/min;;2;N
2026-07-31 17:22:16;Bloco;1.5 Turbo;USI102554;OK;2,28;5;cc/min;;2;N
2026-07-31 17:22:57;Cabeçote;1.5 Turbo;USI105306;OK;1,27;4;cc/min;;2;N
2026-07-31 17:22:57;Leak Zero;1.5 Turbo;MON107729;OK;0,95;3;cc/min;;2;N
2026-07-31 17:22:57;Water Leak;1.5 Turbo;MON110092;OK;1,90;6;cc/min;;2;N
2026-07-31 17:23:19;Cabeçote;1.5 Turbo;USI105324;OK;2,87;4;cc/min;;2;N
2026-07-31 17:23:19;Leak Zero;1.5 Turbo;MON107747;OK;2,15;3;cc/min;;2;N
2026-07-31 17:23:19;Water Leak;1.5 Turbo;MON110110;OK;4,30;6;cc/min;;2;N
2026-07-31 17:25:22;Cabeçote;1.0;USI105333;OK;1,95;4;cc/min;;2;N
2026-07-31 17:25:22;Water Leak;1.0;MON110119;OK;2,93;6;cc/min;;2;N
2026-07-31 17:25:29;Leak Zero;1.5 Turbo;MON107715;OK;1,95;3;cc/min;;2;N
2026-07-31 17:26:09;Bloco;1.0;USI102573;OK;2,48;5;cc/min;;2;N
2026-07-31 17:29:49;Cabeçote;1.5;USI105341;OK;0,60;4;cc/min;;2;N
2026-07-31 17:30:20;Cabeçote;1.5 Turbo;USI105303;OK;1,96;4;cc/min;;2;N
2026-07-31 17:30:20;Leak Zero;1.5 Turbo;MON107726;OK;1,47;3;cc/min;;2;N
2026-07-31 17:30:20;Water Leak;1.5 Turbo;MON110089;OK;2,94;6;cc/min;;2;N
2026-07-31 17:31:11;Bloco;1.0;USI102565;OK;3,39;5;cc/min;;2;N
2026-07-31 17:31:39;Cabeçote;1.5 Turbo;USI105296;OK;2,66;4;cc/min;;2;N
2026-07-31 17:31:39;Leak Zero;1.5 Turbo;MON107719;OK;1,99;3;cc/min;;2;N
2026-07-31 17:31:39;Water Leak;1.5 Turbo;MON110082;OK;3,99;6;cc/min;;2;N
2026-07-31 17:33:49;Cabeçote;1.5 Turbo;USI105337;OK;2,43;4;cc/min;;2;N
2026-07-31 17:34:04;Bloco;1.0;USI102570;OK;3,14;5;cc/min;;2;N
2026-07-31 17:34:05;Cabeçote;1.5 Turbo;USI105330;OK;0,97;4;cc/min;;2;N
2026-07-31 17:34:05;Water Leak;1.5 Turbo;MON110116;OK;1,45;6;cc/min;;2;N
2026-07-31 17:34:24;Bloco;1.0;USI102508;OK;2,50;5;cc/min;;2;S
2026-07-31 17:34:24;Cabeçote;1.0;USI105261;OK;2,00;4;cc/min;;2;S
2026-07-31 17:34:58;Cabeçote;1.0;USI105342;OK;2,31;4;cc/min;;2;N
2026-07-31 17:35:19;Cabeçote;1.0;USI105315;OK;2,02;4;cc/min;;2;N
2026-07-31 17:35:19;Leak Zero;1.0;MON107738;OK;1,52;3;cc/min;;2;N
2026-07-31 17:35:19;Water Leak;1.0;MON110101;OK;3,04;6;cc/min;;2;N
2026-07-31 17:35:55;Bloco;1.5;USI102572;OK;3,15;5;cc/min;;2;N
2026-07-31 17:36:50;Bloco;1.0;USI102553;OK;2,09;5;cc/min;;2;N
2026-07-31 17:38:04;Bloco;1.5;USI102557;OK;2,82;5;cc/min;;2;N
2026-07-31 17:38:07;Cabeçote;1.5;USI105323;OK;1,16;4;cc/min;;2;N
2026-07-31 17:38:07;Leak Zero;1.5;MON107746;OK;0,87;3;cc/min;;2;N
2026-07-31 17:38:07;Water Leak;1.5;MON110109;OK;1,73;6;cc/min;;2;N
2026-07-31 17:39:39;Cabeçote;1.5;USI105340;OK;1,38;4;cc/min;;2;N
2026-07-31 17:39:43;Cabeçote;1.5 Turbo;USI105319;OK;2,05;4;cc/min;;2;N
2026-07-31 17:39:43;Leak Zero;1.5 Turbo;MON107742;OK;1,53;3;cc/min;;2;N
2026-07-31 17:39:43;Water Leak;1.5 Turbo;MON110105;OK;3,07;6;cc/min;;2;N
2026-07-31 17:40:36;Bloco;1.0;USI102560;OK;1,73;5;cc/min;;2;N
2026-07-31 17:40:49;Cabeçote;1.5;USI105308;OK;1,78;4;cc/min;;2;N
2026-07-31 17:40:49;Leak Zero;1.5;MON107731;OK;1,33;3;cc/min;;2;N
2026-07-31 17:40:49;Water Leak;1.5;MON110094;OK;2,67;6;cc/min;;2;N
2026-07-31 17:41:03;Cabeçote;1.5;USI105339;OK;2,85;4;cc/min;;2;N
2026-07-31 17:41:33;Bloco;1.5 Turbo;USI102575;OK;3,00;5;cc/min;;2;N
2026-07-31 17:42:04;Cabeçote;1.5;USI105317;OK;1,66;4;cc/min;;2;N
2026-07-31 17:42:04;Leak Zero;1.5;MON107740;OK;1,25;3;cc/min;;2;N
2026-07-31 17:42:04;Water Leak;1.5;MON110103;OK;2,49;6;cc/min;;2;N
2026-07-31 17:42:45;Cabeçote;1.0;USI105297;OK;2,29;4;cc/min;;2;N
2026-07-31 17:42:45;Leak Zero;1.0;MON107720;OK;1,72;3;cc/min;;2;N
2026-07-31 17:42:45;Water Leak;1.0;MON110083;OK;3,44;6;cc/min;;2;N
2026-07-31 17:43:11;Cabeçote;1.5 Turbo;USI105311;OK;1,94;4;cc/min;;2;N
2026-07-31 17:43:11;Leak Zero;1.5 Turbo;MON107734;OK;1,45;3;cc/min;;2;N
2026-07-31 17:43:11;Water Leak;1.5 Turbo;MON110097;OK;2,91;6;cc/min;;2;N
2026-07-31 17:43:37;Bloco;1.0;USI102569;OK;2,67;5;cc/min;;2;N
2026-07-31 17:45:53;Bloco;1.0;USI102546;OK;1,00;5;cc/min;;2;N
2026-07-31 17:46:04;Cabeçote;1.0;USI105334;OK;0,90;4;cc/min;;2;N
2026-07-31 17:46:04;Water Leak;1.0;MON110120;OK;1,36;6;cc/min;;2;N
2026-07-31 17:46:41;Bloco;1.5;USI102564;OK;2,03;5;cc/min;;2;N
2026-07-31 17:47:24;Leak Zero;1.5;MON107712;OK;0,81;3;cc/min;;2;N
2026-07-31 17:48:32;Bloco;1.5 Turbo;USI102559;OK;3,15;5;cc/min;;2;N
2026-07-31 17:49:38;Bloco;1.5 Turbo;USI102555;OK;2,89;5;cc/min;;2;N
2026-07-31 17:50:41;Bloco;1.5 Turbo;USI102556;OK;3,71;5;cc/min;;2;N
2026-07-31 17:50:59;Cabeçote;1.5;USI105316;OK;2,25;4;cc/min;;2;N
2026-07-31 17:50:59;Leak Zero;1.5;MON107739;OK;1,69;3;cc/min;;2;N
2026-07-31 17:50:59;Water Leak;1.5;MON110102;OK;3,38;6;cc/min;;2;N
2026-07-31 17:51:00;Cabeçote;1.5 Turbo;USI105310;OK;1,32;4;cc/min;;2;N
2026-07-31 17:51:00;Leak Zero;1.5 Turbo;MON107733;OK;0,99;3;cc/min;;2;N
2026-07-31 17:51:00;Water Leak;1.5 Turbo;MON110096;OK;1,97;6;cc/min;;2;N
2026-07-31 17:52:13;Leak Zero;1.5;MON107713;OK;0,48;3;cc/min;;2;N
2026-07-31 17:53:06;Cabeçote;1.5;USI105307;OK;0,68;4;cc/min;;2;N
2026-07-31 17:53:06;Leak Zero;1.5;MON107730;OK;0,51;3;cc/min;;2;N
2026-07-31 17:53:06;Water Leak;1.5;MON110093;OK;1,03;6;cc/min;;2;N
2026-07-31 17:53:11;Bloco;1.5;USI102541;OK;0,96;5;cc/min;;2;N
2026-07-31 17:53:35;Bloco;1.0;USI102558;OK;2,89;5;cc/min;;2;N
2026-07-31 17:54:13;Bloco;1.0;USI102550;OK;2,52;5;cc/min;;2;N
2026-07-31 17:54:13;Cabeçote;1.5 Turbo;USI105338;OK;1,85;4;cc/min;;2;N
2026-07-31 17:54:13;Cabeçote;1.5;USI105332;OK;1,23;4;cc/min;;2;N
2026-07-31 17:54:13;Water Leak;1.5;MON110118;OK;1,85;6;cc/min;;2;N
2026-07-31 17:54:37;Cabeçote;1.5;USI105298;OK;2,82;4;cc/min;;2;N
2026-07-31 17:54:37;Leak Zero;1.5;MON107721;OK;2,12;3;cc/min;;2;N
2026-07-31 17:54:37;Water Leak;1.5;MON110084;OK;4,23;6;cc/min;;2;N
2026-07-31 17:54:55;Cabeçote;1.0;USI105314;OK;2,22;4;cc/min;;2;N
2026-07-31 17:54:55;Leak Zero;1.0;MON107737;OK;1,66;3;cc/min;;2;N
2026-07-31 17:54:55;Water Leak;1.0;MON110100;OK;3,33;6;cc/min;;2;N
2026-07-31 17:55:28;Cabeçote;1.5 Turbo;USI105336;OK;1,30;4;cc/min;;2;N
2026-07-31 17:55:46;Bloco;1.5 Turbo;USI102562;OK;2,14;5;cc/min;;2;N
2026-07-31 17:56:19;Bloco;1.5 Turbo;USI102566;OK;0,97;5;cc/min;;2;N
2026-07-31 17:56:34;Bloco;1.0;USI102576;OK;3,62;5;cc/min;;2;N
2026-07-31 17:56:53;Cabeçote;1.5;USI105299;OK;1,63;4;cc/min;;2;N
2026-07-31 17:56:53;Leak Zero;1.5;MON107722;OK;1,22;3;cc/min;;2;N
2026-07-31 17:56:53;Water Leak;1.5;MON110085;OK;2,44;6;cc/min;;2;N
2026-07-31 17:57:30;Cabeçote;1.5;USI105327;OK;2,15;4;cc/min;;2;N
2026-07-31 17:57:30;Leak Zero;1.5;MON107750;OK;1,61;3;cc/min;;2;N
2026-07-31 17:57:30;Water Leak;1.5;MON110113;OK;3,22;6;cc/min;;2;N
2026-07-31 17:58:32;Cabeçote;1.5;USI105305;OK;2,36;4;cc/min;;2;N
2026-07-31 17:58:32;Leak Zero;1.5;MON107728;OK;1,77;3;cc/min;;2;N
2026-07-31 17:58:32;Water Leak;1.5;MON110091;OK;3,54;6;cc/min;;2;N
2026-07-31 17:58:55;Bloco;1.0;USI102574;OK;2,99;5;cc/min;;2;N
2026-07-31 17:59:03;Cabeçote;1.5 Turbo;USI105329;OK;2,06;4;cc/min;;2;N
2026-07-31 17:59:03;Leak Zero;1.5 Turbo;MON107752;OK;1,54;3;cc/min;;2;N
2026-07-31 17:59:03;Water Leak;1.5 Turbo;MON110115;OK;3,08;6;cc/min;;2;N
2026-07-31 17:59:29;Bloco;1.5 Turbo;USI102567;OK;3,36;5;cc/min;;2;N
2026-07-31 17:59:35;Cabeçote;1.5 Turbo;USI105321;OK;2,96;4;cc/min;;2;N
2026-07-31 17:59:35;Leak Zero;1.5 Turbo;MON107744;OK;2,22;3;cc/min;;2;N
2026-07-31 17:59:35;Water Leak;1.5 Turbo;MON110107;OK;4,44;6;cc/min;;2;N
2026-07-31 18:00:37;Bloco;1.0;USI102561;OK;1,55;5;cc/min;;2;N
2026-07-31 18:00:58;Cabeçote;1.0;USI105331;OK;1,10;4;cc/min;;2;N
2026-07-31 18:00:58;Water Leak;1.0;MON110117;OK;1,65;6;cc/min;;2;N
2026-07-31 18:01:31;Bloco;1.5 Turbo;USI102563;OK;2,55;5;cc/min;;2;N
2026-07-31 18:02:26;Bloco;1.5;USI102544;OK;1,95;5;cc/min;;2;N
2026-07-31 18:02:26;Cabeçote;1.5 Turbo;USI105325;OK;1,23;4;cc/min;;2;N
2026-07-31 18:02:26;Cabeçote;1.5 Turbo;USI105326;OK;0,84;4;cc/min;;2;N
2026-07-31 18:02:26;Leak Zero;1.5 Turbo;MON107748;OK;0,92;3;cc/min;;2;N
2026-07-31 18:02:26;Leak Zero;1.5 Turbo;MON107749;OK;0,63;3;cc/min;;2;N
2026-07-31 18:02:26;Water Leak;1.5 Turbo;MON110111;OK;1,84;6;cc/min;;2;N
2026-07-31 18:02:26;Water Leak;1.5 Turbo;MON110112;OK;1,26;6;cc/min;;2;N
2026-07-31 18:02:57;Cabeçote;1.5 Turbo;USI105312;OK;1,73;4;cc/min;;2;N
2026-07-31 18:02:57;Leak Zero;1.5 Turbo;MON107735;OK;1,30;3;cc/min;;2;N
2026-07-31 18:02:57;Water Leak;1.5 Turbo;MON110098;OK;2,60;6;cc/min;;2;N
2026-07-31 18:03:21;Cabeçote;1.5 Turbo;USI105301;OK;3,00;4;cc/min;;2;N
2026-07-31 18:03:21;Leak Zero;1.5 Turbo;MON107724;OK;2,25;3;cc/min;;2;N
2026-07-31 18:03:21;Water Leak;1.5 Turbo;MON110087;OK;4,50;6;cc/min;;2;N
2026-07-31 18:03:25;Bloco;1.5;USI102549;OK;3,03;5;cc/min;;2;N
2026-07-31 18:03:56;Cabeçote;1.5 Turbo;USI105313;OK;1,42;4;cc/min;;2;N
2026-07-31 18:03:56;Leak Zero;1.5 Turbo;MON107736;OK;1,06;3;cc/min;;2;N
2026-07-31 18:03:56;Water Leak;1.5 Turbo;MON110099;OK;2,13;6;cc/min;;2;N
2026-07-31 18:04:11;Bloco;1.5 Turbo;USI102552;OK;3,37;5;cc/min;;2;N
2026-07-31 18:06:23;Bloco;1.5 Turbo;USI102551;OK;2,55;5;cc/min;;2;N
2026-07-31 18:06:29;Cabeçote;1.0;USI105294;OK;1,92;4;cc/min;;2;N
2026-07-31 18:06:29;Leak Zero;1.0;MON107717;OK;1,44;3;cc/min;;2;N
2026-07-31 18:06:29;Water Leak;1.0;MON110080;OK;2,88;6;cc/min;;2;N
2026-07-31 18:07:00;Cabeçote;1.5;USI105335;OK;1,40;4;cc/min;;2;N
2026-07-31 18:07:00;Water Leak;1.5;MON110121;OK;2,11;6;cc/min;;2;N
2026-07-31 18:08:15;Leak Zero;1.5 Turbo;MON107716;OK;2,03;3;cc/min;;2;N
2026-07-31 18:08:48;Leak Zero;1.5 Turbo;MON107714;OK;1,33;3;cc/min;;2;N
2026-07-31 18:09:04;Cabeçote;1.0;USI105320;OK;2,17;4;cc/min;;2;N
2026-07-31 18:09:04;Leak Zero;1.0;MON107743;OK;1,63;3;cc/min;;2;N
2026-07-31 18:09:04;Water Leak;1.0;MON110106;OK;3,26;6;cc/min;;2;N
2026-07-31 18:09:52;Cabeçote;1.5 Turbo;USI105309;OK;1,82;4;cc/min;;2;N
2026-07-31 18:09:52;Leak Zero;1.5 Turbo;MON107732;OK;1,37;3;cc/min;;2;N
2026-07-31 18:09:52;Water Leak;1.5 Turbo;MON110095;OK;2,73;6;cc/min;;2;N
2026-07-31 18:10:32;Cabeçote;1.5;USI105318;OK;1,04;4;cc/min;;2;N
2026-07-31 18:10:32;Leak Zero;1.5;MON107741;OK;0,78;3;cc/min;;2;N
2026-07-31 18:10:32;Water Leak;1.5;MON110104;OK;1,56;6;cc/min;;2;N
2026-07-31 18:11:27;Bloco;1.0;USI102547;OK;3,48;5;cc/min;;2;N
2026-07-31 18:11:38;Bloco;1.5;USI102543;OK;1,50;5;cc/min;;2;N
2026-07-31 18:11:43;Cabeçote;1.0;USI105302;OK;2,33;4;cc/min;;2;N
2026-07-31 18:11:43;Leak Zero;1.0;MON107725;OK;1,75;3;cc/min;;2;N
2026-07-31 18:11:43;Water Leak;1.0;MON110088;OK;3,50;6;cc/min;;2;N
2026-07-31 18:11:52;Cabeçote;1.0;USI105300;OK;2,65;4;cc/min;;2;N
2026-07-31 18:11:52;Leak Zero;1.0;MON107723;OK;1,99;3;cc/min;;2;N
2026-07-31 18:11:52;Water Leak;1.0;MON110086;OK;3,98;6;cc/min;;2;N
2026-07-31 18:12:56;Bloco;1.5 Turbo;USI102540;OK;1,45;5;cc/min;;2;N
2026-07-31 18:14:09;Cabeçote;1.0;USI105295;OK;2,92;4;cc/min;;2;N
2026-07-31 18:14:09;Leak Zero;1.0;MON107718;OK;2,19;3;cc/min;;2;N
2026-07-31 18:14:09;Water Leak;1.0;MON110081;OK;4,38;6;cc/min;;2;N
2026-07-31 18:15:45;Bloco;1.5 Turbo;USI102545;OK;2,51;5;cc/min;;2;N
2026-07-31 18:16:53;Bloco;1.5;USI102571;OK;3,17;5;cc/min;;2;N
2026-07-31 18:17:07;Cabeçote;1.5 Turbo;USI105328;OK;1,46;4;cc/min;;2;N
2026-07-31 18:17:07;Leak Zero;1.5 Turbo;MON107751;OK;1,09;3;cc/min;;2;N
2026-07-31 18:17:07;Water Leak;1.5 Turbo;MON110114;OK;2,18;6;cc/min;;2;N
2026-07-31 18:17:55;Cabeçote;1.5;USI105304;OK;2,45;4;cc/min;;2;N
2026-07-31 18:17:55;Leak Zero;1.5;MON107727;OK;1,84;3;cc/min;;2;N
2026-07-31 18:17:55;Water Leak;1.5;MON110090;OK;3,67;6;cc/min;;2;N
2026-07-31 18:18:06;Bloco;1.5;USI102542;OK;3,40;5;cc/min;;2;N
2026-07-31 18:19:09;Bloco;1.5 Turbo;USI102568;OK;2,70;5;cc/min;;2;N
2026-07-31 18:20:07;Bloco;1.5 Turbo;USI102548;OK;0,82;5;cc/min;;2;N
2026-07-31 18:21:00;Cabeçote;1.0;USI105352;OK;2,24;4;cc/min;;2;N
2026-07-31 18:21:00;Leak Zero;1.0;MON107775;OK;1,68;3;cc/min;;2;N
2026-07-31 18:21:00;Water Leak;1.0;MON110138;OK;3,37;6;cc/min;;2;N
2026-07-31 18:21:50;Cabeçote;1.5;USI105349;OK;2,34;4;cc/min;;2;N
2026-07-31 18:21:50;Leak Zero;1.5;MON107772;OK;1,76;3;cc/min;;2;N
2026-07-31 18:21:50;Water Leak;1.5;MON110135;OK;3,51;6;cc/min;;2;N
2026-07-31 18:22:16;Water Leak;1.5 Turbo;MON110155;OK;2,73;6;cc/min;;2;N
2026-07-31 18:22:57;Bloco;1.5 Turbo;USI102613;OK;1,58;5;cc/min;;2;N
2026-07-31 18:23:24;Cabeçote;1.5 Turbo;USI105384;OK;2,29;4;cc/min;;2;N
2026-07-31 18:24:17;Bloco;1.0;USI102603;OK;2,35;5;cc/min;;2;N
2026-07-31 18:24:28;Cabeçote;1.5;USI105381;OK;2,75;4;cc/min;;2;N
2026-07-31 18:24:30;Leak Zero;1.5 Turbo;MON107757;OK;1,03;3;cc/min;;2;N
2026-07-31 18:24:33;Bloco;1.5 Turbo;USI102589;OK;1,45;5;cc/min;;2;N
2026-07-31 18:24:36;Leak Zero;1.5;MON107765;OK;0,58;3;cc/min;;2;N
2026-07-31 18:24:36;Water Leak;1.5;MON110128;OK;1,16;6;cc/min;;2;N
2026-07-31 18:24:52;Bloco;1.5 Turbo;USI102585;OK;1,72;5;cc/min;;2;N
2026-07-31 18:25:14;Bloco;1.5 Turbo;USI102608;OK;1,34;5;cc/min;;2;N
2026-07-31 18:28:03;Bloco;1.5 Turbo;USI102588;OK;2,53;5;cc/min;;2;N
2026-07-31 18:28:56;Cabeçote;1.5 Turbo;USI105345;OK;2,81;4;cc/min;;2;N
2026-07-31 18:28:56;Leak Zero;1.5 Turbo;MON107768;OK;2,11;3;cc/min;;2;N
2026-07-31 18:28:56;Water Leak;1.5 Turbo;MON110131;OK;4,21;6;cc/min;;2;N
2026-07-31 18:29:23;Bloco;1.5;USI102584;OK;1,79;5;cc/min;;2;N
2026-07-31 18:30:20;Bloco;1.5 Turbo;USI102610;OK;2,45;5;cc/min;;2;N
2026-07-31 18:30:23;Bloco;1.5 Turbo;USI102590;OK;1,02;5;cc/min;;2;N
2026-07-31 18:32:12;Cabeçote;1.5;USI105351;OK;2,08;4;cc/min;;2;N
2026-07-31 18:32:12;Leak Zero;1.5;MON107774;OK;1,56;3;cc/min;;2;N
2026-07-31 18:32:12;Water Leak;1.5;MON110137;OK;3,12;6;cc/min;;2;N
2026-07-31 18:34:11;Bloco;1.5 Turbo;USI102602;OK;2,03;5;cc/min;;2;N
2026-07-31 18:34:36;Leak Zero;1.5;MON107756;OK;0,92;3;cc/min;;2;N
2026-07-31 18:35:07;Cabeçote;1.5;USI105388;OK;2,16;4;cc/min;;2;N
2026-07-31 18:35:08;Bloco;1.5;USI102605;OK;2,55;5;cc/min;;2;N
2026-07-31 18:35:23;Cabeçote;1.0;USI105383;OK;0,73;4;cc/min;;2;N
2026-07-31 18:35:55;Bloco;1.0;USI102580;OK;3,09;5;cc/min;;2;N
2026-07-31 18:36:15;Cabeçote;1.5;USI105376;OK;2,82;4;cc/min;;2;N
2026-07-31 18:36:16;Cabeçote;1.5;USI105387;OK;2,88;4;cc/min;;2;N
2026-07-31 18:36:50;Water Leak;1.0;MON110154;OK;2,51;6;cc/min;;2;N
2026-07-31 18:38:04;Water Leak;1.5;MON110158;OK;3,39;6;cc/min;;2;N
2026-07-31 18:39:18;Leak Zero;1.5;MON107754;OK;1,22;3;cc/min;;2;N
2026-07-31 18:39:39;Bloco;1.5;USI102581;OK;2,52;5;cc/min;;2;N
2026-07-31 18:39:41;Cabeçote;1.0;USI105375;OK;0,91;4;cc/min;;2;N
2026-07-31 18:40:49;Bloco;1.5;USI102615;OK;2,22;5;cc/min;;2;N
2026-07-31 18:43:21;Bloco;1.5 Turbo;USI102593;OK;3,17;5;cc/min;;2;N
2026-07-31 18:44:05;Bloco;1.5;USI102606;OK;2,76;5;cc/min;;2;N
2026-07-31 18:45:25;Leak Zero;1.0;MON107764;OK;0,69;3;cc/min;;2;N
2026-07-31 18:45:25;Water Leak;1.0;MON110127;OK;1,37;6;cc/min;;2;N
2026-07-31 18:45:41;Bloco;1.0;USI102578;OK;1,01;5;cc/min;;2;N
2026-07-31 18:45:41;Cabeçote;1.0;USI105379;OK;1,23;4;cc/min;;2;N
2026-07-31 18:45:53;Cabeçote;1.0;USI105361;OK;0,80;4;cc/min;;2;N
2026-07-31 18:45:53;Leak Zero;1.0;MON107784;OK;0,60;3;cc/min;;2;N
2026-07-31 18:45:53;Water Leak;1.0;MON110147;OK;1,20;6;cc/min;;2;N
2026-07-31 18:46:17;Leak Zero;1.0;MON107755;OK;1,93;3;cc/min;;2;N
2026-07-31 18:46:58;Cabeçote;1.5;USI105368;OK;2,30;4;cc/min;;2;N
2026-07-31 18:47:01;Bloco;1.0;USI102587;OK;1,49;5;cc/min;;2;N
2026-07-31 18:47:19;Bloco;1.0;USI102577;OK;2,45;5;cc/min;;2;N
2026-07-31 18:47:56;Cabeçote;1.5;USI105377;OK;2,76;4;cc/min;;2;N
2026-07-31 18:48:14;Bloco;1.5;USI102597;OK;2,52;5;cc/min;;2;N
2026-07-31 18:48:20;Cabeçote;1.0;USI105344;OK;2,39;4;cc/min;;2;N
2026-07-31 18:48:20;Leak Zero;1.0;MON107767;OK;1,79;3;cc/min;;2;N
2026-07-31 18:48:20;Water Leak;1.0;MON110130;OK;3,58;6;cc/min;;2;N
2026-07-31 18:48:32;Water Leak;1.5 Turbo;MON110160;OK;3,78;6;cc/min;;2;N
2026-07-31 18:49:25;Cabeçote;1.5 Turbo;USI105353;OK;2,74;4;cc/min;;2;N
2026-07-31 18:49:25;Leak Zero;1.5 Turbo;MON107776;OK;2,06;3;cc/min;;2;N
2026-07-31 18:49:25;Water Leak;1.5 Turbo;MON110139;OK;4,12;6;cc/min;;2;N
2026-07-31 18:49:31;Cabeçote;1.0;USI105386;OK;2,09;4;cc/min;;2;N
2026-07-31 18:49:35;Leak Zero;1.5;MON107758;OK;1,77;3;cc/min;;2;N
2026-07-31 18:49:38;Water Leak;1.5 Turbo;MON110156;OK;3,46;6;cc/min;;2;N
2026-07-31 18:50:41;Water Leak;1.5 Turbo;MON110157;OK;4,46;6;cc/min;;2;N
2026-07-31 18:50:45;Cabeçote;1.5 Turbo;USI105369;OK;2,91;4;cc/min;;2;N
2026-07-31 18:53:06;Bloco;1.5;USI102614;OK;0,86;5;cc/min;;2;N
2026-07-31 18:53:11;Cabeçote;1.5;USI105356;OK;0,76;4;cc/min;;2;N
2026-07-31 18:53:11;Leak Zero;1.5;MON107779;OK;0,57;3;cc/min;;2;N
2026-07-31 18:53:11;Water Leak;1.5;MON110142;OK;1,15;6;cc/min;;2;N
2026-07-31 18:53:35;Water Leak;1.0;MON110159;OK;3,47;6;cc/min;;2;N
2026-07-31 18:54:13;Cabeçote;1.0;USI105365;NOK;8,64;4;cc/min;Guia de válvula;2;N
2026-07-31 18:54:13;Water Leak;1.0;MON110151;OK;3,02;6;cc/min;;2;N
2026-07-31 18:55:27;Bloco;1.5 Turbo;USI102607;OK;0,90;5;cc/min;;2;N
2026-07-31 18:55:43;Cabeçote;1.0;USI105385;OK;2,29;4;cc/min;;2;N
2026-07-31 18:55:47;Cabeçote;1.0;USI105346;OK;1,53;4;cc/min;;2;N
2026-07-31 18:55:47;Cabeçote;1.5 Turbo;USI105347;OK;2,52;4;cc/min;;2;N
2026-07-31 18:55:47;Leak Zero;1.0;MON107763;OK;1,26;3;cc/min;;2;N
2026-07-31 18:55:47;Leak Zero;1.0;MON107769;OK;1,15;3;cc/min;;2;N
2026-07-31 18:55:47;Leak Zero;1.5 Turbo;MON107770;OK;1,89;3;cc/min;;2;N
2026-07-31 18:55:47;Water Leak;1.0;MON110126;OK;2,51;6;cc/min;;2;N
2026-07-31 18:55:47;Water Leak;1.0;MON110132;OK;2,29;6;cc/min;;2;N
2026-07-31 18:55:47;Water Leak;1.5 Turbo;MON110133;OK;3,78;6;cc/min;;2;N
2026-07-31 18:55:51;Leak Zero;1.0;MON107762;OK;2,04;3;cc/min;;2;N
2026-07-31 18:55:51;Water Leak;1.0;MON110125;OK;4,08;6;cc/min;;2;N
2026-07-31 18:56:07;Cabeçote;1.5 Turbo;USI105378;OK;1,87;4;cc/min;;2;N
2026-07-31 18:56:12;Cabeçote;1.0;USI105366;OK;2,76;4;cc/min;;2;N
2026-07-31 18:56:19;Cabeçote;1.0;USI105343;OK;1,01;4;cc/min;;2;N
2026-07-31 18:56:19;Leak Zero;1.0;MON107766;OK;0,76;3;cc/min;;2;N
2026-07-31 18:56:19;Water Leak;1.0;MON110129;OK;1,51;6;cc/min;;2;N
2026-07-31 18:57:07;Bloco;1.5 Turbo;USI102598;OK;1,08;5;cc/min;;2;N
2026-07-31 18:57:10;Cabeçote;1.5;USI105348;OK;2,31;4;cc/min;;2;N
2026-07-31 18:57:10;Leak Zero;1.5;MON107771;OK;1,74;3;cc/min;;2;N
2026-07-31 18:57:10;Water Leak;1.5;MON110134;OK;3,47;6;cc/min;;2;N
2026-07-31 18:58:32;Bloco;1.5;USI102612;OK;2,95;5;cc/min;;2;N
2026-07-31 19:01:15;Bloco;1.0;USI102599;OK;3,50;5;cc/min;;2;N
2026-07-31 19:01:36;Cabeçote;1.5 Turbo;USI105372;OK;1,36;4;cc/min;;2;N
2026-07-31 19:02:26;Cabeçote;1.5;USI105359;OK;1,56;4;cc/min;;2;N
2026-07-31 19:02:26;Leak Zero;1.5;MON107782;OK;1,17;3;cc/min;;2;N
2026-07-31 19:02:26;Water Leak;1.5;MON110145;OK;2,33;6;cc/min;;2;N
2026-07-31 19:02:54;Cabeçote;1.5;USI105370;OK;2,37;4;cc/min;;2;N
2026-07-31 19:03:01;Bloco;1.0;USI102595;OK;2,56;5;cc/min;;2;N
2026-07-31 19:03:02;Cabeçote;1.5 Turbo;USI105373;OK;2,90;4;cc/min;;2;N
2026-07-31 19:03:25;Cabeçote;1.5;USI105364;OK;2,43;4;cc/min;;2;N
2026-07-31 19:03:25;Water Leak;1.5;MON110150;OK;3,64;6;cc/min;;2;N
2026-07-31 19:03:41;Bloco;1.5;USI102596;OK;1,93;5;cc/min;;2;N
2026-07-31 19:04:09;Bloco;1.0;USI102582;OK;1,43;5;cc/min;;2;N
2026-07-31 19:04:11;Water Leak;1.5 Turbo;MON110153;OK;4,05;6;cc/min;;2;N
2026-07-31 19:04:27;Cabeçote;1.5;USI105350;OK;1,72;4;cc/min;;2;N
2026-07-31 19:04:27;Leak Zero;1.5;MON107773;OK;1,29;3;cc/min;;2;N
2026-07-31 19:04:27;Water Leak;1.5;MON110136;OK;2,58;6;cc/min;;2;N
2026-07-31 19:04:50;Bloco;1.5 Turbo;USI102591;OK;3,23;5;cc/min;;2;N
2026-07-31 19:04:54;Bloco;1.5 Turbo;USI102583;OK;2,45;5;cc/min;;2;N
2026-07-31 19:06:23;Water Leak;1.5 Turbo;MON110152;OK;3,06;6;cc/min;;2;N
2026-07-31 19:07:05;Bloco;1.5 Turbo;USI102601;OK;3,29;5;cc/min;;2;N
2026-07-31 19:08:06;Cabeçote;1.5;USI105374;OK;1,20;4;cc/min;;2;N
2026-07-31 19:08:12;Bloco;1.5;USI102594;OK;2,48;5;cc/min;;2;N
2026-07-31 19:09:27;Bloco;1.5;USI102579;OK;2,04;5;cc/min;;2;N
2026-07-31 19:09:52;Bloco;1.5 Turbo;USI102616;OK;2,28;5;cc/min;;2;N
2026-07-31 19:10:09;Cabeçote;1.0;USI105354;OK;2,48;4;cc/min;;2;N
2026-07-31 19:10:09;Leak Zero;1.0;MON107777;OK;1,86;3;cc/min;;2;N
2026-07-31 19:10:09;Water Leak;1.0;MON110140;OK;3,71;6;cc/min;;2;N
2026-07-31 19:11:10;Leak Zero;1.0;MON107759;OK;1,79;3;cc/min;;2;N
2026-07-31 19:11:10;Water Leak;1.0;MON110122;OK;3,58;6;cc/min;;2;N
2026-07-31 19:11:27;Cabeçote;1.0;USI105362;OK;2,78;4;cc/min;;2;N
2026-07-31 19:11:27;Leak Zero;1.0;MON107785;OK;2,09;3;cc/min;;2;N
2026-07-31 19:11:27;Water Leak;1.0;MON110148;OK;4,17;6;cc/min;;2;N
2026-07-31 19:11:38;Cabeçote;1.5;USI105358;OK;1,20;4;cc/min;;2;N
2026-07-31 19:11:38;Leak Zero;1.5;MON107781;OK;0,90;3;cc/min;;2;N
2026-07-31 19:11:38;Water Leak;1.5;MON110144;OK;1,80;6;cc/min;;2;N
2026-07-31 19:12:24;Cabeçote;1.0;USI105382;NOK;11,37;4;cc/min;Guia de válvula;2;N
2026-07-31 19:12:36;Cabeçote;1.5;USI105367;OK;1,11;4;cc/min;;2;N
2026-07-31 19:12:56;Cabeçote;1.5 Turbo;USI105355;OK;1,16;4;cc/min;;2;N
2026-07-31 19:12:56;Leak Zero;1.5 Turbo;MON107778;OK;0,87;3;cc/min;;2;N
2026-07-31 19:12:56;Water Leak;1.5 Turbo;MON110141;OK;1,74;6;cc/min;;2;N
2026-07-31 19:12:59;Cabeçote;1.5 Turbo;USI105380;OK;2,79;4;cc/min;;2;N
2026-07-31 19:13:08;Bloco;1.5;USI102604;OK;2,52;5;cc/min;;2;N
2026-07-31 19:13:15;Bloco;1.0;USI102586;OK;1,23;5;cc/min;;2;N
2026-07-31 19:13:47;Bloco;1.5 Turbo;USI102600;OK;0,80;5;cc/min;;2;N
2026-07-31 19:14:42;Leak Zero;1.5;MON107760;OK;0,73;3;cc/min;;2;N
2026-07-31 19:14:42;Water Leak;1.5;MON110123;OK;1,45;6;cc/min;;2;N
2026-07-31 19:14:44;Bloco;1.5 Turbo;USI102609;NOK;12,05;5;cc/min;Galeria de água;2;N
2026-07-31 19:15:23;Bloco;1.5;USI102592;OK;1,18;5;cc/min;;2;N
2026-07-31 19:15:45;Cabeçote;1.5 Turbo;USI105360;OK;2,01;4;cc/min;;2;N
2026-07-31 19:15:45;Leak Zero;1.5 Turbo;MON107783;OK;1,51;3;cc/min;;2;N
2026-07-31 19:15:45;Water Leak;1.5 Turbo;MON110146;OK;3,02;6;cc/min;;2;N
2026-07-31 19:16:13;Cabeçote;1.0;USI105365;OK;2,00;4;cc/min;;2;S
2026-07-31 19:17:37;Leak Zero;1.5 Turbo;MON107753;OK;1,26;3;cc/min;;2;N
2026-07-31 19:17:55;Bloco;1.5;USI102611;OK;3,06;5;cc/min;;2;N
2026-07-31 19:18:06;Cabeçote;1.5;USI105357;OK;2,72;4;cc/min;;2;N
2026-07-31 19:18:06;Leak Zero;1.5;MON107780;OK;2,04;3;cc/min;;2;N
2026-07-31 19:18:06;Water Leak;1.5;MON110143;OK;4,08;6;cc/min;;2;N
2026-07-31 19:18:16;Leak Zero;1.5;MON107761;OK;0,59;3;cc/min;;2;N
2026-07-31 19:18:16;Water Leak;1.5;MON110124;OK;1,18;6;cc/min;;2;N
2026-07-31 19:19:28;Cabeçote;1.5;USI105371;OK;1,46;4;cc/min;;2;N
2026-07-31 19:20:07;Cabeçote;1.5 Turbo;USI105363;OK;0,66;4;cc/min;;2;N
2026-07-31 19:20:07;Leak Zero;1.5 Turbo;MON107786;OK;0,49;3;cc/min;;2;N
2026-07-31 19:20:07;Water Leak;1.5 Turbo;MON110149;OK;0,99;6;cc/min;;2;N
2026-07-31 19:20:15;Cabeçote;1.0;USI105401;OK;0,78;4;cc/min;;2;N
2026-07-31 19:20:29;Leak Zero;1.5;MON107805;OK;1,15;3;cc/min;;2;N
2026-07-31 19:22:57;Cabeçote;1.5 Turbo;USI105427;OK;1,27;4;cc/min;;2;N
2026-07-31 19:23:19;Leak Zero;1.5 Turbo;MON107807;OK;2,15;3;cc/min;;2;N
2026-07-31 19:23:24;Bloco;1.5 Turbo;USI102630;OK;2,86;5;cc/min;;2;N
2026-07-31 19:23:24;Water Leak;1.5 Turbo;MON110171;OK;3,44;6;cc/min;;2;N
2026-07-31 19:24:28;Bloco;1.5;USI102627;OK;3,44;5;cc/min;;2;N
2026-07-31 19:24:33;Bloco;1.5 Turbo;USI102649;OK;1,45;5;cc/min;;2;N
2026-07-31 19:24:33;Water Leak;1.5 Turbo;MON110190;OK;1,74;6;cc/min;;2;N
2026-07-31 19:24:52;Bloco;1.5 Turbo;USI102645;OK;1,72;5;cc/min;;2;N
2026-07-31 19:24:52;Water Leak;1.5 Turbo;MON110186;OK;2,07;6;cc/min;;2;N
2026-07-31 19:25:22;Leak Zero;1.0;MON107816;OK;1,46;3;cc/min;;2;N
2026-07-31 19:25:29;Cabeçote;1.5 Turbo;USI105413;OK;2,60;4;cc/min;;2;N
2026-07-31 19:27:46;Cabeçote;1.0;USI105394;OK;1,78;4;cc/min;;2;N
2026-07-31 19:27:53;Water Leak;1.5;MON110162;OK;2,75;6;cc/min;;2;N
2026-07-31 19:28:03;Bloco;1.5 Turbo;USI102648;OK;2,53;5;cc/min;;2;N
2026-07-31 19:28:03;Water Leak;1.5 Turbo;MON110189;OK;3,03;6;cc/min;;2;N
2026-07-31 19:29:20;Cabeçote;1.5;USI105390;OK;1,37;4;cc/min;;2;N
2026-07-31 19:29:23;Bloco;1.5;USI102644;OK;1,79;5;cc/min;;2;N
2026-07-31 19:29:23;Water Leak;1.5;MON110185;OK;2,15;6;cc/min;;2;N
2026-07-31 19:29:49;Leak Zero;1.5;MON107824;OK;0,45;3;cc/min;;2;N
2026-07-31 19:30:20;Cabeçote;1.5 Turbo;USI105424;OK;1,96;4;cc/min;;2;N
2026-07-31 19:30:23;Bloco;1.5 Turbo;USI102650;OK;1,02;5;cc/min;;2;N
2026-07-31 19:30:23;Water Leak;1.5 Turbo;MON110191;OK;1,22;6;cc/min;;2;N
2026-07-31 19:31:39;Cabeçote;1.5 Turbo;USI105417;OK;2,66;4;cc/min;;2;N
2026-07-31 19:32:42;Cabeçote;1.5;USI105391;OK;1,64;4;cc/min;;2;N
2026-07-31 19:32:44;Leak Zero;1.5 Turbo;MON107788;OK;1,60;3;cc/min;;2;N
2026-07-31 19:32:55;Leak Zero;1.0;MON107791;OK;1,07;3;cc/min;;2;N
2026-07-31 19:33:49;Leak Zero;1.5 Turbo;MON107820;OK;1,82;3;cc/min;;2;N
2026-07-31 19:34:05;Leak Zero;1.5 Turbo;MON107813;OK;0,72;3;cc/min;;2;N
2026-07-31 19:34:07;Leak Zero;1.5;MON107827;OK;1,86;3;cc/min;;2;N
2026-07-31 19:34:11;Bloco;1.5 Turbo;USI102662;OK;2,03;5;cc/min;;2;N
2026-07-31 19:34:24;Cabeçote;1.0;USI105382;OK;2,00;4;cc/min;;2;S
2026-07-31 19:34:45;Bloco;1.0;USI102636;OK;2,79;5;cc/min;;2;N
2026-07-31 19:34:45;Water Leak;1.0;MON110177;OK;3,35;6;cc/min;;2;N
2026-07-31 19:34:58;Leak Zero;1.0;MON107825;OK;1,73;3;cc/min;;2;N
2026-07-31 19:35:07;Bloco;1.5;USI102634;OK;2,69;5;cc/min;;2;N
2026-07-31 19:35:07;Water Leak;1.5;MON110175;OK;3,23;6;cc/min;;2;N
2026-07-31 19:35:11;Water Leak;1.5 Turbo;MON110161;OK;1,81;6;cc/min;;2;N
2026-07-31 19:35:19;Cabeçote;1.0;USI105436;OK;2,02;4;cc/min;;2;N
2026-07-31 19:35:19;Leak Zero;1.0;MON107798;OK;1,52;3;cc/min;;2;N
2026-07-31 19:35:23;Bloco;1.0;USI102629;OK;0,91;5;cc/min;;2;N
2026-07-31 19:35:23;Water Leak;1.0;MON110170;OK;1,09;6;cc/min;;2;N
2026-07-31 19:35:51;Water Leak;1.5;MON110166;OK;3,83;6;cc/min;;2;N
2026-07-31 19:35:55;Bloco;1.0;USI102640;OK;3,09;5;cc/min;;2;N
2026-07-31 19:35:55;Water Leak;1.0;MON110181;OK;3,71;6;cc/min;;2;N
2026-07-31 19:35:59;Cabeçote;1.5 Turbo;USI105392;OK;1,18;4;cc/min;;2;N
2026-07-31 19:36:15;Bloco;1.5;USI102622;OK;3,52;5;cc/min;;2;N
2026-07-31 19:36:16;Bloco;1.5;USI102633;OK;3,60;5;cc/min;;2;N
2026-07-31 19:36:16;Water Leak;1.5;MON110174;OK;4,32;6;cc/min;;2;N
2026-07-31 19:37:40;Cabeçote;1.5 Turbo;USI105396;OK;2,78;4;cc/min;;2;N
2026-07-31 19:38:07;Leak Zero;1.5;MON107806;OK;0,87;3;cc/min;;2;N
2026-07-31 19:39:30;Cabeçote;1.5 Turbo;USI105409;OK;2,37;4;cc/min;;2;N
2026-07-31 19:39:39;Bloco;1.5;USI102641;OK;2,52;5;cc/min;;2;N
2026-07-31 19:39:39;Leak Zero;1.5;MON107823;OK;1,04;3;cc/min;;2;N
2026-07-31 19:39:39;Water Leak;1.5;MON110182;OK;3,02;6;cc/min;;2;N
2026-07-31 19:39:41;Bloco;1.0;USI102621;OK;1,14;5;cc/min;;2;N
2026-07-31 19:39:43;Leak Zero;1.5 Turbo;MON107802;OK;1,53;3;cc/min;;2;N
2026-07-31 19:39:45;Cabeçote;1.5;USI105400;OK;1,61;4;cc/min;;2;N
2026-07-31 19:40:17;Cabeçote;1.5 Turbo;USI105395;OK;2,64;4;cc/min;;2;N
2026-07-31 19:40:25;Cabeçote;1.5 Turbo;USI105408;OK;0,67;4;cc/min;;2;N
2026-07-31 19:40:49;Cabeçote;1.5;USI105429;OK;1,78;4;cc/min;;2;N
2026-07-31 19:41:03;Leak Zero;1.5;MON107822;OK;2,13;3;cc/min;;2;N
2026-07-31 19:42:04;Cabeçote;1.5;USI105438;OK;1,66;4;cc/min;;2;N
2026-07-31 19:42:04;Leak Zero;1.5;MON107800;OK;1,25;3;cc/min;;2;N
2026-07-31 19:42:45;Cabeçote;1.0;USI105418;OK;2,29;4;cc/min;;2;N
2026-07-31 19:43:11;Cabeçote;1.5 Turbo;USI105432;OK;1,94;4;cc/min;;2;N
2026-07-31 19:43:21;Bloco;1.5 Turbo;USI102653;OK;3,17;5;cc/min;;2;N
2026-07-31 19:43:21;Water Leak;1.5 Turbo;MON110194;OK;3,81;6;cc/min;;2;N
2026-07-31 19:43:37;Cabeçote;1.5;USI105406;OK;2,02;4;cc/min;;2;N
2026-07-31 19:45:41;Bloco;1.0;USI102625;OK;1,53;5;cc/min;;2;N
2026-07-31 19:45:41;Bloco;1.0;USI102638;OK;1,01;5;cc/min;;2;N
2026-07-31 19:45:41;Water Leak;1.0;MON110179;OK;1,21;6;cc/min;;2;N
2026-07-31 19:46:04;Leak Zero;1.0;MON107817;OK;0,68;3;cc/min;;2;N
2026-07-31 19:47:01;Bloco;1.0;USI102647;OK;1,49;5;cc/min;;2;N
2026-07-31 19:47:01;Water Leak;1.0;MON110188;OK;1,79;6;cc/min;;2;N
2026-07-31 19:47:19;Bloco;1.0;USI102637;OK;2,45;5;cc/min;;2;N
2026-07-31 19:47:19;Water Leak;1.0;MON110178;OK;2,94;6;cc/min;;2;N
2026-07-31 19:47:24;Cabeçote;1.5;USI105410;OK;1,08;4;cc/min;;2;N
2026-07-31 19:47:56;Bloco;1.5;USI102623;OK;3,46;5;cc/min;;2;N
2026-07-31 19:48:14;Bloco;1.5;USI102657;OK;2,52;5;cc/min;;2;N
2026-07-31 19:49:31;Bloco;1.0;USI102632;OK;2,62;5;cc/min;;2;N
2026-07-31 19:49:31;Water Leak;1.0;MON110173;OK;3,14;6;cc/min;;2;N
2026-07-31 19:50:59;Cabeçote;1.5;USI105437;OK;2,25;4;cc/min;;2;N
2026-07-31 19:50:59;Leak Zero;1.5;MON107799;OK;1,69;3;cc/min;;2;N
2026-07-31 19:51:00;Cabeçote;1.5 Turbo;USI105431;OK;1,32;4;cc/min;;2;N
2026-07-31 19:51:21;Cabeçote;1.0;USI105398;OK;2,03;4;cc/min;;2;N
2026-07-31 19:52:02;Water Leak;1.0;MON110165;OK;2,07;6;cc/min;;2;N
2026-07-31 19:52:13;Cabeçote;1.5;USI105411;OK;0,63;4;cc/min;;2;N
2026-07-31 19:53:06;Cabeçote;1.5;USI105428;OK;0,68;4;cc/min;;2;N
2026-07-31 19:53:58;Cabeçote;1.0;USI105393;OK;0,77;4;cc/min;;2;N
2026-07-31 19:54:13;Leak Zero;1.5 Turbo;MON107821;OK;1,39;3;cc/min;;2;N
2026-07-31 19:54:13;Leak Zero;1.5;MON107815;OK;0,92;3;cc/min;;2;N
2026-07-31 19:54:37;Cabeçote;1.5;USI105419;OK;2,82;4;cc/min;;2;N
2026-07-31 19:54:55;Cabeçote;1.0;USI105435;OK;2,22;4;cc/min;;2;N
2026-07-31 19:54:55;Leak Zero;1.0;MON107797;OK;1,66;3;cc/min;;2;N
2026-07-31 19:55:28;Leak Zero;1.5 Turbo;MON107819;OK;0,97;3;cc/min;;2;N
2026-07-31 19:55:43;Bloco;1.0;USI102631;OK;2,86;5;cc/min;;2;N
2026-07-31 19:55:43;Leak Zero;1.5;MON107826;OK;2,07;3;cc/min;;2;N
2026-07-31 19:55:43;Water Leak;1.0;MON110172;OK;3,44;6;cc/min;;2;N
2026-07-31 19:56:07;Bloco;1.5 Turbo;USI102624;OK;2,34;5;cc/min;;2;N
2026-07-31 19:56:34;Cabeçote;1.0;USI105389;OK;2,90;4;cc/min;;2;N
2026-07-31 19:56:53;Cabeçote;1.5;USI105420;OK;1,63;4;cc/min;;2;N
2026-07-31 19:57:07;Bloco;1.5 Turbo;USI102658;OK;1,08;5;cc/min;;2;N
2026-07-31 19:57:30;Leak Zero;1.5;MON107810;OK;1,61;3;cc/min;;2;N
2026-07-31 19:58:32;Cabeçote;1.5;USI105426;OK;2,36;4;cc/min;;2;N
2026-07-31 19:59:03;Leak Zero;1.5 Turbo;MON107812;OK;1,54;3;cc/min;;2;N
2026-07-31 19:59:27;Leak Zero;1.5;MON107787;OK;2,18;3;cc/min;;2;N
2026-07-31 19:59:35;Leak Zero;1.5 Turbo;MON107804;OK;2,22;3;cc/min;;2;N
2026-07-31 20:00:58;Leak Zero;1.0;MON107814;OK;0,83;3;cc/min;;2;N
2026-07-31 20:01:15;Bloco;1.0;USI102659;OK;3,50;5;cc/min;;2;N
2026-07-31 20:01:36;Bloco;1.5 Turbo;USI102618;OK;1,70;5;cc/min;;2;N
2026-07-31 20:02:26;Leak Zero;1.5 Turbo;MON107808;OK;0,92;3;cc/min;;2;N
2026-07-31 20:02:26;Leak Zero;1.5 Turbo;MON107809;OK;0,63;3;cc/min;;2;N
2026-07-31 20:02:37;Leak Zero;1.5;MON107792;OK;1,94;3;cc/min;;2;N
2026-07-31 20:02:48;Cabeçote;1.0;USI105402;OK;2,05;4;cc/min;;2;N
2026-07-31 20:02:57;Cabeçote;1.5 Turbo;USI105433;OK;1,73;4;cc/min;;2;N
2026-07-31 20:02:57;Leak Zero;1.5 Turbo;MON107795;OK;1,30;3;cc/min;;2;N
2026-07-31 20:03:01;Bloco;1.0;USI102655;OK;2,56;5;cc/min;;2;N
2026-07-31 20:03:01;Water Leak;1.0;MON110196;OK;3,07;6;cc/min;;2;N
2026-07-31 20:03:02;Bloco;1.5 Turbo;USI102619;OK;3,62;5;cc/min;;2;N
2026-07-31 20:03:21;Cabeçote;1.5 Turbo;USI105422;OK;3,00;4;cc/min;;2;N
2026-07-31 20:03:41;Bloco;1.5;USI102656;OK;1,93;5;cc/min;;2;N
2026-07-31 20:03:56;Cabeçote;1.5 Turbo;USI105434;OK;1,42;4;cc/min;;2;N
2026-07-31 20:03:56;Leak Zero;1.5 Turbo;MON107796;OK;1,06;3;cc/min;;2;N
2026-07-31 20:04:09;Bloco;1.0;USI102642;OK;1,43;5;cc/min;;2;N
2026-07-31 20:04:09;Water Leak;1.0;MON110183;OK;1,72;6;cc/min;;2;N
2026-07-31 20:04:11;Leak Zero;1.5 Turbo;MON107789;OK;0,53;3;cc/min;;2;N
2026-07-31 20:04:19;Leak Zero;1.0;MON107794;NOK;5,37;3;cc/min;Cárter;2;N
2026-07-31 20:04:50;Bloco;1.5 Turbo;USI102651;OK;3,23;5;cc/min;;2;N
2026-07-31 20:04:50;Water Leak;1.5 Turbo;MON110192;OK;3,88;6;cc/min;;2;N
2026-07-31 20:04:54;Bloco;1.5 Turbo;USI102643;OK;2,45;5;cc/min;;2;N
2026-07-31 20:04:54;Water Leak;1.5 Turbo;MON110184;OK;2,94;6;cc/min;;2;N
2026-07-31 20:05:51;Cabeçote;1.0;USI105397;OK;2,92;4;cc/min;;2;N
2026-07-31 20:06:29;Cabeçote;1.0;USI105415;OK;1,92;4;cc/min;;2;N
2026-07-31 20:07:00;Leak Zero;1.5;MON107818;OK;1,05;3;cc/min;;2;N
2026-07-31 20:07:05;Bloco;1.5 Turbo;USI102661;OK;3,29;5;cc/min;;2;N
2026-07-31 20:07:05;Cabeçote;1.5 Turbo;USI105404;OK;0,95;4;cc/min;;2;N
2026-07-31 20:08:06;Bloco;1.5;USI102620;OK;1,50;5;cc/min;;2;N
2026-07-31 20:08:12;Bloco;1.5;USI102654;OK;2,48;5;cc/min;;2;N
2026-07-31 20:08:12;Water Leak;1.5;MON110195;OK;2,98;6;cc/min;;2;N
2026-07-31 20:08:15;Cabeçote;1.5 Turbo;USI105414;OK;2,71;4;cc/min;;2;N
2026-07-31 20:08:48;Cabeçote;1.5 Turbo;USI105412;OK;1,77;4;cc/min;;2;N
2026-07-31 20:09:04;Leak Zero;1.0;MON107803;OK;1,63;3;cc/min;;2;N
2026-07-31 20:09:27;Bloco;1.5;USI102639;OK;2,04;5;cc/min;;2;N
2026-07-31 20:09:27;Water Leak;1.5;MON110180;OK;2,45;6;cc/min;;2;N
2026-07-31 20:09:52;Cabeçote;1.5 Turbo;USI105430;OK;1,82;4;cc/min;;2;N
2026-07-31 20:10:32;Cabeçote;1.5;USI105439;OK;1,04;4;cc/min;;2;N
2026-07-31 20:10:32;Leak Zero;1.5;MON107801;OK;0,78;3;cc/min;;2;N
2026-07-31 20:11:15;Cabeçote;1.5 Turbo;USI105407;OK;2,08;4;cc/min;;2;N
2026-07-31 20:11:43;Cabeçote;1.0;USI105423;OK;2,33;4;cc/min;;2;N
2026-07-31 20:11:52;Cabeçote;1.0;USI105421;OK;2,65;4;cc/min;;2;N
2026-07-31 20:12:24;Bloco;1.0;USI102628;NOK;14,21;5;cc/min;Face de fogo;2;N
2026-07-31 20:12:59;Bloco;1.5 Turbo;USI102626;OK;3,49;5;cc/min;;2;N
2026-07-31 20:13:15;Bloco;1.0;USI102646;OK;1,23;5;cc/min;;2;N
2026-07-31 20:13:15;Water Leak;1.0;MON110187;OK;1,48;6;cc/min;;2;N
2026-07-31 20:13:47;Bloco;1.5 Turbo;USI102660;OK;0,80;5;cc/min;;2;N
2026-07-31 20:13:54;Water Leak;1.5 Turbo;MON110168;OK;0,92;6;cc/min;;2;N
2026-07-31 20:14:07;Cabeçote;1.0;USI105403;OK;1,73;4;cc/min;;2;N
2026-07-31 20:14:09;Cabeçote;1.0;USI105416;OK;2,92;4;cc/min;;2;N
2026-07-31 20:14:11;Leak Zero;1.0;MON107790;OK;1,44;3;cc/min;;2;N
2026-07-31 20:14:17;Water Leak;1.5;MON110164;OK;3,92;6;cc/min;;2;N
2026-07-31 20:14:42;Cabeçote;1.5 Turbo;USI105405;OK;2,02;4;cc/min;;2;N
2026-07-31 20:14:54;Water Leak;1.5;MON110167;OK;3,26;6;cc/min;;2;N
2026-07-31 20:14:59;Bloco;1.5;USI102635;OK;1,45;5;cc/min;;2;N
2026-07-31 20:14:59;Water Leak;1.5;MON110176;OK;1,73;6;cc/min;;2;N
2026-07-31 20:15:23;Bloco;1.5;USI102652;OK;1,18;5;cc/min;;2;N
2026-07-31 20:15:23;Water Leak;1.5;MON110193;OK;1,42;6;cc/min;;2;N
2026-07-31 20:15:39;Water Leak;1.5 Turbo;MON110163;OK;2,21;6;cc/min;;2;N
2026-07-31 20:16:18;Cabeçote;1.5 Turbo;USI105399;OK;2,02;4;cc/min;;2;N
2026-07-31 20:17:07;Leak Zero;1.5 Turbo;MON107811;OK;1,09;3;cc/min;;2;N
2026-07-31 20:17:51;Leak Zero;1.5;MON107793;OK;1,38;3;cc/min;;2;N
2026-07-31 20:17:55;Cabeçote;1.5;USI105425;OK;2,45;4;cc/min;;2;N
2026-07-31 20:18:15;Water Leak;1.5;MON110169;OK;1,98;6;cc/min;;2;N
2026-07-31 20:19:28;Bloco;1.5;USI102617;OK;1,82;5;cc/min;;2;N
2026-07-31 20:20:29;Bloco;1.5;USI102689;OK;1,92;5;cc/min;;2;N
2026-07-31 20:20:29;Water Leak;1.5;MON110230;OK;2,31;6;cc/min;;2;N
2026-07-31 20:21:00;Leak Zero;1.0;MON107835;OK;1,68;3;cc/min;;2;N
2026-07-31 20:21:05;Cabeçote;1.5 Turbo;USI105474;OK;2,45;4;cc/min;;2;N
2026-07-31 20:21:50;Leak Zero;1.5;MON107832;OK;1,76;3;cc/min;;2;N
2026-07-31 20:22:16;Leak Zero;1.5 Turbo;MON107852;OK;1,37;3;cc/min;;2;N
2026-07-31 20:22:57;Bloco;1.5 Turbo;USI102673;OK;1,58;5;cc/min;;2;N
2026-07-31 20:22:57;Water Leak;1.5 Turbo;MON110214;OK;1,90;6;cc/min;;2;N
2026-07-31 20:23:19;Bloco;1.5 Turbo;USI102691;OK;3,59;5;cc/min;;2;N
2026-07-31 20:23:19;Water Leak;1.5 Turbo;MON110232;OK;4,30;6;cc/min;;2;N
2026-07-31 20:23:24;Cabeçote;1.5 Turbo;USI105444;OK;2,29;4;cc/min;;2;N
2026-07-31 20:24:28;Cabeçote;1.5;USI105441;OK;2,75;4;cc/min;;2;N
2026-07-31 20:25:22;Bloco;1.0;USI102700;OK;2,44;5;cc/min;;2;N
2026-07-31 20:25:22;Cabeçote;1.0;USI105452;OK;1,95;4;cc/min;;2;N
2026-07-31 20:25:28;Cabeçote;1.0;USI105464;OK;2,78;4;cc/min;;2;N
2026-07-31 20:25:29;Water Leak;1.5 Turbo;MON110200;OK;3,90;6;cc/min;;2;N
2026-07-31 20:26:19;Leak Zero;1.0;MON107794;OK;1,50;3;cc/min;;2;S
2026-07-31 20:26:44;Cabeçote;1.5;USI105472;OK;0,81;4;cc/min;;2;N
2026-07-31 20:28:46;Cabeçote;1.5;USI105466;OK;2,64;4;cc/min;;2;N
2026-07-31 20:28:56;Leak Zero;1.5 Turbo;MON107828;OK;2,11;3;cc/min;;2;N
2026-07-31 20:29:49;Cabeçote;1.5;USI105460;OK;0,60;4;cc/min;;2;N
2026-07-31 20:30:20;Bloco;1.5 Turbo;USI102670;OK;2,45;5;cc/min;;2;N
2026-07-31 20:30:20;Water Leak;1.5 Turbo;MON110211;OK;2,94;6;cc/min;;2;N
2026-07-31 20:31:39;Bloco;1.5 Turbo;USI102663;OK;3,32;5;cc/min;;2;N
2026-07-31 20:31:39;Water Leak;1.5 Turbo;MON110204;OK;3,99;6;cc/min;;2;N
2026-07-31 20:32:12;Leak Zero;1.5;MON107834;OK;1,56;3;cc/min;;2;N
2026-07-31 20:33:49;Cabeçote;1.5 Turbo;USI105456;OK;2,43;4;cc/min;;2;N
2026-07-31 20:34:05;Bloco;1.5 Turbo;USI102697;OK;1,21;5;cc/min;;2;N
2026-07-31 20:34:07;Cabeçote;1.5;USI105463;OK;2,48;4;cc/min;;2;N
2026-07-31 20:34:24;Bloco;1.0;USI102628;OK;2,50;5;cc/min;;2;S
2026-07-31 20:34:45;Cabeçote;1.0;USI105450;NOK;9,30;4;cc/min;Sede de válvula;2;N
2026-07-31 20:34:58;Cabeçote;1.0;USI105461;OK;2,31;4;cc/min;;2;N
2026-07-31 20:35:07;Cabeçote;1.5;USI105448;OK;2,16;4;cc/min;;2;N
2026-07-31 20:35:19;Bloco;1.0;USI102682;OK;2,53;5;cc/min;;2;N
2026-07-31 20:35:19;Water Leak;1.0;MON110223;OK;3,04;6;cc/min;;2;N
2026-07-31 20:35:23;Cabeçote;1.0;USI105443;OK;0,73;4;cc/min;;2;N
2026-07-31 20:36:16;Cabeçote;1.5;USI105447;OK;2,88;4;cc/min;;2;N
2026-07-31 20:36:50;Leak Zero;1.0;MON107851;OK;1,25;3;cc/min;;2;N
2026-07-31 20:38:04;Leak Zero;1.5;MON107855;OK;1,69;3;cc/min;;2;N
2026-07-31 20:38:07;Bloco;1.5;USI102690;OK;1,45;5;cc/min;;2;N
2026-07-31 20:38:07;Water Leak;1.5;MON110231;OK;1,73;6;cc/min;;2;N
2026-07-31 20:39:39;Cabeçote;1.5;USI105459;OK;1,38;4;cc/min;;2;N
2026-07-31 20:39:43;Bloco;1.5 Turbo;USI102686;OK;2,56;5;cc/min;;2;N
2026-07-31 20:39:43;Water Leak;1.5 Turbo;MON110227;OK;3,07;6;cc/min;;2;N
2026-07-31 20:40:36;Leak Zero;1.0;MON107858;OK;1,04;3;cc/min;;2;N
2026-07-31 20:40:49;Bloco;1.5;USI102675;OK;2,22;5;cc/min;;2;N
2026-07-31 20:40:49;Water Leak;1.5;MON110216;OK;2,67;6;cc/min;;2;N
2026-07-31 20:41:03;Cabeçote;1.5;USI105458;OK;2,85;4;cc/min;;2;N
2026-07-31 20:42:04;Bloco;1.5;USI102684;OK;2,08;5;cc/min;;2;N
2026-07-31 20:42:04;Water Leak;1.5;MON110225;OK;2,49;6;cc/min;;2;N
2026-07-31 20:42:45;Bloco;1.0;USI102664;OK;2,86;5;cc/min;;2;N
2026-07-31 20:42:45;Water Leak;1.0;MON110205;OK;3,44;6;cc/min;;2;N
2026-07-31 20:43:11;Bloco;1.5 Turbo;USI102678;OK;2,42;5;cc/min;;2;N
2026-07-31 20:43:11;Water Leak;1.5 Turbo;MON110219;OK;2,91;6;cc/min;;2;N
2026-07-31 20:43:42;Cabeçote;1.0;USI105470;OK;1,88;4;cc/min;;2;N
2026-07-31 20:45:48;Cabeçote;1.5 Turbo;USI105476;OK;1,06;4;cc/min;;2;N
2026-07-31 20:45:53;Leak Zero;1.0;MON107844;OK;0,60;3;cc/min;;2;N
2026-07-31 20:46:04;Cabeçote;1.0;USI105453;OK;0,90;4;cc/min;;2;N
2026-07-31 20:47:24;Water Leak;1.5;MON110197;OK;1,62;6;cc/min;;2;N
2026-07-31 20:48:32;Leak Zero;1.5 Turbo;MON107857;OK;1,89;3;cc/min;;2;N
2026-07-31 20:49:25;Leak Zero;1.5 Turbo;MON107836;OK;2,06;3;cc/min;;2;N
2026-07-31 20:49:31;Cabeçote;1.0;USI105446;OK;2,09;4;cc/min;;2;N
2026-07-31 20:49:38;Leak Zero;1.5 Turbo;MON107853;OK;1,73;3;cc/min;;2;N
2026-07-31 20:50:41;Leak Zero;1.5 Turbo;MON107854;OK;2,23;3;cc/min;;2;N
2026-07-31 20:50:59;Bloco;1.5;USI102683;OK;2,82;5;cc/min;;2;N
2026-07-31 20:50:59;Water Leak;1.5;MON110224;OK;3,38;6;cc/min;;2;N
2026-07-31 20:51:00;Bloco;1.5 Turbo;USI102677;OK;1,64;5;cc/min;;2;N
2026-07-31 20:51:00;Water Leak;1.5 Turbo;MON110218;OK;1,97;6;cc/min;;2;N
2026-07-31 20:52:10;Cabeçote;1.5 Turbo;USI105477;OK;1,50;4;cc/min;;2;N
2026-07-31 20:52:13;Water Leak;1.5;MON110198;OK;0,95;6;cc/min;;2;N
2026-07-31 20:53:06;Bloco;1.5;USI102674;OK;0,86;5;cc/min;;2;N
2026-07-31 20:53:06;Water Leak;1.5;MON110215;OK;1,03;6;cc/min;;2;N
2026-07-31 20:53:11;Leak Zero;1.5;MON107839;OK;0,57;3;cc/min;;2;N
2026-07-31 20:53:35;Leak Zero;1.0;MON107856;OK;1,74;3;cc/min;;2;N
2026-07-31 20:54:13;Bloco;1.5;USI102699;OK;1,54;5;cc/min;;2;N
2026-07-31 20:54:13;Cabeçote;1.5 Turbo;USI105457;OK;1,85;4;cc/min;;2;N
2026-07-31 20:54:13;Cabeçote;1.5;USI105451;OK;1,23;4;cc/min;;2;N
2026-07-31 20:54:13;Leak Zero;1.0;MON107848;OK;1,51;3;cc/min;;2;N
2026-07-31 20:54:37;Bloco;1.5;USI102665;OK;3,53;5;cc/min;;2;N
2026-07-31 20:54:37;Water Leak;1.5;MON110206;OK;4,23;6;cc/min;;2;N
2026-07-31 20:54:51;Cabeçote;1.0;USI105468;OK;1,37;4;cc/min;;2;N
2026-07-31 20:54:55;Bloco;1.0;USI102681;OK;2,77;5;cc/min;;2;N
2026-07-31 20:54:55;Water Leak;1.0;MON110222;OK;3,33;6;cc/min;;2;N
2026-07-31 20:55:28;Cabeçote;1.5 Turbo;USI105455;OK;1,30;4;cc/min;;2;N
2026-07-31 20:55:30;Cabeçote;1.5 Turbo;USI105478;OK;1,98;4;cc/min;;2;N
2026-07-31 20:55:32;Cabeçote;1.0;USI105471;OK;2,55;4;cc/min;;2;N
2026-07-31 20:55:43;Cabeçote;1.0;USI105445;OK;2,29;4;cc/min;;2;N
2026-07-31 20:55:43;Cabeçote;1.5;USI105462;OK;2,76;4;cc/min;;2;N
2026-07-31 20:55:47;Leak Zero;1.0;MON107829;OK;1,15;3;cc/min;;2;N
2026-07-31 20:55:47;Leak Zero;1.5 Turbo;MON107830;OK;1,89;3;cc/min;;2;N
2026-07-31 20:56:15;Cabeçote;1.5 Turbo;USI105479;OK;2,07;4;cc/min;;2;N
2026-07-31 20:56:20;Cabeçote;1.5 Turbo;USI105469;OK;1,69;4;cc/min;;2;N
2026-07-31 20:56:45;Cabeçote;1.0;USI105450;OK;2,00;4;cc/min;;2;S
2026-07-31 20:56:53;Bloco;1.5;USI102666;OK;2,04;5;cc/min;;2;N
2026-07-31 20:56:53;Water Leak;1.5;MON110207;OK;2,44;6;cc/min;;2;N
2026-07-31 20:57:10;Leak Zero;1.5;MON107831;OK;1,74;3;cc/min;;2;N
2026-07-31 20:57:30;Bloco;1.5;USI102694;OK;2,69;5;cc/min;;2;N
2026-07-31 20:57:30;Water Leak;1.5;MON110235;OK;3,22;6;cc/min;;2;N
2026-07-31 20:58:32;Bloco;1.5;USI102672;OK;2,95;5;cc/min;;2;N
2026-07-31 20:58:32;Water Leak;1.5;MON110213;OK;3,54;6;cc/min;;2;N
2026-07-31 20:59:03;Bloco;1.5 Turbo;USI102696;OK;2,57;5;cc/min;;2;N
2026-07-31 20:59:03;Water Leak;1.5 Turbo;MON110237;OK;3,08;6;cc/min;;2;N
2026-07-31 20:59:35;Bloco;1.5 Turbo;USI102688;OK;3,70;5;cc/min;;2;N
2026-07-31 20:59:35;Water Leak;1.5 Turbo;MON110229;OK;4,44;6;cc/min;;2;N
2026-07-31 21:00:27;Cabeçote;1.5;USI105480;OK;2,67;4;cc/min;;2;N
2026-07-31 21:00:37;Leak Zero;1.0;MON107859;OK;0,93;3;cc/min;;2;N
2026-07-31 21:00:58;Bloco;1.0;USI102698;OK;1,38;5;cc/min;;2;N
2026-07-31 21:02:26;Bloco;1.5 Turbo;USI102692;OK;1,54;5;cc/min;;2;N
2026-07-31 21:02:26;Bloco;1.5 Turbo;USI102693;OK;1,05;5;cc/min;;2;N
2026-07-31 21:02:26;Leak Zero;1.5;MON107842;OK;1,17;3;cc/min;;2;N
2026-07-31 21:02:26;Water Leak;1.5 Turbo;MON110233;OK;1,84;6;cc/min;;2;N
2026-07-31 21:02:26;Water Leak;1.5 Turbo;MON110234;OK;1,26;6;cc/min;;2;N
2026-07-31 21:02:57;Bloco;1.5 Turbo;USI102679;OK;2,17;5;cc/min;;2;N
2026-07-31 21:02:57;Water Leak;1.5 Turbo;MON110220;OK;2,60;6;cc/min;;2;N
2026-07-31 21:03:21;Bloco;1.5 Turbo;USI102668;OK;3,75;5;cc/min;;2;N
2026-07-31 21:03:21;Water Leak;1.5 Turbo;MON110209;OK;4,50;6;cc/min;;2;N
2026-07-31 21:03:25;Leak Zero;1.5;MON107847;OK;1,82;3;cc/min;;2;N
2026-07-31 21:03:56;Bloco;1.5 Turbo;USI102680;OK;1,77;5;cc/min;;2;N
2026-07-31 21:03:56;Water Leak;1.5 Turbo;MON110221;OK;2,13;6;cc/min;;2;N
2026-07-31 21:04:11;Leak Zero;1.5 Turbo;MON107850;OK;2,02;3;cc/min;;2;N
2026-07-31 21:04:27;Leak Zero;1.5;MON107833;OK;1,29;3;cc/min;;2;N
2026-07-31 21:06:23;Leak Zero;1.5 Turbo;MON107849;OK;1,53;3;cc/min;;2;N
2026-07-31 21:06:29;Water Leak;1.0;MON110202;OK;2,88;6;cc/min;;2;N
2026-07-31 21:07:00;Cabeçote;1.5;USI105454;OK;1,40;4;cc/min;;2;N
2026-07-31 21:08:15;Water Leak;1.5 Turbo;MON110201;OK;4,07;6;cc/min;;2;N
2026-07-31 21:08:37;Cabeçote;1.5;USI105467;OK;1,41;4;cc/min;;2;N
2026-07-31 21:08:48;Water Leak;1.5 Turbo;MON110199;OK;2,66;6;cc/min;;2;N
2026-07-31 21:09:04;Bloco;1.0;USI102687;OK;2,72;5;cc/min;;2;N
2026-07-31 21:09:04;Water Leak;1.0;MON110228;OK;3,26;6;cc/min;;2;N
2026-07-31 21:09:52;Bloco;1.5 Turbo;USI102676;OK;2,28;5;cc/min;;2;N
2026-07-31 21:09:52;Cabeçote;1.5;USI105465;OK;1,54;4;cc/min;;2;N
2026-07-31 21:09:52;Water Leak;1.5 Turbo;MON110217;OK;2,73;6;cc/min;;2;N
2026-07-31 21:10:09;Leak Zero;1.0;MON107837;OK;1,86;3;cc/min;;2;N
2026-07-31 21:10:32;Bloco;1.5;USI102685;OK;1,30;5;cc/min;;2;N
2026-07-31 21:10:32;Water Leak;1.5;MON110226;OK;1,56;6;cc/min;;2;N
2026-07-31 21:10:56;Cabeçote;1.5;USI105475;OK;2,76;4;cc/min;;2;N
2026-07-31 21:11:27;Leak Zero;1.0;MON107845;OK;2,09;3;cc/min;;2;N
2026-07-31 21:11:38;Leak Zero;1.5;MON107841;OK;0,90;3;cc/min;;2;N
2026-07-31 21:11:43;Bloco;1.0;USI102669;OK;2,91;5;cc/min;;2;N
2026-07-31 21:11:43;Water Leak;1.0;MON110210;OK;3,50;6;cc/min;;2;N
2026-07-31 21:11:52;Bloco;1.0;USI102667;OK;3,31;5;cc/min;;2;N
2026-07-31 21:11:52;Water Leak;1.0;MON110208;OK;3,98;6;cc/min;;2;N
2026-07-31 21:12:24;Cabeçote;1.0;USI105442;NOK;11,37;4;cc/min;Guia de válvula;2;N
2026-07-31 21:12:56;Leak Zero;1.5 Turbo;MON107838;OK;0,87;3;cc/min;;2;N
2026-07-31 21:12:59;Cabeçote;1.5 Turbo;USI105440;OK;2,79;4;cc/min;;2;N
2026-07-31 21:14:09;Water Leak;1.0;MON110203;OK;4,38;6;cc/min;;2;N
2026-07-31 21:14:59;Cabeçote;1.5;USI105449;OK;1,16;4;cc/min;;2;N
2026-07-31 21:15:05;Cabeçote;1.5 Turbo;USI105473;OK;2,52;4;cc/min;;2;N
2026-07-31 21:15:45;Leak Zero;1.5 Turbo;MON107843;OK;1,51;3;cc/min;;2;N
2026-07-31 21:17:07;Bloco;1.5 Turbo;USI102695;OK;1,82;5;cc/min;;2;N
2026-07-31 21:17:07;Water Leak;1.5 Turbo;MON110236;OK;2,18;6;cc/min;;2;N
2026-07-31 21:17:55;Bloco;1.5;USI102671;OK;3,06;5;cc/min;;2;N
2026-07-31 21:17:55;Water Leak;1.5;MON110212;OK;3,67;6;cc/min;;2;N
2026-07-31 21:18:06;Leak Zero;1.5;MON107840;OK;2,04;3;cc/min;;2;N
2026-07-31 21:20:07;Leak Zero;1.5 Turbo;MON107846;OK;0,49;3;cc/min;;2;N
2026-07-31 21:21:00;Bloco;1.0;USI102719;OK;2,80;5;cc/min;;2;N
2026-07-31 21:21:00;Water Leak;1.0;MON110260;OK;3,37;6;cc/min;;2;N
2026-07-31 21:21:50;Bloco;1.5;USI102716;OK;2,93;5;cc/min;;2;N
2026-07-31 21:21:50;Water Leak;1.5;MON110257;OK;3,51;6;cc/min;;2;N
2026-07-31 21:22:16;Bloco;1.5 Turbo;USI102736;OK;2,28;5;cc/min;;2;N
2026-07-31 21:23:24;Cabeçote;1.5 Turbo;USI105503;OK;2,29;4;cc/min;;2;N
2026-07-31 21:23:24;Leak Zero;1.5 Turbo;MON107868;OK;1,72;3;cc/min;;2;N
2026-07-31 21:24:28;Cabeçote;1.5;USI105500;OK;2,75;4;cc/min;;2;N
2026-07-31 21:24:30;Bloco;1.5 Turbo;USI102701;OK;1,72;5;cc/min;;2;N
2026-07-31 21:24:30;Water Leak;1.5 Turbo;MON110242;OK;2,07;6;cc/min;;2;N
2026-07-31 21:24:33;Leak Zero;1.5 Turbo;MON107887;OK;0,87;3;cc/min;;2;N
2026-07-31 21:24:36;Bloco;1.5;USI102709;OK;0,97;5;cc/min;;2;N
2026-07-31 21:24:36;Water Leak;1.5;MON110250;OK;1,16;6;cc/min;;2;N
2026-07-31 21:24:52;Leak Zero;1.5 Turbo;MON107883;OK;1,03;3;cc/min;;2;N
2026-07-31 21:25:22;Cabeçote;1.0;USI105511;OK;1,95;4;cc/min;;2;N
2026-07-31 21:28:03;Leak Zero;1.5 Turbo;MON107886;OK;1,52;3;cc/min;;2;N
2026-07-31 21:28:56;Bloco;1.5 Turbo;USI102712;OK;3,51;5;cc/min;;2;N
2026-07-31 21:28:56;Water Leak;1.5 Turbo;MON110253;OK;4,21;6;cc/min;;2;N
2026-07-31 21:29:23;Leak Zero;1.5;MON107882;OK;1,08;3;cc/min;;2;N
2026-07-31 21:30:23;Leak Zero;1.5 Turbo;MON107888;OK;0,61;3;cc/min;;2;N
2026-07-31 21:32:12;Bloco;1.5;USI102718;OK;2,60;5;cc/min;;2;N
2026-07-31 21:32:12;Water Leak;1.5;MON110259;OK;3,12;6;cc/min;;2;N
2026-07-31 21:33:49;Cabeçote;1.5 Turbo;USI105515;OK;2,43;4;cc/min;;2;N
2026-07-31 21:34:24;Cabeçote;1.0;USI105442;OK;2,00;4;cc/min;;2;S
2026-07-31 21:34:36;Water Leak;1.5;MON110241;OK;1,84;6;cc/min;;2;N
2026-07-31 21:34:45;Cabeçote;1.0;USI105509;NOK;9,30;4;cc/min;Sede de válvula;2;N
2026-07-31 21:34:45;Leak Zero;1.0;MON107874;OK;1,67;3;cc/min;;2;N
2026-07-31 21:35:07;Cabeçote;1.5;USI105507;OK;2,16;4;cc/min;;2;N
2026-07-31 21:35:07;Leak Zero;1.5;MON107872;OK;1,62;3;cc/min;;2;N
2026-07-31 21:35:23;Cabeçote;1.0;USI105502;OK;0,73;4;cc/min;;2;N
2026-07-31 21:35:23;Leak Zero;1.0;MON107867;OK;0,54;3;cc/min;;2;N
2026-07-31 21:35:51;Leak Zero;1.5;MON107863;OK;1,92;3;cc/min;;2;N
2026-07-31 21:35:55;Leak Zero;1.0;MON107878;OK;1,86;3;cc/min;;2;N
2026-07-31 21:36:15;Cabeçote;1.5;USI105495;OK;2,82;4;cc/min;;2;N
2026-07-31 21:36:16;Cabeçote;1.5;USI105506;OK;2,88;4;cc/min;;2;N
2026-07-31 21:36:16;Leak Zero;1.5;MON107871;OK;2,16;3;cc/min;;2;N
2026-07-31 21:36:50;Bloco;1.0;USI102735;OK;2,09;5;cc/min;;2;N
2026-07-31 21:38:04;Bloco;1.5;USI102739;OK;2,82;5;cc/min;;2;N
2026-07-31 21:39:18;Water Leak;1.5;MON110239;OK;2,43;6;cc/min;;2;N
2026-07-31 21:39:39;Leak Zero;1.5;MON107879;OK;1,51;3;cc/min;;2;N
2026-07-31 21:39:41;Cabeçote;1.0;USI105494;OK;0,91;4;cc/min;;2;N
2026-07-31 21:40:36;Bloco;1.0;USI102742;OK;1,73;5;cc/min;;2;N
2026-07-31 21:43:21;Leak Zero;1.5 Turbo;MON107891;OK;1,90;3;cc/min;;2;N
2026-07-31 21:45:25;Bloco;1.0;USI102708;OK;1,14;5;cc/min;;2;N
2026-07-31 21:45:25;Water Leak;1.0;MON110249;OK;1,37;6;cc/min;;2;N
2026-07-31 21:45:41;Cabeçote;1.0;USI105498;OK;1,23;4;cc/min;;2;N
2026-07-31 21:45:41;Leak Zero;1.0;MON107876;OK;0,61;3;cc/min;;2;N
2026-07-31 21:45:53;Bloco;1.0;USI102728;OK;1,00;5;cc/min;;2;N
2026-07-31 21:45:53;Water Leak;1.0;MON110269;OK;1,20;6;cc/min;;2;N
2026-07-31 21:46:04;Cabeçote;1.0;USI105512;OK;0,90;4;cc/min;;2;N
2026-07-31 21:46:17;Water Leak;1.0;MON110240;OK;3,86;6;cc/min;;2;N
2026-07-31 21:46:58;Cabeçote;1.5;USI105487;OK;2,30;4;cc/min;;2;N
2026-07-31 21:47:01;Leak Zero;1.0;MON107885;OK;0,89;3;cc/min;;2;N
2026-07-31 21:47:19;Leak Zero;1.0;MON107875;OK;1,47;3;cc/min;;2;N
2026-07-31 21:47:56;Cabeçote;1.5;USI105496;OK;2,76;4;cc/min;;2;N
2026-07-31 21:48:14;Leak Zero;1.5;MON107895;OK;1,51;3;cc/min;;2;N
2026-07-31 21:48:20;Bloco;1.0;USI102711;OK;2,98;5;cc/min;;2;N
2026-07-31 21:48:20;Water Leak;1.0;MON110252;OK;3,58;6;cc/min;;2;N
2026-07-31 21:48:32;Bloco;1.5 Turbo;USI102741;OK;3,15;5;cc/min;;2;N
2026-07-31 21:49:25;Bloco;1.5 Turbo;USI102720;OK;3,43;5;cc/min;;2;N
2026-07-31 21:49:25;Water Leak;1.5 Turbo;MON110261;OK;4,12;6;cc/min;;2;N
2026-07-31 21:49:31;Cabeçote;1.0;USI105505;OK;2,09;4;cc/min;;2;N
2026-07-31 21:49:31;Leak Zero;1.0;MON107870;OK;1,57;3;cc/min;;2;N
2026-07-31 21:49:35;Bloco;1.5;USI102702;OK;2,95;5;cc/min;;2;N
2026-07-31 21:49:35;Water Leak;1.5;MON110243;OK;3,54;6;cc/min;;2;N
2026-07-31 21:49:38;Bloco;1.5 Turbo;USI102737;OK;2,89;5;cc/min;;2;N
2026-07-31 21:50:41;Bloco;1.5 Turbo;USI102738;OK;3,71;5;cc/min;;2;N
2026-07-31 21:50:45;Cabeçote;1.5 Turbo;USI105488;OK;2,91;4;cc/min;;2;N
2026-07-31 21:52:02;Leak Zero;1.0;MON107862;OK;1,04;3;cc/min;;2;N
2026-07-31 21:53:11;Bloco;1.5;USI102723;OK;0,96;5;cc/min;;2;N
2026-07-31 21:53:11;Water Leak;1.5;MON110264;OK;1,15;6;cc/min;;2;N
2026-07-31 21:53:35;Bloco;1.0;USI102740;OK;2,89;5;cc/min;;2;N
2026-07-31 21:54:13;Bloco;1.0;USI102732;OK;2,52;5;cc/min;;2;N
2026-07-31 21:54:13;Cabeçote;1.0;USI105484;NOK;8,64;4;cc/min;Guia de válvula;2;N
2026-07-31 21:54:13;Cabeçote;1.5 Turbo;USI105516;OK;1,85;4;cc/min;;2;N
2026-07-31 21:54:13;Cabeçote;1.5;USI105510;OK;1,23;4;cc/min;;2;N
2026-07-31 21:55:28;Cabeçote;1.5 Turbo;USI105514;OK;1,30;4;cc/min;;2;N
2026-07-31 21:55:43;Cabeçote;1.0;USI105504;OK;2,29;4;cc/min;;2;N
2026-07-31 21:55:43;Leak Zero;1.0;MON107869;OK;1,72;3;cc/min;;2;N
2026-07-31 21:55:46;Bloco;1.5 Turbo;USI102744;OK;2,14;5;cc/min;;2;N
2026-07-31 21:55:47;Bloco;1.0;USI102707;OK;2,09;5;cc/min;;2;N
2026-07-31 21:55:47;Bloco;1.0;USI102713;OK;1,91;5;cc/min;;2;N
2026-07-31 21:55:47;Bloco;1.5 Turbo;USI102714;OK;3,15;5;cc/min;;2;N
2026-07-31 21:55:47;Water Leak;1.0;MON110248;OK;2,51;6;cc/min;;2;N
2026-07-31 21:55:47;Water Leak;1.0;MON110254;OK;2,29;6;cc/min;;2;N
2026-07-31 21:55:47;Water Leak;1.5 Turbo;MON110255;OK;3,78;6;cc/min;;2;N
2026-07-31 21:55:51;Bloco;1.0;USI102706;OK;3,40;5;cc/min;;2;N
2026-07-31 21:55:51;Water Leak;1.0;MON110247;OK;4,08;6;cc/min;;2;N
2026-07-31 21:56:07;Cabeçote;1.5 Turbo;USI105497;OK;1,87;4;cc/min;;2;N
2026-07-31 21:56:12;Cabeçote;1.0;USI105485;OK;2,76;4;cc/min;;2;N
2026-07-31 21:56:19;Bloco;1.0;USI102710;OK;1,26;5;cc/min;;2;N
2026-07-31 21:56:19;Water Leak;1.0;MON110251;OK;1,51;6;cc/min;;2;N
2026-07-31 21:56:45;Cabeçote;1.0;USI105509;OK;2,00;4;cc/min;;2;S
2026-07-31 21:57:07;Leak Zero;1.5 Turbo;MON107896;OK;0,65;3;cc/min;;2;N
2026-07-31 21:57:10;Bloco;1.5;USI102715;OK;2,89;5;cc/min;;2;N
2026-07-31 21:57:10;Water Leak;1.5;MON110256;OK;3,47;6;cc/min;;2;N
2026-07-31 22:00:37;Bloco;1.0;USI102743;OK;1,55;5;cc/min;;2;N
2026-07-31 22:01:15;Leak Zero;1.0;MON107897;OK;2,10;3;cc/min;;2;N
2026-07-31 22:01:31;Bloco;1.5 Turbo;USI102745;OK;2,55;5;cc/min;;2;N
2026-07-31 22:01:36;Cabeçote;1.5 Turbo;USI105491;OK;1,36;4;cc/min;;2;N
2026-07-31 22:02:26;Bloco;1.5;USI102726;OK;1,95;5;cc/min;;2;N
2026-07-31 22:02:26;Water Leak;1.5;MON110267;OK;2,33;6;cc/min;;2;N
2026-07-31 22:02:54;Cabeçote;1.5;USI105489;OK;2,37;4;cc/min;;2;N
2026-07-31 22:03:01;Leak Zero;1.0;MON107893;OK;1,54;3;cc/min;;2;N
2026-07-31 22:03:02;Cabeçote;1.5 Turbo;USI105492;OK;2,90;4;cc/min;;2;N
2026-07-31 22:03:25;Bloco;1.5;USI102731;OK;3,03;5;cc/min;;2;N
2026-07-31 22:03:25;Cabeçote;1.5;USI105483;OK;2,43;4;cc/min;;2;N
2026-07-31 22:03:41;Leak Zero;1.5;MON107894;OK;1,16;3;cc/min;;2;N
2026-07-31 22:04:09;Leak Zero;1.0;MON107880;OK;0,86;3;cc/min;;2;N
2026-07-31 22:04:11;Bloco;1.5 Turbo;USI102734;OK;3,37;5;cc/min;;2;N
2026-07-31 22:04:27;Bloco;1.5;USI102717;OK;2,15;5;cc/min;;2;N
2026-07-31 22:04:27;Water Leak;1.5;MON110258;OK;2,58;6;cc/min;;2;N
2026-07-31 22:04:50;Leak Zero;1.5 Turbo;MON107889;OK;1,94;3;cc/min;;2;N
2026-07-31 22:04:54;Leak Zero;1.5 Turbo;MON107881;OK;1,47;3;cc/min;;2;N
2026-07-31 22:06:23;Bloco;1.5 Turbo;USI102733;OK;2,55;5;cc/min;;2;N
2026-07-31 22:07:00;Cabeçote;1.5;USI105513;OK;1,40;4;cc/min;;2;N
2026-07-31 22:08:06;Cabeçote;1.5;USI105493;OK;1,20;4;cc/min;;2;N
2026-07-31 22:08:12;Leak Zero;1.5;MON107892;OK;1,49;3;cc/min;;2;N
2026-07-31 22:09:27;Leak Zero;1.5;MON107877;OK;1,23;3;cc/min;;2;N
2026-07-31 22:10:09;Bloco;1.0;USI102721;OK;3,10;5;cc/min;;2;N
2026-07-31 22:10:09;Water Leak;1.0;MON110262;OK;3,71;6;cc/min;;2;N
2026-07-31 22:11:10;Bloco;1.0;USI102703;OK;2,99;5;cc/min;;2;N
2026-07-31 22:11:10;Water Leak;1.0;MON110244;OK;3,58;6;cc/min;;2;N
2026-07-31 22:11:27;Bloco;1.0;USI102729;OK;3,48;5;cc/min;;2;N
2026-07-31 22:11:27;Cabeçote;1.0;USI105481;OK;2,78;4;cc/min;;2;N
2026-07-31 22:11:27;Water Leak;1.0;MON110270;OK;4,17;6;cc/min;;2;N
2026-07-31 22:11:38;Bloco;1.5;USI102725;OK;1,50;5;cc/min;;2;N
2026-07-31 22:11:38;Water Leak;1.5;MON110266;OK;1,80;6;cc/min;;2;N
2026-07-31 22:12:24;Cabeçote;1.0;USI105501;NOK;11,37;4;cc/min;Guia de válvula;2;N
2026-07-31 22:12:36;Cabeçote;1.5;USI105486;OK;1,11;4;cc/min;;2;N
2026-07-31 22:12:56;Bloco;1.5 Turbo;USI102722;OK;1,45;5;cc/min;;2;N
2026-07-31 22:12:56;Water Leak;1.5 Turbo;MON110263;OK;1,74;6;cc/min;;2;N
2026-07-31 22:12:59;Cabeçote;1.5 Turbo;USI105499;OK;2,79;4;cc/min;;2;N
2026-07-31 22:13:15;Leak Zero;1.0;MON107884;OK;0,74;3;cc/min;;2;N
2026-07-31 22:13:47;Leak Zero;1.5 Turbo;MON107898;OK;0,48;3;cc/min;;2;N
2026-07-31 22:13:54;Leak Zero;1.5 Turbo;MON107865;OK;0,46;3;cc/min;;2;N
2026-07-31 22:14:17;Leak Zero;1.5;MON107861;OK;1,96;3;cc/min;;2;N
2026-07-31 22:14:42;Bloco;1.5;USI102704;OK;1,21;5;cc/min;;2;N
2026-07-31 22:14:42;Water Leak;1.5;MON110245;OK;1,45;6;cc/min;;2;N
2026-07-31 22:14:54;Leak Zero;1.5;MON107864;OK;1,63;3;cc/min;;2;N
2026-07-31 22:14:59;Cabeçote;1.5;USI105508;OK;1,16;4;cc/min;;2;N
2026-07-31 22:14:59;Leak Zero;1.5;MON107873;OK;0,87;3;cc/min;;2;N
2026-07-31 22:15:23;Leak Zero;1.5;MON107890;OK;0,71;3;cc/min;;2;N
2026-07-31 22:15:39;Leak Zero;1.5 Turbo;MON107860;OK;1,11;3;cc/min;;2;N
2026-07-31 22:15:45;Bloco;1.5 Turbo;USI102727;OK;2,51;5;cc/min;;2;N
2026-07-31 22:15:45;Water Leak;1.5 Turbo;MON110268;OK;3,02;6;cc/min;;2;N
2026-07-31 22:16:13;Cabeçote;1.0;USI105484;OK;2,00;4;cc/min;;2;S
2026-07-31 22:17:37;Water Leak;1.5 Turbo;MON110238;OK;2,53;6;cc/min;;2;N
2026-07-31 22:18:06;Bloco;1.5;USI102724;OK;3,40;5;cc/min;;2;N
2026-07-31 22:18:06;Water Leak;1.5;MON110265;OK;4,08;6;cc/min;;2;N
2026-07-31 22:18:15;Leak Zero;1.5;MON107866;OK;0,99;3;cc/min;;2;N
2026-07-31 22:18:16;Bloco;1.5;USI102705;OK;0,98;5;cc/min;;2;N
2026-07-31 22:18:16;Water Leak;1.5;MON110246;OK;1,18;6;cc/min;;2;N
2026-07-31 22:19:28;Cabeçote;1.5;USI105490;OK;1,46;4;cc/min;;2;N
2026-07-31 22:20:07;Bloco;1.5 Turbo;USI102730;OK;0,82;5;cc/min;;2;N
2026-07-31 22:20:07;Cabeçote;1.5 Turbo;USI105482;OK;0,66;4;cc/min;;2;N
2026-07-31 22:20:07;Water Leak;1.5 Turbo;MON110271;OK;0,99;6;cc/min;;2;N
2026-07-31 22:20:29;Water Leak;1.5;MON110290;OK;2,31;6;cc/min;;2;N
2026-07-31 22:21:00;Cabeçote;1.0;USI105530;OK;2,24;4;cc/min;;2;N
2026-07-31 22:21:50;Cabeçote;1.5;USI105527;OK;2,34;4;cc/min;;2;N
2026-07-31 22:22:57;Leak Zero;1.5 Turbo;MON107911;OK;0,95;3;cc/min;;2;N
2026-07-31 22:23:19;Water Leak;1.5 Turbo;MON110292;OK;4,30;6;cc/min;;2;N
2026-07-31 22:23:24;Bloco;1.5 Turbo;USI102752;OK;2,86;5;cc/min;;2;N
2026-07-31 22:24:36;Cabeçote;1.5;USI105520;OK;0,78;4;cc/min;;2;N
2026-07-31 22:24:52;Bloco;1.5 Turbo;USI102767;OK;1,72;5;cc/min;;2;N
2026-07-31 22:28:03;Bloco;1.5 Turbo;USI102770;OK;2,53;5;cc/min;;2;N
2026-07-31 22:28:56;Cabeçote;1.5 Turbo;USI105523;OK;2,81;4;cc/min;;2;N
2026-07-31 22:29:23;Bloco;1.5;USI102766;OK;1,79;5;cc/min;;2;N
2026-07-31 22:30:20;Leak Zero;1.5 Turbo;MON107908;OK;1,47;3;cc/min;;2;N
2026-07-31 22:31:39;Leak Zero;1.5 Turbo;MON107901;OK;1,99;3;cc/min;;2;N
2026-07-31 22:32:12;Cabeçote;1.5;USI105529;OK;2,08;4;cc/min;;2;N
2026-07-31 22:32:44;Water Leak;1.5 Turbo;MON110273;OK;3,20;6;cc/min;;2;N
2026-07-31 22:32:55;Water Leak;1.0;MON110276;OK;2,14;6;cc/min;;2;N
2026-07-31 22:34:24;Cabeçote;1.0;USI105501;OK;2,00;4;cc/min;;2;S
2026-07-31 22:34:45;Bloco;1.0;USI102758;OK;2,79;5;cc/min;;2;N
2026-07-31 22:35:07;Bloco;1.5;USI102756;OK;2,69;5;cc/min;;2;N
2026-07-31 22:35:19;Leak Zero;1.0;MON107920;OK;1,52;3;cc/min;;2;N
2026-07-31 22:35:19;Water Leak;1.0;MON110283;OK;3,04;6;cc/min;;2;N
2026-07-31 22:35:23;Bloco;1.0;USI102751;OK;0,91;5;cc/min;;2;N
2026-07-31 22:35:51;Bloco;1.5;USI102747;OK;3,19;5;cc/min;;2;N
2026-07-31 22:35:55;Bloco;1.0;USI102762;OK;3,09;5;cc/min;;2;N
2026-07-31 22:36:16;Bloco;1.5;USI102755;OK;3,60;5;cc/min;;2;N
2026-07-31 22:38:07;Water Leak;1.5;MON110291;OK;1,73;6;cc/min;;2;N
2026-07-31 22:39:39;Bloco;1.5;USI102763;OK;2,52;5;cc/min;;2;N
2026-07-31 22:39:43;Water Leak;1.5 Turbo;MON110287;OK;3,07;6;cc/min;;2;N
2026-07-31 22:40:49;Leak Zero;1.5;MON107913;OK;1,33;3;cc/min;;3;N
2026-07-31 22:42:04;Water Leak;1.5;MON110285;OK;2,49;6;cc/min;;3;N
2026-07-31 22:42:45;Leak Zero;1.0;MON107902;OK;1,72;3;cc/min;;3;N
2026-07-31 22:43:11;Leak Zero;1.5 Turbo;MON107916;OK;1,45;3;cc/min;;3;N
2026-07-31 22:45:25;Cabeçote;1.0;USI105519;OK;0,92;4;cc/min;;3;N
2026-07-31 22:45:41;Bloco;1.0;USI102760;OK;1,01;5;cc/min;;3;N
2026-07-31 22:45:53;Cabeçote;1.0;USI105539;OK;0,80;4;cc/min;;3;N
2026-07-31 22:47:01;Bloco;1.0;USI102769;OK;1,49;5;cc/min;;3;N
2026-07-31 22:47:19;Bloco;1.0;USI102759;OK;2,45;5;cc/min;;3;N
2026-07-31 22:48:20;Cabeçote;1.0;USI105522;OK;2,39;4;cc/min;;3;N
2026-07-31 22:49:25;Cabeçote;1.5 Turbo;USI105531;OK;2,74;4;cc/min;;3;N
2026-07-31 22:49:31;Bloco;1.0;USI102754;OK;2,62;5;cc/min;;3;N
2026-07-31 22:50:59;Leak Zero;1.5;MON107921;OK;1,69;3;cc/min;;3;N
2026-07-31 22:50:59;Water Leak;1.5;MON110284;OK;3,38;6;cc/min;;3;N
2026-07-31 22:51:00;Leak Zero;1.5 Turbo;MON107915;OK;0,99;3;cc/min;;3;N
2026-07-31 22:52:02;Bloco;1.0;USI102746;OK;1,73;5;cc/min;;3;N
2026-07-31 22:53:06;Leak Zero;1.5;MON107912;OK;0,51;3;cc/min;;3;N
2026-07-31 22:53:11;Cabeçote;1.5;USI105534;OK;0,76;4;cc/min;;3;N
2026-07-31 22:54:37;Leak Zero;1.5;MON107903;OK;2,12;3;cc/min;;3;N
2026-07-31 22:54:55;Leak Zero;1.0;MON107919;OK;1,66;3;cc/min;;3;N
2026-07-31 22:54:55;Water Leak;1.0;MON110282;OK;3,33;6;cc/min;;3;N
2026-07-31 22:55:43;Bloco;1.0;USI102753;OK;2,86;5;cc/min;;3;N
2026-07-31 22:55:47;Cabeçote;1.0;USI105518;OK;1,67;4;cc/min;;3;N
2026-07-31 22:55:47;Cabeçote;1.0;USI105524;OK;1,53;4;cc/min;;3;N
2026-07-31 22:55:47;Cabeçote;1.5 Turbo;USI105525;OK;2,52;4;cc/min;;3;N
2026-07-31 22:55:51;Cabeçote;1.0;USI105517;OK;2,72;4;cc/min;;3;N
2026-07-31 22:56:19;Cabeçote;1.0;USI105521;OK;1,01;4;cc/min;;3;N
2026-07-31 22:56:53;Leak Zero;1.5;MON107904;OK;1,22;3;cc/min;;3;N
2026-07-31 22:57:10;Cabeçote;1.5;USI105526;OK;2,31;4;cc/min;;3;N
2026-07-31 22:58:32;Leak Zero;1.5;MON107910;OK;1,77;3;cc/min;;3;N
2026-07-31 22:59:27;Water Leak;1.5;MON110272;OK;4,36;6;cc/min;;3;N
2026-07-31 22:59:35;Water Leak;1.5 Turbo;MON110289;OK;4,44;6;cc/min;;3;N
2026-07-31 23:02:26;Cabeçote;1.5;USI105537;OK;1,56;4;cc/min;;3;N
2026-07-31 23:02:26;Water Leak;1.5 Turbo;MON110293;OK;1,84;6;cc/min;;3;N
2026-07-31 23:02:26;Water Leak;1.5 Turbo;MON110294;OK;1,26;6;cc/min;;3;N
2026-07-31 23:02:37;Water Leak;1.5;MON110277;OK;3,88;6;cc/min;;3;N
2026-07-31 23:02:57;Leak Zero;1.5 Turbo;MON107917;OK;1,30;3;cc/min;;3;N
2026-07-31 23:02:57;Water Leak;1.5 Turbo;MON110280;OK;2,60;6;cc/min;;3;N
2026-07-31 23:03:21;Leak Zero;1.5 Turbo;MON107906;OK;2,25;3;cc/min;;3;N
2026-07-31 23:03:56;Leak Zero;1.5 Turbo;MON107918;OK;1,06;3;cc/min;;3;N
2026-07-31 23:03:56;Water Leak;1.5 Turbo;MON110281;OK;2,13;6;cc/min;;3;N
2026-07-31 23:04:09;Bloco;1.0;USI102764;OK;1,43;5;cc/min;;3;N
2026-07-31 23:04:11;Water Leak;1.5 Turbo;MON110274;OK;1,07;6;cc/min;;3;N
2026-07-31 23:04:19;Water Leak;1.0;MON110279;NOK;10,74;6;cc/min;Carcaça do termostato;3;N
2026-07-31 23:04:27;Cabeçote;1.5;USI105528;OK;1,72;4;cc/min;;3;N
2026-07-31 23:04:54;Bloco;1.5 Turbo;USI102765;OK;2,45;5;cc/min;;3;N
2026-07-31 23:06:29;Leak Zero;1.0;MON107899;OK;1,44;3;cc/min;;3;N
2026-07-31 23:09:04;Water Leak;1.0;MON110288;OK;3,26;6;cc/min;;3;N
2026-07-31 23:09:27;Bloco;1.5;USI102761;OK;2,04;5;cc/min;;3;N
2026-07-31 23:09:52;Leak Zero;1.5 Turbo;MON107914;OK;1,37;3;cc/min;;3;N
2026-07-31 23:10:09;Cabeçote;1.0;USI105532;OK;2,48;4;cc/min;;3;N
2026-07-31 23:10:32;Water Leak;1.5;MON110286;OK;1,56;6;cc/min;;3;N
2026-07-31 23:11:38;Cabeçote;1.5;USI105536;OK;1,20;4;cc/min;;3;N
2026-07-31 23:11:43;Leak Zero;1.0;MON107907;OK;1,75;3;cc/min;;3;N
2026-07-31 23:11:52;Leak Zero;1.0;MON107905;OK;1,99;3;cc/min;;3;N
2026-07-31 23:12:56;Cabeçote;1.5 Turbo;USI105533;OK;1,16;4;cc/min;;3;N
2026-07-31 23:13:15;Bloco;1.0;USI102768;OK;1,23;5;cc/min;;3;N
2026-07-31 23:13:54;Bloco;1.5 Turbo;USI102749;OK;0,77;5;cc/min;;3;N
2026-07-31 23:14:09;Leak Zero;1.0;MON107900;OK;2,19;3;cc/min;;3;N
2026-07-31 23:14:11;Water Leak;1.0;MON110275;OK;2,88;6;cc/min;;3;N
2026-07-31 23:14:54;Bloco;1.5;USI102748;OK;2,72;5;cc/min;;3;N
2026-07-31 23:14:59;Bloco;1.5;USI102757;OK;1,45;5;cc/min;;3;N
2026-07-31 23:15:45;Cabeçote;1.5 Turbo;USI105538;OK;2,01;4;cc/min;;3;N
2026-07-31 23:17:51;Water Leak;1.5;MON110278;OK;2,75;6;cc/min;;3;N
2026-07-31 23:17:55;Leak Zero;1.5;MON107909;OK;1,84;3;cc/min;;3;N
2026-07-31 23:18:06;Cabeçote;1.5;USI105535;OK;2,72;4;cc/min;;3;N
2026-07-31 23:18:15;Bloco;1.5;USI102750;OK;1,65;5;cc/min;;3;N
2026-07-31 23:26:19;Water Leak;1.0;MON110279;OK;3,00;6;cc/min;;3;S
